,match_id,date,round,home_team,home_id,away_team,away_id,status,finished,season
0,5795363,2026-08-21,1,Arsenal,9825,Coventry City,8669,True,True,2026/2027
1,5795364,2026-08-22,1,Hull City,8667,Manchester United,10260,True,True,2026/2027
2,5795365,2026-08-22,1,Everton,8668,Crystal Palace,9826,True,True,2026/2027
3,5795366,2026-08-22,1,Ipswich Town,9902,Sunderland,8472,True,True,2026/2027
4,5795367,2026-08-22,1,Nottingham Forest,10203,Leeds United,8463,True,True,2026/2027
5,5795368,2026-08-22,1,Brentford,9937,Tottenham Hotspur,8586,True,True,2026/2027
6,5795369,2026-08-23,1,Brighton & Hove Albion,10204,Aston Villa,10252,True,True,2026/2027
7,5795370,2026-08-23,1,Manchester City,8456,AFC Bournemouth,8678,True,True,2026/2027
8,5795371,2026-08-23,1,Newcastle United,10261,Liverpool,8650,True,True,2026/2027
9,5795372,2026-08-24,1,Fulham,9879,Chelsea,8455,True,True,2026/2027
10,5795429,2026-08-28,2,Crystal Palace,9826,Manchester City,8456,False,False,2026/2027
11,5795431,2026-08-29,2,Liverpool,8650,Nottingham Forest,10203,False,False,2026/2027
12,5795425,2026-08-29,2,AFC Bournemouth,8678,Everton,8668,False,False,2026/2027
13,5795428,2026-08-29,2,Coventry City,8669,Hull City,8667,False,False,2026/2027
14,5795434,2026-08-29,2,Tottenham Hotspur,8586,Newcastle United,10261,False,False,2026/2027
15,5795427,2026-08-30,2,Chelsea,8455,Brighton & Hove Albion,10204,False,False,2026/2027
16,5795430,2026-08-30,2,Leeds United,8463,Brentford,9937,False,False,2026/2027
17,5795433,2026-08-30,2,Sunderland,8472,Fulham,9879,False,False,2026/2027
18,5795432,2026-08-30,2,Manchester United,10260,Ipswich Town,9902,False,False,2026/2027
19,5795426,2026-08-31,2,Aston Villa,10252,Arsenal,9825,False,False,2026/2027
20,5795441,2026-09-04,3,Ipswich Town,9902,Liverpool,8650,False,False,2026/2027
21,5795443,2026-09-05,3,Newcastle United,10261,AFC Bournemouth,8678,False,False,2026/2027
22,5795436,2026-09-05,3,Brentford,9937,Sunderland,8472,False,False,2026/2027
23,5795437,2026-09-05,3,Brighton & Hove Albion,10204,Leeds United,8463,False,False,2026/2027
24,5795439,2026-09-05,3,Fulham,9879,Crystal Palace,9826,False,False,2026/2027
25,5795442,2026-09-05,3,Manchester City,8456,Coventry City,8669,False,False,2026/2027
26,5795444,2026-09-05,3,Nottingham Forest,10203,Tottenham Hotspur,8586,False,False,2026/2027
27,5795440,2026-09-05,3,Hull City,8667,Aston Villa,10252,False,False,2026/2027
28,5795438,2026-09-06,3,Everton,8668,Manchester United,10260,False,False,2026/2027
29,5795435,2026-09-06,3,Arsenal,9825,Chelsea,8455,False,False,2026/2027
30,5795445,2026-09-12,4,AFC Bournemouth,8678,Brentford,9937,False,False,2026/2027
31,5795446,2026-09-12,4,Aston Villa,10252,Nottingham Forest,10203,False,False,2026/2027
32,5795447,2026-09-12,4,Chelsea,8455,Hull City,8667,False,False,2026/2027
33,5795449,2026-09-12,4,Crystal Palace,9826,Ipswich Town,9902,False,False,2026/2027
34,5795451,2026-09-12,4,Liverpool,8650,Fulham,9879,False,False,2026/2027
35,5795454,2026-09-12,4,Tottenham Hotspur,8586,Everton,8668,False,False,2026/2027
36,5795453,2026-09-12,4,Sunderland,8472,Arsenal,9825,False,False,2026/2027
37,5795448,2026-09-13,4,Coventry City,8669,Brighton & Hove Albion,10204,False,False,2026/2027
38,5795452,2026-09-13,4,Manchester United,10260,Manchester City,8456,False,False,2026/2027
39,5795450,2026-09-14,4,Leeds United,8463,Newcastle United,10261,False,False,2026/2027
40,5795456,2026-09-18,5,Brentford,9937,Chelsea,8455,False,False,2026/2027
41,5795464,2026-09-19,5,Tottenham Hotspur,8586,Aston Villa,10252,False,False,2026/2027
42,5795457,2026-09-19,5,Brighton & Hove Albion,10204,Arsenal,9825,False,False,2026/2027
43,5795458,2026-09-19,5,Everton,8668,Ipswich Town,9902,False,False,2026/2027
44,5795460,2026-09-19,5,Leeds United,8463,Crystal Palace,9826,False,False,2026/2027
45,5795461,2026-09-19,5,Manchester City,8456,Sunderland,8472,False,False,2026/2027
46,5795462,2026-09-19,5,Newcastle United,10261,Hull City,8667,False,False,2026/2027
47,5795463,2026-09-19,5,Nottingham Forest,10203,Coventry City,8669,False,False,2026/2027
48,5795455,2026-09-20,5,AFC Bournemouth,8678,Liverpool,8650,False,False,2026/2027
49,5795459,2026-09-20,5,Fulham,9879,Manchester United,10260,False,False,2026/2027
50,5795465,2026-10-10,6,Arsenal,9825,Leeds United,8463,False,False,2026/2027
51,5795466,2026-10-10,6,Aston Villa,10252,Brentford,9937,False,False,2026/2027
52,5795467,2026-10-10,6,Chelsea,8455,AFC Bournemouth,8678,False,False,2026/2027
53,5795471,2026-10-10,6,Ipswich Town,9902,Fulham,9879,False,False,2026/2027
54,5795474,2026-10-10,6,Sunderland,8472,Brighton & Hove Albion,10204,False,False,2026/2027
55,5795473,2026-10-10,6,Manchester United,10260,Tottenham Hotspur,8586,False,False,2026/2027
56,5795469,2026-10-11,6,Crystal Palace,9826,Nottingham Forest,10203,False,False,2026/2027
57,5795470,2026-10-11,6,Hull City,8667,Everton,8668,False,False,2026/2027
58,5795472,2026-10-11,6,Liverpool,8650,Manchester City,8456,False,False,2026/2027
59,5795468,2026-10-12,6,Coventry City,8669,Newcastle United,10261,False,False,2026/2027
60,5795478,2026-10-17,7,Everton,8668,Chelsea,8455,False,False,2026/2027
61,5795476,2026-10-17,7,Brentford,9937,Liverpool,8650,False,False,2026/2027
62,5795479,2026-10-17,7,Fulham,9879,Hull City,8667,False,False,2026/2027
63,5795481,2026-10-17,7,Manchester City,8456,Ipswich Town,9902,False,False,2026/2027
64,5795482,2026-10-17,7,Newcastle United,10261,Aston Villa,10252,False,False,2026/2027
65,5795475,2026-10-18,7,AFC Bournemouth,8678,Sunderland,8472,False,False,2026/2027
66,5795477,2026-10-18,7,Brighton & Hove Albion,10204,Crystal Palace,9826,False,False,2026/2027
67,5795480,2026-10-18,7,Leeds United,8463,Manchester United,10260,False,False,2026/2027
68,5795483,2026-10-18,7,Nottingham Forest,10203,Arsenal,9825,False,False,2026/2027
69,5795484,2026-10-19,7,Tottenham Hotspur,8586,Coventry City,8669,False,False,2026/2027
70,5795491,2026-10-23,8,Ipswich Town,9902,Nottingham Forest,10203,False,False,2026/2027
71,5795486,2026-10-24,8,Aston Villa,10252,Manchester City,8456,False,False,2026/2027
72,5795485,2026-10-24,8,Arsenal,9825,Everton,8668,False,False,2026/2027
73,5795488,2026-10-24,8,Coventry City,8669,Fulham,9879,False,False,2026/2027
74,5795492,2026-10-24,8,Liverpool,8650,Brighton & Hove Albion,10204,False,False,2026/2027
75,5795487,2026-10-24,8,Chelsea,8455,Tottenham Hotspur,8586,False,False,2026/2027
76,5795489,2026-10-25,8,Crystal Palace,9826,Newcastle United,10261,False,False,2026/2027
77,5795490,2026-10-25,8,Hull City,8667,Brentford,9937,False,False,2026/2027
78,5795493,2026-10-25,8,Manchester United,10260,AFC Bournemouth,8678,False,False,2026/2027
79,5795494,2026-10-25,8,Sunderland,8472,Leeds United,8463,False,False,2026/2027
80,5795498,2026-10-31,9,Chelsea,8455,Manchester United,10260,False,False,2026/2027
81,5795495,2026-10-31,9,AFC Bournemouth,8678,Leeds United,8463,False,False,2026/2027
82,5795497,2026-10-31,9,Brentford,9937,Nottingham Forest,10203,False,False,2026/2027
83,5795499,2026-10-31,9,Coventry City,8669,Sunderland,8472,False,False,2026/2027
84,5795500,2026-10-31,9,Hull City,8667,Ipswich Town,9902,False,False,2026/2027
85,5795502,2026-10-31,9,Manchester City,8456,Brighton & Hove Albion,10204,False,False,2026/2027
86,5795504,2026-10-31,9,Tottenham Hotspur,8586,Crystal Palace,9826,False,False,2026/2027
87,5795496,2026-11-01,9,Aston Villa,10252,Fulham,9879,False,False,2026/2027
88,5795501,2026-11-01,9,Liverpool,8650,Arsenal,9825,False,False,2026/2027
89,5795503,2026-11-02,9,Newcastle United,10261,Everton,8668,False,False,2026/2027
90,5795505,2026-11-07,10,Arsenal,9825,Hull City,8667,False,False,2026/2027
91,5795506,2026-11-07,10,Brighton & Hove Albion,10204,Brentford,9937,False,False,2026/2027
92,5795507,2026-11-07,10,Crystal Palace,9826,Liverpool,8650,False,False,2026/2027
93,5795508,2026-11-07,10,Everton,8668,Coventry City,8669,False,False,2026/2027
94,5795509,2026-11-07,10,Fulham,9879,Newcastle United,10261,False,False,2026/2027
95,5795510,2026-11-07,10,Ipswich Town,9902,AFC Bournemouth,8678,False,False,2026/2027
96,5795511,2026-11-07,10,Leeds United,8463,Tottenham Hotspur,8586,False,False,2026/2027
97,5795512,2026-11-07,10,Manchester United,10260,Aston Villa,10252,False,False,2026/2027
98,5795513,2026-11-07,10,Nottingham Forest,10203,Manchester City,8456,False,False,2026/2027
99,5795514,2026-11-07,10,Sunderland,8472,Chelsea,8455,False,False,2026/2027
100,5795515,2026-11-21,11,AFC Bournemouth,8678,Nottingham Forest,10203,False,False,2026/2027
101,5795516,2026-11-21,11,Aston Villa,10252,Sunderland,8472,False,False,2026/2027
102,5795517,2026-11-21,11,Brentford,9937,Everton,8668,False,False,2026/2027
103,5795518,2026-11-21,11,Chelsea,8455,Leeds United,8463,False,False,2026/2027
104,5795519,2026-11-21,11,Coventry City,8669,Crystal Palace,9826,False,False,2026/2027
105,5795520,2026-11-21,11,Hull City,8667,Brighton & Hove Albion,10204,False,False,2026/2027
106,5795521,2026-11-21,11,Liverpool,8650,Manchester United,10260,False,False,2026/2027
107,5795522,2026-11-21,11,Manchester City,8456,Fulham,9879,False,False,2026/2027
108,5795523,2026-11-21,11,Newcastle United,10261,Arsenal,9825,False,False,2026/2027
109,5795524,2026-11-21,11,Tottenham Hotspur,8586,Ipswich Town,9902,False,False,2026/2027
110,5795525,2026-11-28,12,Arsenal,9825,Manchester City,8456,False,False,2026/2027
111,5795526,2026-11-28,12,Brighton & Hove Albion,10204,Newcastle United,10261,False,False,2026/2027
112,5795527,2026-11-28,12,Crystal Palace,9826,Hull City,8667,False,False,2026/2027
113,5795528,2026-11-28,12,Everton,8668,Liverpool,8650,False,False,2026/2027
114,5795529,2026-11-28,12,Fulham,9879,AFC Bournemouth,8678,False,False,2026/2027
115,5795530,2026-11-28,12,Ipswich Town,9902,Aston Villa,10252,False,False,2026/2027
116,5795531,2026-11-28,12,Leeds United,8463,Coventry City,8669,False,False,2026/2027
117,5795532,2026-11-28,12,Manchester United,10260,Brentford,9937,False,False,2026/2027
118,5795533,2026-11-28,12,Nottingham Forest,10203,Chelsea,8455,False,False,2026/2027
119,5795534,2026-11-28,12,Sunderland,8472,Tottenham Hotspur,8586,False,False,2026/2027
120,5795535,2026-12-02,13,AFC Bournemouth,8678,Brighton & Hove Albion,10204,False,False,2026/2027
121,5795536,2026-12-02,13,Aston Villa,10252,Everton,8668,False,False,2026/2027
122,5795537,2026-12-02,13,Brentford,9937,Arsenal,9825,False,False,2026/2027
123,5795538,2026-12-02,13,Chelsea,8455,Crystal Palace,9826,False,False,2026/2027
124,5795539,2026-12-02,13,Coventry City,8669,Ipswich Town,9902,False,False,2026/2027
125,5795540,2026-12-02,13,Hull City,8667,Nottingham Forest,10203,False,False,2026/2027
126,5795541,2026-12-02,13,Liverpool,8650,Sunderland,8472,False,False,2026/2027
127,5795542,2026-12-02,13,Manchester City,8456,Leeds United,8463,False,False,2026/2027
128,5795543,2026-12-02,13,Newcastle United,10261,Manchester United,10260,False,False,2026/2027
129,5795544,2026-12-02,13,Tottenham Hotspur,8586,Fulham,9879,False,False,2026/2027
130,5795545,2026-12-05,14,AFC Bournemouth,8678,Hull City,8667,False,False,2026/2027
131,5795546,2026-12-05,14,Aston Villa,10252,Crystal Palace,9826,False,False,2026/2027
132,5795547,2026-12-05,14,Brentford,9937,Manchester City,8456,False,False,2026/2027
133,5795548,2026-12-05,14,Chelsea,8455,Liverpool,8650,False,False,2026/2027
134,5795549,2026-12-05,14,Everton,8668,Fulham,9879,False,False,2026/2027
135,5795550,2026-12-05,14,Leeds United,8463,Ipswich Town,9902,False,False,2026/2027
136,5795551,2026-12-05,14,Manchester United,10260,Coventry City,8669,False,False,2026/2027
137,5795552,2026-12-05,14,Newcastle United,10261,Sunderland,8472,False,False,2026/2027
138,5795553,2026-12-05,14,Nottingham Forest,10203,Brighton & Hove Albion,10204,False,False,2026/2027
139,5795554,2026-12-05,14,Tottenham Hotspur,8586,Arsenal,9825,False,False,2026/2027
140,5795555,2026-12-12,15,Arsenal,9825,AFC Bournemouth,8678,False,False,2026/2027
141,5795556,2026-12-12,15,Brighton & Hove Albion,10204,Everton,8668,False,False,2026/2027
142,5795557,2026-12-12,15,Coventry City,8669,Aston Villa,10252,False,False,2026/2027
143,5795558,2026-12-12,15,Crystal Palace,9826,Manchester United,10260,False,False,2026/2027
144,5795559,2026-12-12,15,Fulham,9879,Brentford,9937,False,False,2026/2027
145,5795560,2026-12-12,15,Hull City,8667,Tottenham Hotspur,8586,False,False,2026/2027
146,5795561,2026-12-12,15,Ipswich Town,9902,Newcastle United,10261,False,False,2026/2027
147,5795562,2026-12-12,15,Liverpool,8650,Leeds United,8463,False,False,2026/2027
148,5795563,2026-12-12,15,Manchester City,8456,Chelsea,8455,False,False,2026/2027
149,5795564,2026-12-12,15,Sunderland,8472,Nottingham Forest,10203,False,False,2026/2027
150,5795565,2026-12-19,16,AFC Bournemouth,8678,Coventry City,8669,False,False,2026/2027
151,5795566,2026-12-19,16,Arsenal,9825,Manchester United,10260,False,False,2026/2027
152,5795567,2026-12-19,16,Brentford,9937,Newcastle United,10261,False,False,2026/2027
153,5795568,2026-12-19,16,Brighton & Hove Albion,10204,Ipswich Town,9902,False,False,2026/2027
154,5795569,2026-12-19,16,Chelsea,8455,Aston Villa,10252,False,False,2026/2027
155,5795570,2026-12-19,16,Leeds United,8463,Fulham,9879,False,False,2026/2027
156,5795571,2026-12-19,16,Liverpool,8650,Tottenham Hotspur,8586,False,False,2026/2027
157,5795572,2026-12-19,16,Manchester City,8456,Hull City,8667,False,False,2026/2027
158,5795573,2026-12-19,16,Nottingham Forest,10203,Everton,8668,False,False,2026/2027
159,5795574,2026-12-19,16,Sunderland,8472,Crystal Palace,9826,False,False,2026/2027
160,5795575,2026-12-26,17,Aston Villa,10252,Leeds United,8463,False,False,2026/2027
161,5795576,2026-12-26,17,Coventry City,8669,Chelsea,8455,False,False,2026/2027
162,5795577,2026-12-26,17,Crystal Palace,9826,Arsenal,9825,False,False,2026/2027
163,5795578,2026-12-26,17,Everton,8668,Sunderland,8472,False,False,2026/2027
164,5795579,2026-12-26,17,Fulham,9879,Brighton & Hove Albion,10204,False,False,2026/2027
165,5795580,2026-12-26,17,Hull City,8667,Liverpool,8650,False,False,2026/2027
166,5795581,2026-12-26,17,Ipswich Town,9902,Brentford,9937,False,False,2026/2027
167,5795582,2026-12-26,17,Manchester United,10260,Nottingham Forest,10203,False,False,2026/2027
168,5795583,2026-12-26,17,Newcastle United,10261,Manchester City,8456,False,False,2026/2027
169,5795584,2026-12-26,17,Tottenham Hotspur,8586,AFC Bournemouth,8678,False,False,2026/2027
170,5795585,2026-12-30,18,Aston Villa,10252,Liverpool,8650,False,False,2026/2027
171,5795586,2026-12-30,18,Coventry City,8669,Brentford,9937,False,False,2026/2027
172,5795587,2026-12-30,18,Crystal Palace,9826,AFC Bournemouth,8678,False,False,2026/2027
173,5795588,2026-12-30,18,Everton,8668,Manchester City,8456,False,False,2026/2027
174,5795589,2026-12-30,18,Fulham,9879,Arsenal,9825,False,False,2026/2027
175,5795590,2026-12-30,18,Hull City,8667,Leeds United,8463,False,False,2026/2027
176,5795591,2026-12-30,18,Ipswich Town,9902,Chelsea,8455,False,False,2026/2027
177,5795592,2026-12-30,18,Manchester United,10260,Sunderland,8472,False,False,2026/2027
178,5795593,2026-12-30,18,Newcastle United,10261,Nottingham Forest,10203,False,False,2026/2027
179,5795594,2026-12-30,18,Tottenham Hotspur,8586,Brighton & Hove Albion,10204,False,False,2026/2027
180,5795595,2027-01-02,19,AFC Bournemouth,8678,Aston Villa,10252,False,False,2026/2027
181,5795596,2027-01-02,19,Arsenal,9825,Ipswich Town,9902,False,False,2026/2027
182,5795597,2027-01-02,19,Brentford,9937,Crystal Palace,9826,False,False,2026/2027
183,5795598,2027-01-02,19,Brighton & Hove Albion,10204,Manchester United,10260,False,False,2026/2027
184,5795599,2027-01-02,19,Chelsea,8455,Newcastle United,10261,False,False,2026/2027
185,5795600,2027-01-02,19,Leeds United,8463,Everton,8668,False,False,2026/2027
186,5795601,2027-01-02,19,Liverpool,8650,Coventry City,8669,False,False,2026/2027
187,5795602,2027-01-02,19,Manchester City,8456,Tottenham Hotspur,8586,False,False,2026/2027
188,5795603,2027-01-02,19,Nottingham Forest,10203,Fulham,9879,False,False,2026/2027
189,5795604,2027-01-02,19,Sunderland,8472,Hull City,8667,False,False,2026/2027
190,5795605,2027-01-06,20,Arsenal,9825,Brentford,9937,False,False,2026/2027
191,5795606,2027-01-06,20,Brighton & Hove Albion,10204,AFC Bournemouth,8678,False,False,2026/2027
192,5795607,2027-01-06,20,Crystal Palace,9826,Chelsea,8455,False,False,2026/2027
193,5795608,2027-01-06,20,Everton,8668,Aston Villa,10252,False,False,2026/2027
194,5795609,2027-01-06,20,Fulham,9879,Tottenham Hotspur,8586,False,False,2026/2027
195,5795610,2027-01-06,20,Ipswich Town,9902,Coventry City,8669,False,False,2026/2027
196,5795611,2027-01-06,20,Leeds United,8463,Manchester City,8456,False,False,2026/2027
197,5795612,2027-01-06,20,Manchester United,10260,Newcastle United,10261,False,False,2026/2027
198,5795613,2027-01-06,20,Nottingham Forest,10203,Hull City,8667,False,False,2026/2027
199,5795614,2027-01-06,20,Sunderland,8472,Liverpool,8650,False,False,2026/2027
200,5795615,2027-01-16,21,AFC Bournemouth,8678,Ipswich Town,9902,False,False,2026/2027
201,5795616,2027-01-16,21,Aston Villa,10252,Manchester United,10260,False,False,2026/2027
202,5795617,2027-01-16,21,Brentford,9937,Brighton & Hove Albion,10204,False,False,2026/2027
203,5795618,2027-01-16,21,Chelsea,8455,Sunderland,8472,False,False,2026/2027
204,5795619,2027-01-16,21,Coventry City,8669,Everton,8668,False,False,2026/2027
205,5795620,2027-01-16,21,Hull City,8667,Arsenal,9825,False,False,2026/2027
206,5795621,2027-01-16,21,Liverpool,8650,Crystal Palace,9826,False,False,2026/2027
207,5795622,2027-01-16,21,Manchester City,8456,Nottingham Forest,10203,False,False,2026/2027
208,5795623,2027-01-16,21,Newcastle United,10261,Fulham,9879,False,False,2026/2027
209,5795624,2027-01-16,21,Tottenham Hotspur,8586,Leeds United,8463,False,False,2026/2027
210,5795625,2027-01-23,22,Arsenal,9825,Newcastle United,10261,False,False,2026/2027
211,5795626,2027-01-23,22,Brighton & Hove Albion,10204,Manchester City,8456,False,False,2026/2027
212,5795627,2027-01-23,22,Crystal Palace,9826,Tottenham Hotspur,8586,False,False,2026/2027
213,5795628,2027-01-23,22,Everton,8668,Brentford,9937,False,False,2026/2027
214,5795629,2027-01-23,22,Fulham,9879,Aston Villa,10252,False,False,2026/2027
215,5795630,2027-01-23,22,Ipswich Town,9902,Hull City,8667,False,False,2026/2027
216,5795631,2027-01-23,22,Leeds United,8463,Chelsea,8455,False,False,2026/2027
217,5795632,2027-01-23,22,Manchester United,10260,Liverpool,8650,False,False,2026/2027
218,5795633,2027-01-23,22,Nottingham Forest,10203,AFC Bournemouth,8678,False,False,2026/2027
219,5795634,2027-01-23,22,Sunderland,8472,Coventry City,8669,False,False,2026/2027
220,5795635,2027-01-30,23,AFC Bournemouth,8678,Fulham,9879,False,False,2026/2027
221,5795636,2027-01-30,23,Aston Villa,10252,Ipswich Town,9902,False,False,2026/2027
222,5795637,2027-01-30,23,Brentford,9937,Manchester United,10260,False,False,2026/2027
223,5795638,2027-01-30,23,Chelsea,8455,Nottingham Forest,10203,False,False,2026/2027
224,5795639,2027-01-30,23,Coventry City,8669,Leeds United,8463,False,False,2026/2027
225,5795640,2027-01-30,23,Hull City,8667,Crystal Palace,9826,False,False,2026/2027
226,5795641,2027-01-30,23,Liverpool,8650,Everton,8668,False,False,2026/2027
227,5795642,2027-01-30,23,Manchester City,8456,Arsenal,9825,False,False,2026/2027
228,5795643,2027-01-30,23,Newcastle United,10261,Brighton & Hove Albion,10204,False,False,2026/2027
229,5795644,2027-01-30,23,Tottenham Hotspur,8586,Sunderland,8472,False,False,2026/2027
230,5795645,2027-02-06,24,Arsenal,9825,Liverpool,8650,False,False,2026/2027
231,5795646,2027-02-06,24,Brighton & Hove Albion,10204,Hull City,8667,False,False,2026/2027
232,5795647,2027-02-06,24,Crystal Palace,9826,Coventry City,8669,False,False,2026/2027
233,5795648,2027-02-06,24,Everton,8668,Newcastle United,10261,False,False,2026/2027
234,5795649,2027-02-06,24,Fulham,9879,Manchester City,8456,False,False,2026/2027
235,5795650,2027-02-06,24,Ipswich Town,9902,Tottenham Hotspur,8586,False,False,2026/2027
236,5795651,2027-02-06,24,Leeds United,8463,AFC Bournemouth,8678,False,False,2026/2027
237,5795652,2027-02-06,24,Manchester United,10260,Chelsea,8455,False,False,2026/2027
238,5795653,2027-02-06,24,Nottingham Forest,10203,Brentford,9937,False,False,2026/2027
239,5795654,2027-02-06,24,Sunderland,8472,Aston Villa,10252,False,False,2026/2027
240,5795655,2027-02-10,25,Aston Villa,10252,AFC Bournemouth,8678,False,False,2026/2027
241,5795656,2027-02-10,25,Coventry City,8669,Liverpool,8650,False,False,2026/2027
242,5795657,2027-02-10,25,Crystal Palace,9826,Brentford,9937,False,False,2026/2027
243,5795658,2027-02-10,25,Everton,8668,Leeds United,8463,False,False,2026/2027
244,5795659,2027-02-10,25,Fulham,9879,Nottingham Forest,10203,False,False,2026/2027
245,5795660,2027-02-10,25,Hull City,8667,Sunderland,8472,False,False,2026/2027
246,5795661,2027-02-10,25,Ipswich Town,9902,Arsenal,9825,False,False,2026/2027
247,5795662,2027-02-10,25,Manchester United,10260,Brighton & Hove Albion,10204,False,False,2026/2027
248,5795663,2027-02-10,25,Newcastle United,10261,Chelsea,8455,False,False,2026/2027
249,5795664,2027-02-10,25,Tottenham Hotspur,8586,Manchester City,8456,False,False,2026/2027
250,5795665,2027-02-20,26,AFC Bournemouth,8678,Crystal Palace,9826,False,False,2026/2027
251,5795666,2027-02-20,26,Arsenal,9825,Fulham,9879,False,False,2026/2027
252,5795667,2027-02-20,26,Brentford,9937,Coventry City,8669,False,False,2026/2027
253,5795668,2027-02-20,26,Brighton & Hove Albion,10204,Tottenham Hotspur,8586,False,False,2026/2027
254,5795669,2027-02-20,26,Chelsea,8455,Ipswich Town,9902,False,False,2026/2027
255,5795670,2027-02-20,26,Leeds United,8463,Aston Villa,10252,False,False,2026/2027
256,5795671,2027-02-20,26,Liverpool,8650,Hull City,8667,False,False,2026/2027
257,5795672,2027-02-20,26,Manchester City,8456,Newcastle United,10261,False,False,2026/2027
258,5795673,2027-02-20,26,Nottingham Forest,10203,Manchester United,10260,False,False,2026/2027
259,5795674,2027-02-20,26,Sunderland,8472,Everton,8668,False,False,2026/2027
260,5795675,2027-02-27,27,Aston Villa,10252,Chelsea,8455,False,False,2026/2027
261,5795676,2027-02-27,27,Coventry City,8669,AFC Bournemouth,8678,False,False,2026/2027
262,5795677,2027-02-27,27,Crystal Palace,9826,Sunderland,8472,False,False,2026/2027
263,5795678,2027-02-27,27,Everton,8668,Nottingham Forest,10203,False,False,2026/2027
264,5795679,2027-02-27,27,Fulham,9879,Leeds United,8463,False,False,2026/2027
265,5795680,2027-02-27,27,Hull City,8667,Manchester City,8456,False,False,2026/2027
266,5795681,2027-02-27,27,Ipswich Town,9902,Brighton & Hove Albion,10204,False,False,2026/2027
267,5795682,2027-02-27,27,Manchester United,10260,Arsenal,9825,False,False,2026/2027
268,5795683,2027-02-27,27,Newcastle United,10261,Brentford,9937,False,False,2026/2027
269,5795684,2027-02-27,27,Tottenham Hotspur,8586,Liverpool,8650,False,False,2026/2027
270,5795685,2027-03-03,28,AFC Bournemouth,8678,Tottenham Hotspur,8586,False,False,2026/2027
271,5795686,2027-03-03,28,Arsenal,9825,Crystal Palace,9826,False,False,2026/2027
272,5795687,2027-03-03,28,Brentford,9937,Ipswich Town,9902,False,False,2026/2027
273,5795688,2027-03-03,28,Brighton & Hove Albion,10204,Fulham,9879,False,False,2026/2027
274,5795689,2027-03-03,28,Chelsea,8455,Coventry City,8669,False,False,2026/2027
275,5795690,2027-03-03,28,Leeds United,8463,Hull City,8667,False,False,2026/2027
276,5795691,2027-03-03,28,Liverpool,8650,Aston Villa,10252,False,False,2026/2027
277,5795692,2027-03-03,28,Manchester City,8456,Everton,8668,False,False,2026/2027
278,5795693,2027-03-03,28,Nottingham Forest,10203,Newcastle United,10261,False,False,2026/2027
279,5795694,2027-03-03,28,Sunderland,8472,Manchester United,10260,False,False,2026/2027
280,5795695,2027-03-13,29,AFC Bournemouth,8678,Newcastle United,10261,False,False,2026/2027
281,5795696,2027-03-13,29,Aston Villa,10252,Hull City,8667,False,False,2026/2027
282,5795697,2027-03-13,29,Chelsea,8455,Arsenal,9825,False,False,2026/2027
283,5795698,2027-03-13,29,Coventry City,8669,Manchester City,8456,False,False,2026/2027
284,5795699,2027-03-13,29,Crystal Palace,9826,Fulham,9879,False,False,2026/2027
285,5795700,2027-03-13,29,Leeds United,8463,Brighton & Hove Albion,10204,False,False,2026/2027
286,5795701,2027-03-13,29,Liverpool,8650,Ipswich Town,9902,False,False,2026/2027
287,5795702,2027-03-13,29,Manchester United,10260,Everton,8668,False,False,2026/2027
288,5795703,2027-03-13,29,Sunderland,8472,Brentford,9937,False,False,2026/2027
289,5795704,2027-03-13,29,Tottenham Hotspur,8586,Nottingham Forest,10203,False,False,2026/2027
290,5795705,2027-03-20,30,Arsenal,9825,Sunderland,8472,False,False,2026/2027
291,5795706,2027-03-20,30,Brentford,9937,AFC Bournemouth,8678,False,False,2026/2027
292,5795707,2027-03-20,30,Brighton & Hove Albion,10204,Coventry City,8669,False,False,2026/2027
293,5795708,2027-03-20,30,Everton,8668,Tottenham Hotspur,8586,False,False,2026/2027
294,5795709,2027-03-20,30,Fulham,9879,Liverpool,8650,False,False,2026/2027
295,5795710,2027-03-20,30,Hull City,8667,Chelsea,8455,False,False,2026/2027
296,5795711,2027-03-20,30,Ipswich Town,9902,Crystal Palace,9826,False,False,2026/2027
297,5795712,2027-03-20,30,Manchester City,8456,Manchester United,10260,False,False,2026/2027
298,5795713,2027-03-20,30,Newcastle United,10261,Leeds United,8463,False,False,2026/2027
299,5795714,2027-03-20,30,Nottingham Forest,10203,Aston Villa,10252,False,False,2026/2027
300,5795715,2027-04-10,31,AFC Bournemouth,8678,Manchester City,8456,False,False,2026/2027
301,5795716,2027-04-10,31,Aston Villa,10252,Brighton & Hove Albion,10204,False,False,2026/2027
302,5795717,2027-04-10,31,Chelsea,8455,Fulham,9879,False,False,2026/2027
303,5795718,2027-04-10,31,Coventry City,8669,Arsenal,9825,False,False,2026/2027
304,5795719,2027-04-10,31,Crystal Palace,9826,Everton,8668,False,False,2026/2027
305,5795720,2027-04-10,31,Leeds United,8463,Nottingham Forest,10203,False,False,2026/2027
306,5795721,2027-04-10,31,Liverpool,8650,Newcastle United,10261,False,False,2026/2027
307,5795722,2027-04-10,31,Manchester United,10260,Hull City,8667,False,False,2026/2027
308,5795723,2027-04-10,31,Sunderland,8472,Ipswich Town,9902,False,False,2026/2027
309,5795724,2027-04-10,31,Tottenham Hotspur,8586,Brentford,9937,False,False,2026/2027
310,5795725,2027-04-17,32,Arsenal,9825,Aston Villa,10252,False,False,2026/2027
311,5795726,2027-04-17,32,Brentford,9937,Leeds United,8463,False,False,2026/2027
312,5795727,2027-04-17,32,Brighton & Hove Albion,10204,Chelsea,8455,False,False,2026/2027
313,5795728,2027-04-17,32,Everton,8668,AFC Bournemouth,8678,False,False,2026/2027
314,5795729,2027-04-17,32,Fulham,9879,Sunderland,8472,False,False,2026/2027
315,5795730,2027-04-17,32,Hull City,8667,Coventry City,8669,False,False,2026/2027
316,5795731,2027-04-17,32,Ipswich Town,9902,Manchester United,10260,False,False,2026/2027
317,5795732,2027-04-17,32,Manchester City,8456,Crystal Palace,9826,False,False,2026/2027
318,5795733,2027-04-17,32,Newcastle United,10261,Tottenham Hotspur,8586,False,False,2026/2027
319,5795734,2027-04-17,32,Nottingham Forest,10203,Liverpool,8650,False,False,2026/2027
320,5795735,2027-04-24,33,AFC Bournemouth,8678,Arsenal,9825,False,False,2026/2027
321,5795736,2027-04-24,33,Aston Villa,10252,Coventry City,8669,False,False,2026/2027
322,5795737,2027-04-24,33,Brentford,9937,Fulham,9879,False,False,2026/2027
323,5795738,2027-04-24,33,Chelsea,8455,Manchester City,8456,False,False,2026/2027
324,5795739,2027-04-24,33,Everton,8668,Brighton & Hove Albion,10204,False,False,2026/2027
325,5795740,2027-04-24,33,Leeds United,8463,Liverpool,8650,False,False,2026/2027
326,5795741,2027-04-24,33,Manchester United,10260,Crystal Palace,9826,False,False,2026/2027
327,5795742,2027-04-24,33,Newcastle United,10261,Ipswich Town,9902,False,False,2026/2027
328,5795743,2027-04-24,33,Nottingham Forest,10203,Sunderland,8472,False,False,2026/2027
329,5795744,2027-04-24,33,Tottenham Hotspur,8586,Hull City,8667,False,False,2026/2027
330,5795745,2027-05-01,34,Arsenal,9825,Tottenham Hotspur,8586,False,False,2026/2027
331,5795746,2027-05-01,34,Brighton & Hove Albion,10204,Nottingham Forest,10203,False,False,2026/2027
332,5795747,2027-05-01,34,Coventry City,8669,Manchester United,10260,False,False,2026/2027
333,5795748,2027-05-01,34,Crystal Palace,9826,Aston Villa,10252,False,False,2026/2027
334,5795749,2027-05-01,34,Fulham,9879,Everton,8668,False,False,2026/2027
335,5795750,2027-05-01,34,Hull City,8667,AFC Bournemouth,8678,False,False,2026/2027
336,5795751,2027-05-01,34,Ipswich Town,9902,Leeds United,8463,False,False,2026/2027
337,5795752,2027-05-01,34,Liverpool,8650,Chelsea,8455,False,False,2026/2027
338,5795753,2027-05-01,34,Manchester City,8456,Brentford,9937,False,False,2026/2027
339,5795754,2027-05-01,34,Sunderland,8472,Newcastle United,10261,False,False,2026/2027
340,5795755,2027-05-08,35,AFC Bournemouth,8678,Manchester United,10260,False,False,2026/2027
341,5795756,2027-05-08,35,Brentford,9937,Aston Villa,10252,False,False,2026/2027
342,5795757,2027-05-08,35,Brighton & Hove Albion,10204,Sunderland,8472,False,False,2026/2027
343,5795771,2027-05-08,35,Everton,8668,Hull City,8667,False,False,2026/2027
344,5795772,2027-05-08,35,Fulham,9879,Ipswich Town,9902,False,False,2026/2027
345,5795773,2027-05-08,35,Leeds United,8463,Arsenal,9825,False,False,2026/2027
346,5795774,2027-05-08,35,Manchester City,8456,Liverpool,8650,False,False,2026/2027
347,5795775,2027-05-08,35,Newcastle United,10261,Coventry City,8669,False,False,2026/2027
348,5795776,2027-05-08,35,Nottingham Forest,10203,Crystal Palace,9826,False,False,2026/2027
349,5795777,2027-05-08,35,Tottenham Hotspur,8586,Chelsea,8455,False,False,2026/2027
350,5795778,2027-05-15,36,Arsenal,9825,Nottingham Forest,10203,False,False,2026/2027
351,5795779,2027-05-15,36,Aston Villa,10252,Newcastle United,10261,False,False,2026/2027
352,5795780,2027-05-15,36,Chelsea,8455,Everton,8668,False,False,2026/2027
353,5795781,2027-05-15,36,Coventry City,8669,Tottenham Hotspur,8586,False,False,2026/2027
354,5795782,2027-05-15,36,Crystal Palace,9826,Brighton & Hove Albion,10204,False,False,2026/2027
355,5795783,2027-05-15,36,Hull City,8667,Fulham,9879,False,False,2026/2027
356,5795784,2027-05-15,36,Ipswich Town,9902,Manchester City,8456,False,False,2026/2027
357,5795785,2027-05-15,36,Liverpool,8650,Brentford,9937,False,False,2026/2027
358,5795786,2027-05-15,36,Manchester United,10260,Leeds United,8463,False,False,2026/2027
359,5795787,2027-05-15,36,Sunderland,8472,AFC Bournemouth,8678,False,False,2026/2027
360,5795788,2027-05-23,37,AFC Bournemouth,8678,Chelsea,8455,False,False,2026/2027
361,5795789,2027-05-23,37,Brentford,9937,Hull City,8667,False,False,2026/2027
362,5795790,2027-05-23,37,Brighton & Hove Albion,10204,Liverpool,8650,False,False,2026/2027
363,5795791,2027-05-23,37,Everton,8668,Arsenal,9825,False,False,2026/2027
364,5795792,2027-05-23,37,Fulham,9879,Coventry City,8669,False,False,2026/2027
365,5795793,2027-05-23,37,Leeds United,8463,Sunderland,8472,False,False,2026/2027
366,5795794,2027-05-23,37,Manchester City,8456,Aston Villa,10252,False,False,2026/2027
367,5795795,2027-05-23,37,Newcastle United,10261,Crystal Palace,9826,False,False,2026/2027
368,5795796,2027-05-23,37,Nottingham Forest,10203,Ipswich Town,9902,False,False,2026/2027
369,5795797,2027-05-23,37,Tottenham Hotspur,8586,Manchester United,10260,False,False,2026/2027
370,5795798,2027-05-30,38,Arsenal,9825,Brighton & Hove Albion,10204,False,False,2026/2027
371,5795799,2027-05-30,38,Aston Villa,10252,Tottenham Hotspur,8586,False,False,2026/2027
372,5795800,2027-05-30,38,Chelsea,8455,Brentford,9937,False,False,2026/2027
373,5795801,2027-05-30,38,Coventry City,8669,Nottingham Forest,10203,False,False,2026/2027
374,5795802,2027-05-30,38,Crystal Palace,9826,Leeds United,8463,False,False,2026/2027
375,5795803,2027-05-30,38,Hull City,8667,Newcastle United,10261,False,False,2026/2027
376,5795804,2027-05-30,38,Ipswich Town,9902,Everton,8668,False,False,2026/2027
377,5795805,2027-05-30,38,Liverpool,8650,AFC Bournemouth,8678,False,False,2026/2027
378,5795806,2027-05-30,38,Manchester United,10260,Fulham,9879,False,False,2026/2027
379,5795807,2027-05-30,38,Sunderland,8472,Manchester City,8456,False,False,2026/2027
380,4813374,2025-08-15,1,Liverpool,8650,AFC Bournemouth,8678,True,True,2025/2026
381,4813375,2025-08-16,1,Aston Villa,10252,Newcastle United,10261,True,True,2025/2026
382,4813376,2025-08-16,1,Brighton & Hove Albion,10204,Fulham,9879,True,True,2025/2026
383,4813378,2025-08-16,1,Sunderland,8472,West Ham United,8654,True,True,2025/2026
384,4813379,2025-08-16,1,Tottenham Hotspur,8586,Burnley,8191,True,True,2025/2026
385,4813380,2025-08-16,1,Wolverhampton Wanderers,8602,Manchester City,8456,True,True,2025/2026
386,4813381,2025-08-17,1,Chelsea,8455,Crystal Palace,9826,True,True,2025/2026
387,4813377,2025-08-17,1,Nottingham Forest,10203,Brentford,9937,True,True,2025/2026
388,4813382,2025-08-17,1,Manchester United,10260,Arsenal,9825,True,True,2025/2026
389,4813383,2025-08-18,1,Leeds United,8463,Everton,8668,True,True,2025/2026
390,4813394,2025-08-22,2,West Ham United,8654,Chelsea,8455,True,True,2025/2026
391,4813392,2025-08-23,2,Manchester City,8456,Tottenham Hotspur,8586,True,True,2025/2026
392,4813385,2025-08-23,2,AFC Bournemouth,8678,Wolverhampton Wanderers,8602,True,True,2025/2026
393,4813387,2025-08-23,2,Brentford,9937,Aston Villa,10252,True,True,2025/2026
394,4813388,2025-08-23,2,Burnley,8191,Sunderland,8472,True,True,2025/2026
395,4813386,2025-08-23,2,Arsenal,9825,Leeds United,8463,True,True,2025/2026
396,4813389,2025-08-24,2,Crystal Palace,9826,Nottingham Forest,10203,True,True,2025/2026
397,4813390,2025-08-24,2,Everton,8668,Brighton & Hove Albion,10204,True,True,2025/2026
398,4813391,2025-08-24,2,Fulham,9879,Manchester United,10260,True,True,2025/2026
399,4813393,2025-08-25,2,Newcastle United,10261,Liverpool,8650,True,True,2025/2026
400,4813397,2025-08-30,3,Chelsea,8455,Fulham,9879,True,True,2025/2026
401,4813400,2025-08-30,3,Manchester United,10260,Burnley,8191,True,True,2025/2026
402,4813402,2025-08-30,3,Sunderland,8472,Brentford,9937,True,True,2025/2026
403,4813403,2025-08-30,3,Tottenham Hotspur,8586,AFC Bournemouth,8678,True,True,2025/2026
404,4813404,2025-08-30,3,Wolverhampton Wanderers,8602,Everton,8668,True,True,2025/2026
405,4813398,2025-08-30,3,Leeds United,8463,Newcastle United,10261,True,True,2025/2026
406,4813396,2025-08-31,3,Brighton & Hove Albion,10204,Manchester City,8456,True,True,2025/2026
407,4813401,2025-08-31,3,Nottingham Forest,10203,West Ham United,8654,True,True,2025/2026
408,4813399,2025-08-31,3,Liverpool,8650,Arsenal,9825,True,True,2025/2026
409,4813395,2025-08-31,3,Aston Villa,10252,Crystal Palace,9826,True,True,2025/2026
410,4813406,2025-09-13,4,Arsenal,9825,Nottingham Forest,10203,True,True,2025/2026
411,4813405,2025-09-13,4,AFC Bournemouth,8678,Brighton & Hove Albion,10204,True,True,2025/2026
412,4813409,2025-09-13,4,Crystal Palace,9826,Sunderland,8472,True,True,2025/2026
413,4813410,2025-09-13,4,Everton,8668,Aston Villa,10252,True,True,2025/2026
414,4813411,2025-09-13,4,Fulham,9879,Leeds United,8463,True,True,2025/2026
415,4813413,2025-09-13,4,Newcastle United,10261,Wolverhampton Wanderers,8602,True,True,2025/2026
416,4813414,2025-09-13,4,West Ham United,8654,Tottenham Hotspur,8586,True,True,2025/2026
417,4813407,2025-09-13,4,Brentford,9937,Chelsea,8455,True,True,2025/2026
418,4813408,2025-09-14,4,Burnley,8191,Liverpool,8650,True,True,2025/2026
419,4813412,2025-09-14,4,Manchester City,8456,Manchester United,10260,True,True,2025/2026
420,4813420,2025-09-20,5,Liverpool,8650,Everton,8668,True,True,2025/2026
421,4813417,2025-09-20,5,Brighton & Hove Albion,10204,Tottenham Hotspur,8586,True,True,2025/2026
422,4813418,2025-09-20,5,Burnley,8191,Nottingham Forest,10203,True,True,2025/2026
423,4813423,2025-09-20,5,West Ham United,8654,Crystal Palace,9826,True,True,2025/2026
424,4813424,2025-09-20,5,Wolverhampton Wanderers,8602,Leeds United,8463,True,True,2025/2026
425,4813421,2025-09-20,5,Manchester United,10260,Chelsea,8455,True,True,2025/2026
426,4813419,2025-09-20,5,Fulham,9879,Brentford,9937,True,True,2025/2026
427,4813415,2025-09-21,5,AFC Bournemouth,8678,Newcastle United,10261,True,True,2025/2026
428,4813422,2025-09-21,5,Sunderland,8472,Aston Villa,10252,True,True,2025/2026
429,4813416,2025-09-21,5,Arsenal,9825,Manchester City,8456,True,True,2025/2026
430,4813426,2025-09-27,6,Brentford,9937,Manchester United,10260,True,True,2025/2026
431,4813427,2025-09-27,6,Chelsea,8455,Brighton & Hove Albion,10204,True,True,2025/2026
432,4813428,2025-09-27,6,Crystal Palace,9826,Liverpool,8650,True,True,2025/2026
433,4813430,2025-09-27,6,Leeds United,8463,AFC Bournemouth,8678,True,True,2025/2026
434,4813431,2025-09-27,6,Manchester City,8456,Burnley,8191,True,True,2025/2026
435,4813433,2025-09-27,6,Nottingham Forest,10203,Sunderland,8472,True,True,2025/2026
436,4813434,2025-09-27,6,Tottenham Hotspur,8586,Wolverhampton Wanderers,8602,True,True,2025/2026
437,4813425,2025-09-28,6,Aston Villa,10252,Fulham,9879,True,True,2025/2026
438,4813432,2025-09-28,6,Newcastle United,10261,Arsenal,9825,True,True,2025/2026
439,4813429,2025-09-29,6,Everton,8668,West Ham United,8654,True,True,2025/2026
440,4813435,2025-10-03,7,AFC Bournemouth,8678,Fulham,9879,True,True,2025/2026
441,4813441,2025-10-04,7,Leeds United,8463,Tottenham Hotspur,8586,True,True,2025/2026
442,4813436,2025-10-04,7,Arsenal,9825,West Ham United,8654,True,True,2025/2026
443,4813442,2025-10-04,7,Manchester United,10260,Sunderland,8472,True,True,2025/2026
444,4813439,2025-10-04,7,Chelsea,8455,Liverpool,8650,True,True,2025/2026
445,4813437,2025-10-05,7,Aston Villa,10252,Burnley,8191,True,True,2025/2026
446,4813440,2025-10-05,7,Everton,8668,Crystal Palace,9826,True,True,2025/2026
447,4813443,2025-10-05,7,Newcastle United,10261,Nottingham Forest,10203,True,True,2025/2026
448,4813444,2025-10-05,7,Wolverhampton Wanderers,8602,Brighton & Hove Albion,10204,True,True,2025/2026
449,4813438,2025-10-05,7,Brentford,9937,Manchester City,8456,True,True,2025/2026
450,4813451,2025-10-18,8,Nottingham Forest,10203,Chelsea,8455,True,True,2025/2026
451,4813445,2025-10-18,8,Brighton & Hove Albion,10204,Newcastle United,10261,True,True,2025/2026
452,4813446,2025-10-18,8,Burnley,8191,Leeds United,8463,True,True,2025/2026
453,4813447,2025-10-18,8,Crystal Palace,9826,AFC Bournemouth,8678,True,True,2025/2026
454,4813450,2025-10-18,8,Manchester City,8456,Everton,8668,True,True,2025/2026
455,4813452,2025-10-18,8,Sunderland,8472,Wolverhampton Wanderers,8602,True,True,2025/2026
456,4813448,2025-10-18,8,Fulham,9879,Arsenal,9825,True,True,2025/2026
457,4813453,2025-10-19,8,Tottenham Hotspur,8586,Aston Villa,10252,True,True,2025/2026
458,4813449,2025-10-19,8,Liverpool,8650,Manchester United,10260,True,True,2025/2026
459,4813454,2025-10-20,8,West Ham United,8654,Brentford,9937,True,True,2025/2026
460,4813461,2025-10-24,9,Leeds United,8463,West Ham United,8654,True,True,2025/2026
461,4813459,2025-10-25,9,Chelsea,8455,Sunderland,8472,True,True,2025/2026
462,4813463,2025-10-25,9,Newcastle United,10261,Fulham,9879,True,True,2025/2026
463,4813462,2025-10-25,9,Manchester United,10260,Brighton & Hove Albion,10204,True,True,2025/2026
464,4813458,2025-10-25,9,Brentford,9937,Liverpool,8650,True,True,2025/2026
465,4813455,2025-10-26,9,AFC Bournemouth,8678,Nottingham Forest,10203,True,True,2025/2026
466,4813456,2025-10-26,9,Arsenal,9825,Crystal Palace,9826,True,True,2025/2026
467,4813457,2025-10-26,9,Aston Villa,10252,Manchester City,8456,True,True,2025/2026
468,4813464,2025-10-26,9,Wolverhampton Wanderers,8602,Burnley,8191,True,True,2025/2026
469,4813460,2025-10-26,9,Everton,8668,Tottenham Hotspur,8586,True,True,2025/2026
470,4813465,2025-11-01,10,Brighton & Hove Albion,10204,Leeds United,8463,True,True,2025/2026
471,4813466,2025-11-01,10,Burnley,8191,Arsenal,9825,True,True,2025/2026
472,4813467,2025-11-01,10,Crystal Palace,9826,Brentford,9937,True,True,2025/2026
473,4813468,2025-11-01,10,Fulham,9879,Wolverhampton Wanderers,8602,True,True,2025/2026
474,4813471,2025-11-01,10,Nottingham Forest,10203,Manchester United,10260,True,True,2025/2026
475,4813473,2025-11-01,10,Tottenham Hotspur,8586,Chelsea,8455,True,True,2025/2026
476,4813469,2025-11-01,10,Liverpool,8650,Aston Villa,10252,True,True,2025/2026
477,4813474,2025-11-02,10,West Ham United,8654,Newcastle United,10261,True,True,2025/2026
478,4813470,2025-11-02,10,Manchester City,8456,AFC Bournemouth,8678,True,True,2025/2026
479,4813472,2025-11-03,10,Sunderland,8472,Everton,8668,True,True,2025/2026
480,4813483,2025-11-08,11,Tottenham Hotspur,8586,Manchester United,10260,True,True,2025/2026
481,4813479,2025-11-08,11,Everton,8668,Fulham,9879,True,True,2025/2026
482,4813484,2025-11-08,11,West Ham United,8654,Burnley,8191,True,True,2025/2026
483,4813482,2025-11-08,11,Sunderland,8472,Arsenal,9825,True,True,2025/2026
484,4813477,2025-11-08,11,Chelsea,8455,Wolverhampton Wanderers,8602,True,True,2025/2026
485,4813475,2025-11-09,11,Aston Villa,10252,AFC Bournemouth,8678,True,True,2025/2026
486,4813476,2025-11-09,11,Brentford,9937,Newcastle United,10261,True,True,2025/2026
487,4813478,2025-11-09,11,Crystal Palace,9826,Brighton & Hove Albion,10204,True,True,2025/2026
488,4813481,2025-11-09,11,Nottingham Forest,10203,Leeds United,8463,True,True,2025/2026
489,4813480,2025-11-09,11,Manchester City,8456,Liverpool,8650,True,True,2025/2026
490,4813488,2025-11-22,12,Burnley,8191,Chelsea,8455,True,True,2025/2026
491,4813485,2025-11-22,12,AFC Bournemouth,8678,West Ham United,8654,True,True,2025/2026
492,4813487,2025-11-22,12,Brighton & Hove Albion,10204,Brentford,9937,True,True,2025/2026
493,4813489,2025-11-22,12,Fulham,9879,Sunderland,8472,True,True,2025/2026
494,4813491,2025-11-22,12,Liverpool,8650,Nottingham Forest,10203,True,True,2025/2026
495,4813494,2025-11-22,12,Wolverhampton Wanderers,8602,Crystal Palace,9826,True,True,2025/2026
496,4813493,2025-11-22,12,Newcastle United,10261,Manchester City,8456,True,True,2025/2026
497,4813490,2025-11-23,12,Leeds United,8463,Aston Villa,10252,True,True,2025/2026
498,4813486,2025-11-23,12,Arsenal,9825,Tottenham Hotspur,8586,True,True,2025/2026
499,4813492,2025-11-24,12,Manchester United,10260,Everton,8668,True,True,2025/2026
500,4813496,2025-11-29,13,Brentford,9937,Burnley,8191,True,True,2025/2026
501,4813500,2025-11-29,13,Manchester City,8456,Leeds United,8463,True,True,2025/2026
502,4813502,2025-11-29,13,Sunderland,8472,AFC Bournemouth,8678,True,True,2025/2026
503,4813499,2025-11-29,13,Everton,8668,Newcastle United,10261,True,True,2025/2026
504,4813503,2025-11-29,13,Tottenham Hotspur,8586,Fulham,9879,True,True,2025/2026
505,4813498,2025-11-30,13,Crystal Palace,9826,Manchester United,10260,True,True,2025/2026
506,4813495,2025-11-30,13,Aston Villa,10252,Wolverhampton Wanderers,8602,True,True,2025/2026
507,4813501,2025-11-30,13,Nottingham Forest,10203,Brighton & Hove Albion,10204,True,True,2025/2026
508,4813504,2025-11-30,13,West Ham United,8654,Liverpool,8650,True,True,2025/2026
509,4813497,2025-11-30,13,Chelsea,8455,Arsenal,9825,True,True,2025/2026
510,4813505,2025-12-02,14,AFC Bournemouth,8678,Everton,8668,True,True,2025/2026
511,4813509,2025-12-02,14,Fulham,9879,Manchester City,8456,True,True,2025/2026
512,4813513,2025-12-02,14,Newcastle United,10261,Tottenham Hotspur,8586,True,True,2025/2026
513,4813506,2025-12-03,14,Arsenal,9825,Brentford,9937,True,True,2025/2026
514,4813507,2025-12-03,14,Brighton & Hove Albion,10204,Aston Villa,10252,True,True,2025/2026
515,4813508,2025-12-03,14,Burnley,8191,Crystal Palace,9826,True,True,2025/2026
516,4813514,2025-12-03,14,Wolverhampton Wanderers,8602,Nottingham Forest,10203,True,True,2025/2026
517,4813510,2025-12-03,14,Leeds United,8463,Chelsea,8455,True,True,2025/2026
518,4813511,2025-12-03,14,Liverpool,8650,Sunderland,8472,True,True,2025/2026
519,4813512,2025-12-04,14,Manchester United,10260,West Ham United,8654,True,True,2025/2026
520,4813516,2025-12-06,15,Aston Villa,10252,Arsenal,9825,True,True,2025/2026
521,4813515,2025-12-06,15,AFC Bournemouth,8678,Chelsea,8455,True,True,2025/2026
522,4813518,2025-12-06,15,Everton,8668,Nottingham Forest,10203,True,True,2025/2026
523,4813521,2025-12-06,15,Manchester City,8456,Sunderland,8472,True,True,2025/2026
524,4813522,2025-12-06,15,Newcastle United,10261,Burnley,8191,True,True,2025/2026
525,4813523,2025-12-06,15,Tottenham Hotspur,8586,Brentford,9937,True,True,2025/2026
526,4813520,2025-12-06,15,Leeds United,8463,Liverpool,8650,True,True,2025/2026
527,4813517,2025-12-07,15,Brighton & Hove Albion,10204,West Ham United,8654,True,True,2025/2026
528,4813519,2025-12-07,15,Fulham,9879,Crystal Palace,9826,True,True,2025/2026
529,4813524,2025-12-08,15,Wolverhampton Wanderers,8602,Manchester United,10260,True,True,2025/2026
530,4813528,2025-12-13,16,Chelsea,8455,Everton,8668,True,True,2025/2026
531,4813530,2025-12-13,16,Liverpool,8650,Brighton & Hove Albion,10204,True,True,2025/2026
532,4813527,2025-12-13,16,Burnley,8191,Fulham,9879,True,True,2025/2026
533,4813525,2025-12-13,16,Arsenal,9825,Wolverhampton Wanderers,8602,True,True,2025/2026
534,4813529,2025-12-14,16,Crystal Palace,9826,Manchester City,8456,True,True,2025/2026
535,4813532,2025-12-14,16,Nottingham Forest,10203,Tottenham Hotspur,8586,True,True,2025/2026
536,4813533,2025-12-14,16,Sunderland,8472,Newcastle United,10261,True,True,2025/2026
537,4813534,2025-12-14,16,West Ham United,8654,Aston Villa,10252,True,True,2025/2026
538,4813526,2025-12-14,16,Brentford,9937,Leeds United,8463,True,True,2025/2026
539,4813531,2025-12-15,16,Manchester United,10260,AFC Bournemouth,8678,True,True,2025/2026
540,4813542,2025-12-20,17,Newcastle United,10261,Chelsea,8455,True,True,2025/2026
541,4813535,2025-12-20,17,AFC Bournemouth,8678,Burnley,8191,True,True,2025/2026
542,4813537,2025-12-20,17,Brighton & Hove Albion,10204,Sunderland,8472,True,True,2025/2026
543,4813541,2025-12-20,17,Manchester City,8456,West Ham United,8654,True,True,2025/2026
544,4813544,2025-12-20,17,Wolverhampton Wanderers,8602,Brentford,9937,True,True,2025/2026
545,4813543,2025-12-20,17,Tottenham Hotspur,8586,Liverpool,8650,True,True,2025/2026
546,4813538,2025-12-20,17,Everton,8668,Arsenal,9825,True,True,2025/2026
547,4813540,2025-12-20,17,Leeds United,8463,Crystal Palace,9826,True,True,2025/2026
548,4813536,2025-12-21,17,Aston Villa,10252,Manchester United,10260,True,True,2025/2026
549,4813539,2025-12-22,17,Fulham,9879,Nottingham Forest,10203,True,True,2025/2026
550,4813551,2025-12-26,18,Manchester United,10260,Newcastle United,10261,True,True,2025/2026
551,4813552,2025-12-27,18,Nottingham Forest,10203,Manchester City,8456,True,True,2025/2026
552,4813545,2025-12-27,18,Arsenal,9825,Brighton & Hove Albion,10204,True,True,2025/2026
553,4813546,2025-12-27,18,Brentford,9937,AFC Bournemouth,8678,True,True,2025/2026
554,4813547,2025-12-27,18,Burnley,8191,Everton,8668,True,True,2025/2026
555,4813550,2025-12-27,18,Liverpool,8650,Wolverhampton Wanderers,8602,True,True,2025/2026
556,4813554,2025-12-27,18,West Ham United,8654,Fulham,9879,True,True,2025/2026
557,4813548,2025-12-27,18,Chelsea,8455,Aston Villa,10252,True,True,2025/2026
558,4813553,2025-12-28,18,Sunderland,8472,Leeds United,8463,True,True,2025/2026
559,4813549,2025-12-28,18,Crystal Palace,9826,Tottenham Hotspur,8586,True,True,2025/2026
560,4813557,2025-12-30,19,Burnley,8191,Newcastle United,10261,True,True,2025/2026
561,4813558,2025-12-30,19,Chelsea,8455,AFC Bournemouth,8678,True,True,2025/2026
562,4813562,2025-12-30,19,Nottingham Forest,10203,Everton,8668,True,True,2025/2026
563,4813564,2025-12-30,19,West Ham United,8654,Brighton & Hove Albion,10204,True,True,2025/2026
564,4813555,2025-12-30,19,Arsenal,9825,Aston Villa,10252,True,True,2025/2026
565,4813561,2025-12-30,19,Manchester United,10260,Wolverhampton Wanderers,8602,True,True,2025/2026
566,4813559,2026-01-01,19,Crystal Palace,9826,Fulham,9879,True,True,2025/2026
567,4813560,2026-01-01,19,Liverpool,8650,Leeds United,8463,True,True,2025/2026
568,4813556,2026-01-01,19,Brentford,9937,Tottenham Hotspur,8586,True,True,2025/2026
569,4813563,2026-01-01,19,Sunderland,8472,Manchester City,8456,True,True,2025/2026
570,4813566,2026-01-03,20,Aston Villa,10252,Nottingham Forest,10203,True,True,2025/2026
571,4813567,2026-01-03,20,Brighton & Hove Albion,10204,Burnley,8191,True,True,2025/2026
572,4813574,2026-01-03,20,Wolverhampton Wanderers,8602,West Ham United,8654,True,True,2025/2026
573,4813565,2026-01-03,20,AFC Bournemouth,8678,Arsenal,9825,True,True,2025/2026
574,4813570,2026-01-04,20,Leeds United,8463,Manchester United,10260,True,True,2025/2026
575,4813568,2026-01-04,20,Everton,8668,Brentford,9937,True,True,2025/2026
576,4813572,2026-01-04,20,Newcastle United,10261,Crystal Palace,9826,True,True,2025/2026
577,4813573,2026-01-04,20,Tottenham Hotspur,8586,Sunderland,8472,True,True,2025/2026
578,4813569,2026-01-04,20,Fulham,9879,Liverpool,8650,True,True,2025/2026
579,4813571,2026-01-04,20,Manchester City,8456,Chelsea,8455,True,True,2025/2026
580,4813584,2026-01-06,21,West Ham United,8654,Nottingham Forest,10203,True,True,2025/2026
581,4813575,2026-01-07,21,AFC Bournemouth,8678,Tottenham Hotspur,8586,True,True,2025/2026
582,4813577,2026-01-07,21,Brentford,9937,Sunderland,8472,True,True,2025/2026
583,4813579,2026-01-07,21,Crystal Palace,9826,Aston Villa,10252,True,True,2025/2026
584,4813580,2026-01-07,21,Everton,8668,Wolverhampton Wanderers,8602,True,True,2025/2026
585,4813581,2026-01-07,21,Fulham,9879,Chelsea,8455,True,True,2025/2026
586,4813582,2026-01-07,21,Manchester City,8456,Brighton & Hove Albion,10204,True,True,2025/2026
587,4813578,2026-01-07,21,Burnley,8191,Manchester United,10260,True,True,2025/2026
588,4813583,2026-01-07,21,Newcastle United,10261,Leeds United,8463,True,True,2025/2026
589,4813576,2026-01-08,21,Arsenal,9825,Liverpool,8650,True,True,2025/2026
590,4813590,2026-01-17,22,Manchester United,10260,Manchester City,8456,True,True,2025/2026
591,4813587,2026-01-17,22,Chelsea,8455,Brentford,9937,True,True,2025/2026
592,4813588,2026-01-17,22,Leeds United,8463,Fulham,9879,True,True,2025/2026
593,4813589,2026-01-17,22,Liverpool,8650,Burnley,8191,True,True,2025/2026
594,4813592,2026-01-17,22,Sunderland,8472,Crystal Palace,9826,True,True,2025/2026
595,4813593,2026-01-17,22,Tottenham Hotspur,8586,West Ham United,8654,True,True,2025/2026
596,4813591,2026-01-17,22,Nottingham Forest,10203,Arsenal,9825,True,True,2025/2026
597,4813594,2026-01-18,22,Wolverhampton Wanderers,8602,Newcastle United,10261,True,True,2025/2026
598,4813585,2026-01-18,22,Aston Villa,10252,Everton,8668,True,True,2025/2026
599,4813586,2026-01-19,22,Brighton & Hove Albion,10204,AFC Bournemouth,8678,True,True,2025/2026
600,4813604,2026-01-24,23,West Ham United,8654,Sunderland,8472,True,True,2025/2026
601,4813598,2026-01-24,23,Burnley,8191,Tottenham Hotspur,8586,True,True,2025/2026
602,4813601,2026-01-24,23,Fulham,9879,Brighton & Hove Albion,10204,True,True,2025/2026
603,4813602,2026-01-24,23,Manchester City,8456,Wolverhampton Wanderers,8602,True,True,2025/2026
604,4813595,2026-01-24,23,AFC Bournemouth,8678,Liverpool,8650,True,True,2025/2026
605,4813597,2026-01-25,23,Brentford,9937,Nottingham Forest,10203,True,True,2025/2026
606,4813599,2026-01-25,23,Crystal Palace,9826,Chelsea,8455,True,True,2025/2026
607,4813603,2026-01-25,23,Newcastle United,10261,Aston Villa,10252,True,True,2025/2026
608,4813596,2026-01-25,23,Arsenal,9825,Manchester United,10260,True,True,2025/2026
609,4813600,2026-01-26,23,Everton,8668,Leeds United,8463,True,True,2025/2026
610,4813606,2026-01-31,24,Brighton & Hove Albion,10204,Everton,8668,True,True,2025/2026
611,4813608,2026-01-31,24,Leeds United,8463,Arsenal,9825,True,True,2025/2026
612,4813614,2026-01-31,24,Wolverhampton Wanderers,8602,AFC Bournemouth,8678,True,True,2025/2026
613,4813607,2026-01-31,24,Chelsea,8455,West Ham United,8654,True,True,2025/2026
614,4813609,2026-01-31,24,Liverpool,8650,Newcastle United,10261,True,True,2025/2026
615,4813605,2026-02-01,24,Aston Villa,10252,Brentford,9937,True,True,2025/2026
616,4813610,2026-02-01,24,Manchester United,10260,Fulham,9879,True,True,2025/2026
617,4813611,2026-02-01,24,Nottingham Forest,10203,Crystal Palace,9826,True,True,2025/2026
618,4813613,2026-02-01,24,Tottenham Hotspur,8586,Manchester City,8456,True,True,2025/2026
619,4813612,2026-02-02,24,Sunderland,8472,Burnley,8191,True,True,2025/2026
620,4813620,2026-02-06,25,Leeds United,8463,Nottingham Forest,10203,True,True,2025/2026
621,4813622,2026-02-07,25,Manchester United,10260,Tottenham Hotspur,8586,True,True,2025/2026
622,4813615,2026-02-07,25,AFC Bournemouth,8678,Aston Villa,10252,True,True,2025/2026
623,4813616,2026-02-07,25,Arsenal,9825,Sunderland,8472,True,True,2025/2026
624,4813618,2026-02-07,25,Burnley,8191,West Ham United,8654,True,True,2025/2026
625,4813619,2026-02-07,25,Fulham,9879,Everton,8668,True,True,2025/2026
626,4813624,2026-02-07,25,Wolverhampton Wanderers,8602,Chelsea,8455,True,True,2025/2026
627,4813623,2026-02-07,25,Newcastle United,10261,Brentford,9937,True,True,2025/2026
628,4813617,2026-02-08,25,Brighton & Hove Albion,10204,Crystal Palace,9826,True,True,2025/2026
629,4813621,2026-02-08,25,Liverpool,8650,Manchester City,8456,True,True,2025/2026
630,4813627,2026-02-10,26,Chelsea,8455,Leeds United,8463,True,True,2025/2026
631,4813629,2026-02-10,26,Everton,8668,AFC Bournemouth,8678,True,True,2025/2026
632,4813633,2026-02-10,26,Tottenham Hotspur,8586,Newcastle United,10261,True,True,2025/2026
633,4813634,2026-02-10,26,West Ham United,8654,Manchester United,10260,True,True,2025/2026
634,4813625,2026-02-11,26,Aston Villa,10252,Brighton & Hove Albion,10204,True,True,2025/2026
635,4813630,2026-02-11,26,Manchester City,8456,Fulham,9879,True,True,2025/2026
636,4813631,2026-02-11,26,Nottingham Forest,10203,Wolverhampton Wanderers,8602,True,True,2025/2026
637,4813628,2026-02-11,26,Crystal Palace,9826,Burnley,8191,True,True,2025/2026
638,4813632,2026-02-11,26,Sunderland,8472,Liverpool,8650,True,True,2025/2026
639,4813626,2026-02-12,26,Brentford,9937,Arsenal,9825,True,True,2025/2026
640,4813684,2026-02-18,31,Wolverhampton Wanderers,8602,Arsenal,9825,True,True,2025/2026
641,4813635,2026-02-21,27,Aston Villa,10252,Leeds United,8463,True,True,2025/2026
642,4813636,2026-02-21,27,Brentford,9937,Brighton & Hove Albion,10204,True,True,2025/2026
643,4813637,2026-02-21,27,Chelsea,8455,Burnley,8191,True,True,2025/2026
644,4813644,2026-02-21,27,West Ham United,8654,AFC Bournemouth,8678,True,True,2025/2026
645,4813640,2026-02-21,27,Manchester City,8456,Newcastle United,10261,True,True,2025/2026
646,4813638,2026-02-22,27,Crystal Palace,9826,Wolverhampton Wanderers,8602,True,True,2025/2026
647,4813641,2026-02-22,27,Nottingham Forest,10203,Liverpool,8650,True,True,2025/2026
648,4813642,2026-02-22,27,Sunderland,8472,Fulham,9879,True,True,2025/2026
649,4813643,2026-02-22,27,Tottenham Hotspur,8586,Arsenal,9825,True,True,2025/2026
650,4813639,2026-02-23,27,Everton,8668,Manchester United,10260,True,True,2025/2026
651,4813654,2026-02-27,28,Wolverhampton Wanderers,8602,Aston Villa,10252,True,True,2025/2026
652,4813645,2026-02-28,28,AFC Bournemouth,8678,Sunderland,8472,True,True,2025/2026
653,4813648,2026-02-28,28,Burnley,8191,Brentford,9937,True,True,2025/2026
654,4813651,2026-02-28,28,Liverpool,8650,West Ham United,8654,True,True,2025/2026
655,4813653,2026-02-28,28,Newcastle United,10261,Everton,8668,True,True,2025/2026
656,4813650,2026-02-28,28,Leeds United,8463,Manchester City,8456,True,True,2025/2026
657,4813647,2026-03-01,28,Brighton & Hove Albion,10204,Nottingham Forest,10203,True,True,2025/2026
658,4813649,2026-03-01,28,Fulham,9879,Tottenham Hotspur,8586,True,True,2025/2026
659,4813652,2026-03-01,28,Manchester United,10260,Crystal Palace,9826,True,True,2025/2026
660,4813646,2026-03-01,28,Arsenal,9825,Chelsea,8455,True,True,2025/2026
661,4813655,2026-03-03,29,AFC Bournemouth,8678,Brentford,9937,True,True,2025/2026
662,4813658,2026-03-03,29,Everton,8668,Burnley,8191,True,True,2025/2026
663,4813660,2026-03-03,29,Leeds United,8463,Sunderland,8472,True,True,2025/2026
664,4813664,2026-03-03,29,Wolverhampton Wanderers,8602,Liverpool,8650,True,True,2025/2026
665,4813656,2026-03-04,29,Aston Villa,10252,Chelsea,8455,True,True,2025/2026
666,4813657,2026-03-04,29,Brighton & Hove Albion,10204,Arsenal,9825,True,True,2025/2026
667,4813659,2026-03-04,29,Fulham,9879,West Ham United,8654,True,True,2025/2026
668,4813661,2026-03-04,29,Manchester City,8456,Nottingham Forest,10203,True,True,2025/2026
669,4813662,2026-03-04,29,Newcastle United,10261,Manchester United,10260,True,True,2025/2026
670,4813663,2026-03-05,29,Tottenham Hotspur,8586,Crystal Palace,9826,True,True,2025/2026
671,4813667,2026-03-14,30,Burnley,8191,AFC Bournemouth,8678,True,True,2025/2026
672,4813673,2026-03-14,30,Sunderland,8472,Brighton & Hove Albion,10204,True,True,2025/2026
673,4813665,2026-03-14,30,Arsenal,9825,Everton,8668,True,True,2025/2026
674,4813668,2026-03-14,30,Chelsea,8455,Newcastle United,10261,True,True,2025/2026
675,4813674,2026-03-14,30,West Ham United,8654,Manchester City,8456,True,True,2025/2026
676,4813669,2026-03-15,30,Crystal Palace,9826,Leeds United,8463,True,True,2025/2026
677,4813671,2026-03-15,30,Manchester United,10260,Aston Villa,10252,True,True,2025/2026
678,4813672,2026-03-15,30,Nottingham Forest,10203,Fulham,9879,True,True,2025/2026
679,4813670,2026-03-15,30,Liverpool,8650,Tottenham Hotspur,8586,True,True,2025/2026
680,4813666,2026-03-16,30,Brentford,9937,Wolverhampton Wanderers,8602,True,True,2025/2026
681,4813675,2026-03-20,31,AFC Bournemouth,8678,Manchester United,10260,True,True,2025/2026
682,4813677,2026-03-21,31,Brighton & Hove Albion,10204,Liverpool,8650,True,True,2025/2026
683,4813679,2026-03-21,31,Fulham,9879,Burnley,8191,True,True,2025/2026
684,4813678,2026-03-21,31,Everton,8668,Chelsea,8455,True,True,2025/2026
685,4813680,2026-03-21,31,Leeds United,8463,Brentford,9937,True,True,2025/2026
686,4813682,2026-03-22,31,Newcastle United,10261,Sunderland,8472,True,True,2025/2026
687,4813676,2026-03-22,31,Aston Villa,10252,West Ham United,8654,True,True,2025/2026
688,4813683,2026-03-22,31,Tottenham Hotspur,8586,Nottingham Forest,10203,True,True,2025/2026
689,4813694,2026-04-10,32,West Ham United,8654,Wolverhampton Wanderers,8602,True,True,2025/2026
690,4813685,2026-04-11,32,Arsenal,9825,AFC Bournemouth,8678,True,True,2025/2026
691,4813686,2026-04-11,32,Brentford,9937,Everton,8668,True,True,2025/2026
692,4813687,2026-04-11,32,Burnley,8191,Brighton & Hove Albion,10204,True,True,2025/2026
693,4813690,2026-04-11,32,Liverpool,8650,Fulham,9879,True,True,2025/2026
694,4813689,2026-04-12,32,Crystal Palace,9826,Newcastle United,10261,True,True,2025/2026
695,4813692,2026-04-12,32,Nottingham Forest,10203,Aston Villa,10252,True,True,2025/2026
696,4813693,2026-04-12,32,Sunderland,8472,Tottenham Hotspur,8586,True,True,2025/2026
697,4813688,2026-04-12,32,Chelsea,8455,Manchester City,8456,True,True,2025/2026
698,4813691,2026-04-13,32,Manchester United,10260,Leeds United,8463,True,True,2025/2026
699,4813696,2026-04-18,33,Brentford,9937,Fulham,9879,True,True,2025/2026
700,4813700,2026-04-18,33,Leeds United,8463,Wolverhampton Wanderers,8602,True,True,2025/2026
701,4813702,2026-04-18,33,Newcastle United,10261,AFC Bournemouth,8678,True,True,2025/2026
702,4813704,2026-04-18,33,Tottenham Hotspur,8586,Brighton & Hove Albion,10204,True,True,2025/2026
703,4813697,2026-04-18,33,Chelsea,8455,Manchester United,10260,True,True,2025/2026
704,4813695,2026-04-19,33,Aston Villa,10252,Sunderland,8472,True,True,2025/2026
705,4813699,2026-04-19,33,Everton,8668,Liverpool,8650,True,True,2025/2026
706,4813703,2026-04-19,33,Nottingham Forest,10203,Burnley,8191,True,True,2025/2026
707,4813701,2026-04-19,33,Manchester City,8456,Arsenal,9825,True,True,2025/2026
708,4813698,2026-04-20,33,Crystal Palace,9826,West Ham United,8654,True,True,2025/2026
709,4813707,2026-04-21,34,Brighton & Hove Albion,10204,Chelsea,8455,True,True,2025/2026
710,4813705,2026-04-22,34,AFC Bournemouth,8678,Leeds United,8463,True,True,2025/2026
711,4813708,2026-04-22,34,Burnley,8191,Manchester City,8456,True,True,2025/2026
712,4813712,2026-04-24,34,Sunderland,8472,Nottingham Forest,10203,True,True,2025/2026
713,4813709,2026-04-25,34,Fulham,9879,Aston Villa,10252,True,True,2025/2026
714,4813710,2026-04-25,34,Liverpool,8650,Crystal Palace,9826,True,True,2025/2026
715,4813713,2026-04-25,34,West Ham United,8654,Everton,8668,True,True,2025/2026
716,4813714,2026-04-25,34,Wolverhampton Wanderers,8602,Tottenham Hotspur,8586,True,True,2025/2026
717,4813706,2026-04-25,34,Arsenal,9825,Newcastle United,10261,True,True,2025/2026
718,4813711,2026-04-27,34,Manchester United,10260,Brentford,9937,True,True,2025/2026
719,4813721,2026-05-01,35,Leeds United,8463,Burnley,8191,True,True,2025/2026
720,4813718,2026-05-02,35,Brentford,9937,West Ham United,8654,True,True,2025/2026
721,4813723,2026-05-02,35,Newcastle United,10261,Brighton & Hove Albion,10204,True,True,2025/2026
722,4813724,2026-05-02,35,Wolverhampton Wanderers,8602,Sunderland,8472,True,True,2025/2026
723,4813716,2026-05-02,35,Arsenal,9825,Fulham,9879,True,True,2025/2026
724,4813715,2026-05-03,35,AFC Bournemouth,8678,Crystal Palace,9826,True,True,2025/2026
725,4813722,2026-05-03,35,Manchester United,10260,Liverpool,8650,True,True,2025/2026
726,4813717,2026-05-03,35,Aston Villa,10252,Tottenham Hotspur,8586,True,True,2025/2026
727,4813719,2026-05-04,35,Chelsea,8455,Nottingham Forest,10203,True,True,2025/2026
728,4813720,2026-05-04,35,Everton,8668,Manchester City,8456,True,True,2025/2026
729,4813729,2026-05-09,36,Liverpool,8650,Chelsea,8455,True,True,2025/2026
730,4813725,2026-05-09,36,Brighton & Hove Albion,10204,Wolverhampton Wanderers,8602,True,True,2025/2026
731,4813728,2026-05-09,36,Fulham,9879,AFC Bournemouth,8678,True,True,2025/2026
732,4813732,2026-05-09,36,Sunderland,8472,Manchester United,10260,True,True,2025/2026
733,4813730,2026-05-09,36,Manchester City,8456,Brentford,9937,True,True,2025/2026
734,4813726,2026-05-10,36,Burnley,8191,Aston Villa,10252,True,True,2025/2026
735,4813727,2026-05-10,36,Crystal Palace,9826,Everton,8668,True,True,2025/2026
736,4813731,2026-05-10,36,Nottingham Forest,10203,Newcastle United,10261,True,True,2025/2026
737,4813734,2026-05-10,36,West Ham United,8654,Arsenal,9825,True,True,2025/2026
738,4813733,2026-05-11,36,Tottenham Hotspur,8586,Leeds United,8463,True,True,2025/2026
739,4813681,2026-05-13,31,Manchester City,8456,Crystal Palace,9826,True,True,2025/2026
740,4813737,2026-05-15,37,Aston Villa,10252,Liverpool,8650,True,True,2025/2026
741,4813742,2026-05-17,37,Manchester United,10260,Nottingham Forest,10203,True,True,2025/2026
742,4813738,2026-05-17,37,Brentford,9937,Crystal Palace,9826,True,True,2025/2026
743,4813740,2026-05-17,37,Everton,8668,Sunderland,8472,True,True,2025/2026
744,4813741,2026-05-17,37,Leeds United,8463,Brighton & Hove Albion,10204,True,True,2025/2026
745,4813744,2026-05-17,37,Wolverhampton Wanderers,8602,Fulham,9879,True,True,2025/2026
746,4813743,2026-05-17,37,Newcastle United,10261,West Ham United,8654,True,True,2025/2026
747,4813736,2026-05-18,37,Arsenal,9825,Burnley,8191,True,True,2025/2026
748,4813735,2026-05-19,37,AFC Bournemouth,8678,Manchester City,8456,True,True,2025/2026
749,4813739,2026-05-19,37,Chelsea,8455,Tottenham Hotspur,8586,True,True,2025/2026
750,4813745,2026-05-24,38,Brighton & Hove Albion,10204,Manchester United,10260,True,True,2025/2026
751,4813746,2026-05-24,38,Burnley,8191,Wolverhampton Wanderers,8602,True,True,2025/2026
752,4813747,2026-05-24,38,Crystal Palace,9826,Arsenal,9825,True,True,2025/2026
753,4813748,2026-05-24,38,Fulham,9879,Newcastle United,10261,True,True,2025/2026
754,4813749,2026-05-24,38,Liverpool,8650,Brentford,9937,True,True,2025/2026
755,4813750,2026-05-24,38,Manchester City,8456,Aston Villa,10252,True,True,2025/2026
756,4813751,2026-05-24,38,Nottingham Forest,10203,AFC Bournemouth,8678,True,True,2025/2026
757,4813752,2026-05-24,38,Sunderland,8472,Chelsea,8455,True,True,2025/2026
758,4813753,2026-05-24,38,Tottenham Hotspur,8586,Everton,8668,True,True,2025/2026
759,4813754,2026-05-24,38,West Ham United,8654,Leeds United,8463,True,True,2025/2026
760,4506263,2024-08-16,1,Manchester United,10260,Fulham,9879,True,True,2024/2025
761,4506264,2024-08-17,1,Ipswich Town,9902,Liverpool,8650,True,True,2024/2025
762,4506265,2024-08-17,1,Arsenal,9825,Wolverhampton Wanderers,8602,True,True,2024/2025
763,4506266,2024-08-17,1,Everton,8668,Brighton & Hove Albion,10204,True,True,2024/2025
764,4506267,2024-08-17,1,Newcastle United,10261,Southampton,8466,True,True,2024/2025
765,4506268,2024-08-17,1,Nottingham Forest,10203,AFC Bournemouth,8678,True,True,2024/2025
766,4506269,2024-08-17,1,West Ham United,8654,Aston Villa,10252,True,True,2024/2025
767,4506270,2024-08-18,1,Brentford,9937,Crystal Palace,9826,True,True,2024/2025
768,4506271,2024-08-18,1,Chelsea,8455,Manchester City,8456,True,True,2024/2025
769,4506272,2024-08-19,1,Leicester City,8197,Tottenham Hotspur,8586,True,True,2024/2025
770,4506275,2024-08-24,2,Brighton & Hove Albion,10204,Manchester United,10260,True,True,2024/2025
771,4506276,2024-08-24,2,Crystal Palace,9826,West Ham United,8654,True,True,2024/2025
772,4506277,2024-08-24,2,Fulham,9879,Leicester City,8197,True,True,2024/2025
773,4506279,2024-08-24,2,Manchester City,8456,Ipswich Town,9902,True,True,2024/2025
774,4506280,2024-08-24,2,Southampton,8466,Nottingham Forest,10203,True,True,2024/2025
775,4506281,2024-08-24,2,Tottenham Hotspur,8586,Everton,8668,True,True,2024/2025
776,4506274,2024-08-24,2,Aston Villa,10252,Arsenal,9825,True,True,2024/2025
777,4506273,2024-08-25,2,AFC Bournemouth,8678,Newcastle United,10261,True,True,2024/2025
778,4506282,2024-08-25,2,Wolverhampton Wanderers,8602,Chelsea,8455,True,True,2024/2025
779,4506278,2024-08-25,2,Liverpool,8650,Brentford,9937,True,True,2024/2025
780,4506283,2024-08-31,3,Arsenal,9825,Brighton & Hove Albion,10204,True,True,2024/2025
781,4506284,2024-08-31,3,Brentford,9937,Southampton,8466,True,True,2024/2025
782,4506286,2024-08-31,3,Everton,8668,AFC Bournemouth,8678,True,True,2024/2025
783,4506287,2024-08-31,3,Ipswich Town,9902,Fulham,9879,True,True,2024/2025
784,4506288,2024-08-31,3,Leicester City,8197,Aston Villa,10252,True,True,2024/2025
785,4506291,2024-08-31,3,Nottingham Forest,10203,Wolverhampton Wanderers,8602,True,True,2024/2025
786,4506292,2024-08-31,3,West Ham United,8654,Manchester City,8456,True,True,2024/2025
787,4506285,2024-09-01,3,Chelsea,8455,Crystal Palace,9826,True,True,2024/2025
788,4506290,2024-09-01,3,Newcastle United,10261,Tottenham Hotspur,8586,True,True,2024/2025
789,4506289,2024-09-01,3,Manchester United,10260,Liverpool,8650,True,True,2024/2025
790,4506300,2024-09-14,4,Southampton,8466,Manchester United,10260,True,True,2024/2025
791,4506295,2024-09-14,4,Brighton & Hove Albion,10204,Ipswich Town,9902,True,True,2024/2025
792,4506296,2024-09-14,4,Crystal Palace,9826,Leicester City,8197,True,True,2024/2025
793,4506297,2024-09-14,4,Fulham,9879,West Ham United,8654,True,True,2024/2025
794,4506298,2024-09-14,4,Liverpool,8650,Nottingham Forest,10203,True,True,2024/2025
795,4506299,2024-09-14,4,Manchester City,8456,Brentford,9937,True,True,2024/2025
796,4506294,2024-09-14,4,Aston Villa,10252,Everton,8668,True,True,2024/2025
797,4506293,2024-09-14,4,AFC Bournemouth,8678,Chelsea,8455,True,True,2024/2025
798,4506301,2024-09-15,4,Tottenham Hotspur,8586,Arsenal,9825,True,True,2024/2025
799,4506302,2024-09-15,4,Wolverhampton Wanderers,8602,Newcastle United,10261,True,True,2024/2025
800,4506312,2024-09-21,5,West Ham United,8654,Chelsea,8455,True,True,2024/2025
801,4506303,2024-09-21,5,Aston Villa,10252,Wolverhampton Wanderers,8602,True,True,2024/2025
802,4506306,2024-09-21,5,Fulham,9879,Newcastle United,10261,True,True,2024/2025
803,4506307,2024-09-21,5,Leicester City,8197,Everton,8668,True,True,2024/2025
804,4506308,2024-09-21,5,Liverpool,8650,AFC Bournemouth,8678,True,True,2024/2025
805,4506310,2024-09-21,5,Southampton,8466,Ipswich Town,9902,True,True,2024/2025
806,4506311,2024-09-21,5,Tottenham Hotspur,8586,Brentford,9937,True,True,2024/2025
807,4506305,2024-09-21,5,Crystal Palace,9826,Manchester United,10260,True,True,2024/2025
808,4506304,2024-09-22,5,Brighton & Hove Albion,10204,Nottingham Forest,10203,True,True,2024/2025
809,4506309,2024-09-22,5,Manchester City,8456,Arsenal,9825,True,True,2024/2025
810,4506320,2024-09-28,6,Newcastle United,10261,Manchester City,8456,True,True,2024/2025
811,4506314,2024-09-28,6,Arsenal,9825,Leicester City,8197,True,True,2024/2025
812,4506315,2024-09-28,6,Brentford,9937,West Ham United,8654,True,True,2024/2025
813,4506316,2024-09-28,6,Chelsea,8455,Brighton & Hove Albion,10204,True,True,2024/2025
814,4506317,2024-09-28,6,Everton,8668,Crystal Palace,9826,True,True,2024/2025
815,4506321,2024-09-28,6,Nottingham Forest,10203,Fulham,9879,True,True,2024/2025
816,4506322,2024-09-28,6,Wolverhampton Wanderers,8602,Liverpool,8650,True,True,2024/2025
817,4506318,2024-09-29,6,Ipswich Town,9902,Aston Villa,10252,True,True,2024/2025
818,4506319,2024-09-29,6,Manchester United,10260,Tottenham Hotspur,8586,True,True,2024/2025
819,4506313,2024-09-30,6,AFC Bournemouth,8678,Southampton,8466,True,True,2024/2025
820,4506328,2024-10-05,7,Crystal Palace,9826,Liverpool,8650,True,True,2024/2025
821,4506323,2024-10-05,7,Arsenal,9825,Southampton,8466,True,True,2024/2025
822,4506325,2024-10-05,7,Brentford,9937,Wolverhampton Wanderers,8602,True,True,2024/2025
823,4506330,2024-10-05,7,Leicester City,8197,AFC Bournemouth,8678,True,True,2024/2025
824,4506331,2024-10-05,7,Manchester City,8456,Fulham,9879,True,True,2024/2025
825,4506332,2024-10-05,7,West Ham United,8654,Ipswich Town,9902,True,True,2024/2025
826,4506329,2024-10-05,7,Everton,8668,Newcastle United,10261,True,True,2024/2025
827,4506324,2024-10-06,7,Aston Villa,10252,Manchester United,10260,True,True,2024/2025
828,4506327,2024-10-06,7,Chelsea,8455,Nottingham Forest,10203,True,True,2024/2025
829,4506326,2024-10-06,7,Brighton & Hove Albion,10204,Tottenham Hotspur,8586,True,True,2024/2025
830,4506401,2024-10-19,8,Tottenham Hotspur,8586,West Ham United,8654,True,True,2024/2025
831,4506394,2024-10-19,8,Fulham,9879,Aston Villa,10252,True,True,2024/2025
832,4506397,2024-10-19,8,Manchester United,10260,Brentford,9937,True,True,2024/2025
833,4506398,2024-10-19,8,Newcastle United,10261,Brighton & Hove Albion,10204,True,True,2024/2025
834,4506400,2024-10-19,8,Southampton,8466,Leicester City,8197,True,True,2024/2025
835,4506395,2024-10-19,8,Ipswich Town,9902,Everton,8668,True,True,2024/2025
836,4506393,2024-10-19,8,AFC Bournemouth,8678,Arsenal,9825,True,True,2024/2025
837,4506402,2024-10-20,8,Wolverhampton Wanderers,8602,Manchester City,8456,True,True,2024/2025
838,4506396,2024-10-20,8,Liverpool,8650,Chelsea,8455,True,True,2024/2025
839,4506399,2024-10-21,8,Nottingham Forest,10203,Crystal Palace,9826,True,True,2024/2025
840,4506413,2024-10-25,9,Leicester City,8197,Nottingham Forest,10203,True,True,2024/2025
841,4506404,2024-10-26,9,Aston Villa,10252,AFC Bournemouth,8678,True,True,2024/2025
842,4506405,2024-10-26,9,Brentford,9937,Ipswich Town,9902,True,True,2024/2025
843,4506406,2024-10-26,9,Brighton & Hove Albion,10204,Wolverhampton Wanderers,8602,True,True,2024/2025
844,4506415,2024-10-26,9,Manchester City,8456,Southampton,8466,True,True,2024/2025
845,4506410,2024-10-26,9,Everton,8668,Fulham,9879,True,True,2024/2025
846,4506407,2024-10-27,9,Chelsea,8455,Newcastle United,10261,True,True,2024/2025
847,4506409,2024-10-27,9,Crystal Palace,9826,Tottenham Hotspur,8586,True,True,2024/2025
848,4506417,2024-10-27,9,West Ham United,8654,Manchester United,10260,True,True,2024/2025
849,4506403,2024-10-27,9,Arsenal,9825,Liverpool,8650,True,True,2024/2025
850,4506468,2024-11-02,10,Newcastle United,10261,Arsenal,9825,True,True,2024/2025
851,4506463,2024-11-02,10,AFC Bournemouth,8678,Manchester City,8456,True,True,2024/2025
852,4506465,2024-11-02,10,Ipswich Town,9902,Leicester City,8197,True,True,2024/2025
853,4506466,2024-11-02,10,Liverpool,8650,Brighton & Hove Albion,10204,True,True,2024/2025
854,4506469,2024-11-02,10,Nottingham Forest,10203,West Ham United,8654,True,True,2024/2025
855,4506470,2024-11-02,10,Southampton,8466,Everton,8668,True,True,2024/2025
856,4506472,2024-11-02,10,Wolverhampton Wanderers,8602,Crystal Palace,9826,True,True,2024/2025
857,4506471,2024-11-03,10,Tottenham Hotspur,8586,Aston Villa,10252,True,True,2024/2025
858,4506467,2024-11-03,10,Manchester United,10260,Chelsea,8455,True,True,2024/2025
859,4506464,2024-11-04,10,Fulham,9879,Brentford,9937,True,True,2024/2025
860,4506473,2024-11-09,11,Brentford,9937,AFC Bournemouth,8678,True,True,2024/2025
861,4506476,2024-11-09,11,Crystal Palace,9826,Fulham,9879,True,True,2024/2025
862,4506481,2024-11-09,11,West Ham United,8654,Everton,8668,True,True,2024/2025
863,4506482,2024-11-09,11,Wolverhampton Wanderers,8602,Southampton,8466,True,True,2024/2025
864,4506474,2024-11-09,11,Brighton & Hove Albion,10204,Manchester City,8456,True,True,2024/2025
865,4506477,2024-11-09,11,Liverpool,8650,Aston Villa,10252,True,True,2024/2025
866,4506478,2024-11-10,11,Manchester United,10260,Leicester City,8197,True,True,2024/2025
867,4506479,2024-11-10,11,Nottingham Forest,10203,Newcastle United,10261,True,True,2024/2025
868,4506480,2024-11-10,11,Tottenham Hotspur,8586,Ipswich Town,9902,True,True,2024/2025
869,4506475,2024-11-10,11,Chelsea,8455,Arsenal,9825,True,True,2024/2025
870,4506539,2024-11-23,12,Leicester City,8197,Chelsea,8455,True,True,2024/2025
871,4506533,2024-11-23,12,AFC Bournemouth,8678,Brighton & Hove Albion,10204,True,True,2024/2025
872,4506534,2024-11-23,12,Arsenal,9825,Nottingham Forest,10203,True,True,2024/2025
873,4506535,2024-11-23,12,Aston Villa,10252,Crystal Palace,9826,True,True,2024/2025
874,4506536,2024-11-23,12,Everton,8668,Brentford,9937,True,True,2024/2025
875,4506537,2024-11-23,12,Fulham,9879,Wolverhampton Wanderers,8602,True,True,2024/2025
876,4506540,2024-11-23,12,Manchester City,8456,Tottenham Hotspur,8586,True,True,2024/2025
877,4506542,2024-11-24,12,Southampton,8466,Liverpool,8650,True,True,2024/2025
878,4506538,2024-11-24,12,Ipswich Town,9902,Manchester United,10260,True,True,2024/2025
879,4506541,2024-11-25,12,Newcastle United,10261,West Ham United,8654,True,True,2024/2025
880,4506411,2024-11-29,13,Brighton & Hove Albion,10204,Southampton,8466,True,True,2024/2025
881,4506408,2024-11-30,13,Brentford,9937,Leicester City,8197,True,True,2024/2025
882,4506414,2024-11-30,13,Crystal Palace,9826,Newcastle United,10261,True,True,2024/2025
883,4506419,2024-11-30,13,Nottingham Forest,10203,Ipswich Town,9902,True,True,2024/2025
884,4506422,2024-11-30,13,Wolverhampton Wanderers,8602,AFC Bournemouth,8678,True,True,2024/2025
885,4506421,2024-11-30,13,West Ham United,8654,Arsenal,9825,True,True,2024/2025
886,4506412,2024-12-01,13,Chelsea,8455,Aston Villa,10252,True,True,2024/2025
887,4506418,2024-12-01,13,Manchester United,10260,Everton,8668,True,True,2024/2025
888,4506420,2024-12-01,13,Tottenham Hotspur,8586,Fulham,9879,True,True,2024/2025
889,4506416,2024-12-01,13,Liverpool,8650,Manchester City,8456,True,True,2024/2025
890,4506428,2024-12-03,14,Ipswich Town,9902,Crystal Palace,9826,True,True,2024/2025
891,4506429,2024-12-03,14,Leicester City,8197,West Ham United,8654,True,True,2024/2025
892,4506426,2024-12-04,14,Everton,8668,Wolverhampton Wanderers,8602,True,True,2024/2025
893,4506430,2024-12-04,14,Manchester City,8456,Nottingham Forest,10203,True,True,2024/2025
894,4506431,2024-12-04,14,Newcastle United,10261,Liverpool,8650,True,True,2024/2025
895,4506432,2024-12-04,14,Southampton,8466,Chelsea,8455,True,True,2024/2025
896,4506424,2024-12-04,14,Arsenal,9825,Manchester United,10260,True,True,2024/2025
897,4506425,2024-12-04,14,Aston Villa,10252,Brentford,9937,True,True,2024/2025
898,4506427,2024-12-05,14,Fulham,9879,Brighton & Hove Albion,10204,True,True,2024/2025
899,4506423,2024-12-05,14,AFC Bournemouth,8678,Tottenham Hotspur,8586,True,True,2024/2025
900,4506433,2024-12-07,15,Aston Villa,10252,Southampton,8466,True,True,2024/2025
901,4506434,2024-12-07,15,Brentford,9937,Newcastle United,10261,True,True,2024/2025
902,4506435,2024-12-07,15,Crystal Palace,9826,Manchester City,8456,True,True,2024/2025
903,4506440,2024-12-07,15,Manchester United,10260,Nottingham Forest,10203,True,True,2024/2025
904,4506437,2024-12-08,15,Fulham,9879,Arsenal,9825,True,True,2024/2025
905,4506438,2024-12-08,15,Ipswich Town,9902,AFC Bournemouth,8678,True,True,2024/2025
906,4506439,2024-12-08,15,Leicester City,8197,Brighton & Hove Albion,10204,True,True,2024/2025
907,4506441,2024-12-08,15,Tottenham Hotspur,8586,Chelsea,8455,True,True,2024/2025
908,4506442,2024-12-09,15,West Ham United,8654,Wolverhampton Wanderers,8602,True,True,2024/2025
909,4506444,2024-12-14,16,Arsenal,9825,Everton,8668,True,True,2024/2025
910,4506447,2024-12-14,16,Liverpool,8650,Fulham,9879,True,True,2024/2025
911,4506449,2024-12-14,16,Newcastle United,10261,Leicester City,8197,True,True,2024/2025
912,4506452,2024-12-14,16,Wolverhampton Wanderers,8602,Ipswich Town,9902,True,True,2024/2025
913,4506450,2024-12-14,16,Nottingham Forest,10203,Aston Villa,10252,True,True,2024/2025
914,4506445,2024-12-15,16,Brighton & Hove Albion,10204,Crystal Palace,9826,True,True,2024/2025
915,4506448,2024-12-15,16,Manchester City,8456,Manchester United,10260,True,True,2024/2025
916,4506446,2024-12-15,16,Chelsea,8455,Brentford,9937,True,True,2024/2025
917,4506451,2024-12-15,16,Southampton,8466,Tottenham Hotspur,8586,True,True,2024/2025
918,4506443,2024-12-16,16,AFC Bournemouth,8678,West Ham United,8654,True,True,2024/2025
919,4506453,2024-12-21,17,Aston Villa,10252,Manchester City,8456,True,True,2024/2025
920,4506454,2024-12-21,17,Brentford,9937,Nottingham Forest,10203,True,True,2024/2025
921,4506458,2024-12-21,17,Ipswich Town,9902,Newcastle United,10261,True,True,2024/2025
922,4506462,2024-12-21,17,West Ham United,8654,Brighton & Hove Albion,10204,True,True,2024/2025
923,4506455,2024-12-21,17,Crystal Palace,9826,Arsenal,9825,True,True,2024/2025
924,4506456,2024-12-22,17,Everton,8668,Chelsea,8455,True,True,2024/2025
925,4506457,2024-12-22,17,Fulham,9879,Southampton,8466,True,True,2024/2025
926,4506459,2024-12-22,17,Leicester City,8197,Wolverhampton Wanderers,8602,True,True,2024/2025
927,4506460,2024-12-22,17,Manchester United,10260,AFC Bournemouth,8678,True,True,2024/2025
928,4506461,2024-12-22,17,Tottenham Hotspur,8586,Liverpool,8650,True,True,2024/2025
929,4506488,2024-12-26,18,Manchester City,8456,Everton,8668,True,True,2024/2025
930,4506483,2024-12-26,18,AFC Bournemouth,8678,Crystal Palace,9826,True,True,2024/2025
931,4506486,2024-12-26,18,Chelsea,8455,Fulham,9879,True,True,2024/2025
932,4506489,2024-12-26,18,Newcastle United,10261,Aston Villa,10252,True,True,2024/2025
933,4506490,2024-12-26,18,Nottingham Forest,10203,Tottenham Hotspur,8586,True,True,2024/2025
934,4506491,2024-12-26,18,Southampton,8466,West Ham United,8654,True,True,2024/2025
935,4506492,2024-12-26,18,Wolverhampton Wanderers,8602,Manchester United,10260,True,True,2024/2025
936,4506487,2024-12-26,18,Liverpool,8650,Leicester City,8197,True,True,2024/2025
937,4506485,2024-12-27,18,Brighton & Hove Albion,10204,Brentford,9937,True,True,2024/2025
938,4506484,2024-12-27,18,Arsenal,9825,Ipswich Town,9902,True,True,2024/2025
939,4506499,2024-12-29,19,Leicester City,8197,Manchester City,8456,True,True,2024/2025
940,4506495,2024-12-29,19,Crystal Palace,9826,Southampton,8466,True,True,2024/2025
941,4506496,2024-12-29,19,Everton,8668,Nottingham Forest,10203,True,True,2024/2025
942,4506497,2024-12-29,19,Fulham,9879,AFC Bournemouth,8678,True,True,2024/2025
943,4506501,2024-12-29,19,Tottenham Hotspur,8586,Wolverhampton Wanderers,8602,True,True,2024/2025
944,4506502,2024-12-29,19,West Ham United,8654,Liverpool,8650,True,True,2024/2025
945,4506493,2024-12-30,19,Aston Villa,10252,Brighton & Hove Albion,10204,True,True,2024/2025
946,4506498,2024-12-30,19,Ipswich Town,9902,Chelsea,8455,True,True,2024/2025
947,4506500,2024-12-30,19,Manchester United,10260,Newcastle United,10261,True,True,2024/2025
948,4506494,2025-01-01,19,Brentford,9937,Arsenal,9825,True,True,2024/2025
949,4506511,2025-01-04,20,Tottenham Hotspur,8586,Newcastle United,10261,True,True,2024/2025
950,4506503,2025-01-04,20,AFC Bournemouth,8678,Everton,8668,True,True,2024/2025
951,4506504,2025-01-04,20,Aston Villa,10252,Leicester City,8197,True,True,2024/2025
952,4506506,2025-01-04,20,Crystal Palace,9826,Chelsea,8455,True,True,2024/2025
953,4506509,2025-01-04,20,Manchester City,8456,West Ham United,8654,True,True,2024/2025
954,4506510,2025-01-04,20,Southampton,8466,Brentford,9937,True,True,2024/2025
955,4506505,2025-01-04,20,Brighton & Hove Albion,10204,Arsenal,9825,True,True,2024/2025
956,4506507,2025-01-05,20,Fulham,9879,Ipswich Town,9902,True,True,2024/2025
957,4506508,2025-01-05,20,Liverpool,8650,Manchester United,10260,True,True,2024/2025
958,4506512,2025-01-06,20,Wolverhampton Wanderers,8602,Nottingham Forest,10203,True,True,2024/2025
959,4506514,2025-01-14,21,Brentford,9937,Manchester City,8456,True,True,2024/2025
960,4506520,2025-01-14,21,Chelsea,8455,AFC Bournemouth,8678,True,True,2024/2025
961,4506519,2025-01-14,21,West Ham United,8654,Fulham,9879,True,True,2024/2025
962,4506518,2025-01-14,21,Nottingham Forest,10203,Liverpool,8650,True,True,2024/2025
963,4506515,2025-01-15,21,Everton,8668,Aston Villa,10252,True,True,2024/2025
964,4506517,2025-01-15,21,Leicester City,8197,Crystal Palace,9826,True,True,2024/2025
965,4506521,2025-01-15,21,Newcastle United,10261,Wolverhampton Wanderers,8602,True,True,2024/2025
966,4506513,2025-01-15,21,Arsenal,9825,Tottenham Hotspur,8586,True,True,2024/2025
967,4506516,2025-01-16,21,Ipswich Town,9902,Brighton & Hove Albion,10204,True,True,2024/2025
968,4506522,2025-01-16,21,Manchester United,10260,Southampton,8466,True,True,2024/2025
969,4506530,2025-01-18,22,Newcastle United,10261,AFC Bournemouth,8678,True,True,2024/2025
970,4506524,2025-01-18,22,Brentford,9937,Liverpool,8650,True,True,2024/2025
971,4506528,2025-01-18,22,Leicester City,8197,Fulham,9879,True,True,2024/2025
972,4506532,2025-01-18,22,West Ham United,8654,Crystal Palace,9826,True,True,2024/2025
973,4506523,2025-01-18,22,Arsenal,9825,Aston Villa,10252,True,True,2024/2025
974,4506526,2025-01-19,22,Everton,8668,Tottenham Hotspur,8586,True,True,2024/2025
975,4506529,2025-01-19,22,Manchester United,10260,Brighton & Hove Albion,10204,True,True,2024/2025
976,4506531,2025-01-19,22,Nottingham Forest,10203,Southampton,8466,True,True,2024/2025
977,4506527,2025-01-19,22,Ipswich Town,9902,Manchester City,8456,True,True,2024/2025
978,4506525,2025-01-20,22,Chelsea,8455,Wolverhampton Wanderers,8602,True,True,2024/2025
979,4506603,2025-01-25,23,AFC Bournemouth,8678,Nottingham Forest,10203,True,True,2024/2025
980,4506605,2025-01-25,23,Brighton & Hove Albion,10204,Everton,8668,True,True,2024/2025
981,4506608,2025-01-25,23,Liverpool,8650,Ipswich Town,9902,True,True,2024/2025
982,4506610,2025-01-25,23,Southampton,8466,Newcastle United,10261,True,True,2024/2025
983,4506612,2025-01-25,23,Wolverhampton Wanderers,8602,Arsenal,9825,True,True,2024/2025
984,4506609,2025-01-25,23,Manchester City,8456,Chelsea,8455,True,True,2024/2025
985,4506606,2025-01-26,23,Crystal Palace,9826,Brentford,9937,True,True,2024/2025
986,4506611,2025-01-26,23,Tottenham Hotspur,8586,Leicester City,8197,True,True,2024/2025
987,4506604,2025-01-26,23,Aston Villa,10252,West Ham United,8654,True,True,2024/2025
988,4506607,2025-01-26,23,Fulham,9879,Manchester United,10260,True,True,2024/2025
989,4506621,2025-02-01,24,Nottingham Forest,10203,Brighton & Hove Albion,10204,True,True,2024/2025
990,4506613,2025-02-01,24,AFC Bournemouth,8678,Liverpool,8650,True,True,2024/2025
991,4506617,2025-02-01,24,Everton,8668,Leicester City,8197,True,True,2024/2025
992,4506618,2025-02-01,24,Ipswich Town,9902,Southampton,8466,True,True,2024/2025
993,4506620,2025-02-01,24,Newcastle United,10261,Fulham,9879,True,True,2024/2025
994,4506622,2025-02-01,24,Wolverhampton Wanderers,8602,Aston Villa,10252,True,True,2024/2025
995,4506615,2025-02-02,24,Brentford,9937,Tottenham Hotspur,8586,True,True,2024/2025
996,4506619,2025-02-02,24,Manchester United,10260,Crystal Palace,9826,True,True,2024/2025
997,4506614,2025-02-02,24,Arsenal,9825,Manchester City,8456,True,True,2024/2025
998,4506616,2025-02-03,24,Chelsea,8455,West Ham United,8654,True,True,2024/2025
999,4506436,2025-02-12,15,Everton,8668,Liverpool,8650,True,True,2024/2025
1000,4506624,2025-02-14,25,Brighton & Hove Albion,10204,Chelsea,8455,True,True,2024/2025
1001,4506627,2025-02-15,25,Leicester City,8197,Arsenal,9825,True,True,2024/2025
1002,4506623,2025-02-15,25,Aston Villa,10252,Ipswich Town,9902,True,True,2024/2025
1003,4506626,2025-02-15,25,Fulham,9879,Nottingham Forest,10203,True,True,2024/2025
1004,4506629,2025-02-15,25,Manchester City,8456,Newcastle United,10261,True,True,2024/2025
1005,4506630,2025-02-15,25,Southampton,8466,AFC Bournemouth,8678,True,True,2024/2025
1006,4506632,2025-02-15,25,West Ham United,8654,Brentford,9937,True,True,2024/2025
1007,4506625,2025-02-15,25,Crystal Palace,9826,Everton,8668,True,True,2024/2025
1008,4506628,2025-02-16,25,Liverpool,8650,Wolverhampton Wanderers,8602,True,True,2024/2025
1009,4506631,2025-02-16,25,Tottenham Hotspur,8586,Manchester United,10260,True,True,2024/2025
1010,4506355,2025-02-19,29,Aston Villa,10252,Liverpool,8650,True,True,2024/2025
1011,4506639,2025-02-21,26,Leicester City,8197,Brentford,9937,True,True,2024/2025
1012,4506636,2025-02-22,26,Everton,8668,Manchester United,10260,True,True,2024/2025
1013,4506633,2025-02-22,26,AFC Bournemouth,8678,Wolverhampton Wanderers,8602,True,True,2024/2025
1014,4506634,2025-02-22,26,Arsenal,9825,West Ham United,8654,True,True,2024/2025
1015,4506637,2025-02-22,26,Fulham,9879,Crystal Palace,9826,True,True,2024/2025
1016,4506638,2025-02-22,26,Ipswich Town,9902,Tottenham Hotspur,8586,True,True,2024/2025
1017,4506642,2025-02-22,26,Southampton,8466,Brighton & Hove Albion,10204,True,True,2024/2025
1018,4506635,2025-02-22,26,Aston Villa,10252,Chelsea,8455,True,True,2024/2025
1019,4506641,2025-02-23,26,Newcastle United,10261,Nottingham Forest,10203,True,True,2024/2025
1020,4506640,2025-02-23,26,Manchester City,8456,Liverpool,8650,True,True,2024/2025
1021,4506334,2025-02-25,27,Brighton & Hove Albion,10204,AFC Bournemouth,8678,True,True,2024/2025
1022,4506339,2025-02-25,27,Crystal Palace,9826,Aston Villa,10252,True,True,2024/2025
1023,4506338,2025-02-25,27,Wolverhampton Wanderers,8602,Fulham,9879,True,True,2024/2025
1024,4506340,2025-02-25,27,Chelsea,8455,Southampton,8466,True,True,2024/2025
1025,4506333,2025-02-26,27,Brentford,9937,Everton,8668,True,True,2024/2025
1026,4506342,2025-02-26,27,Manchester United,10260,Ipswich Town,9902,True,True,2024/2025
1027,4506335,2025-02-26,27,Nottingham Forest,10203,Arsenal,9825,True,True,2024/2025
1028,4506336,2025-02-26,27,Tottenham Hotspur,8586,Manchester City,8456,True,True,2024/2025
1029,4506341,2025-02-26,27,Liverpool,8650,Newcastle United,10261,True,True,2024/2025
1030,4506337,2025-02-27,27,West Ham United,8654,Leicester City,8197,True,True,2024/2025
1031,4506349,2025-03-08,28,Nottingham Forest,10203,Manchester City,8456,True,True,2024/2025
1032,4506344,2025-03-08,28,Brighton & Hove Albion,10204,Fulham,9879,True,True,2024/2025
1033,4506346,2025-03-08,28,Crystal Palace,9826,Ipswich Town,9902,True,True,2024/2025
1034,4506347,2025-03-08,28,Liverpool,8650,Southampton,8466,True,True,2024/2025
1035,4506343,2025-03-08,28,Brentford,9937,Aston Villa,10252,True,True,2024/2025
1036,4506352,2025-03-08,28,Wolverhampton Wanderers,8602,Everton,8668,True,True,2024/2025
1037,4506345,2025-03-09,28,Chelsea,8455,Leicester City,8197,True,True,2024/2025
1038,4506350,2025-03-09,28,Tottenham Hotspur,8586,AFC Bournemouth,8678,True,True,2024/2025
1039,4506348,2025-03-09,28,Manchester United,10260,Arsenal,9825,True,True,2024/2025
1040,4506351,2025-03-10,28,West Ham United,8654,Newcastle United,10261,True,True,2024/2025
1041,4506356,2025-03-15,29,Everton,8668,West Ham United,8654,True,True,2024/2025
1042,4506358,2025-03-15,29,Ipswich Town,9902,Nottingham Forest,10203,True,True,2024/2025
1043,4506362,2025-03-15,29,Southampton,8466,Wolverhampton Wanderers,8602,True,True,2024/2025
1044,4506360,2025-03-15,29,Manchester City,8456,Brighton & Hove Albion,10204,True,True,2024/2025
1045,4506353,2025-03-15,29,AFC Bournemouth,8678,Brentford,9937,True,True,2024/2025
1046,4506354,2025-03-16,29,Arsenal,9825,Chelsea,8455,True,True,2024/2025
1047,4506357,2025-03-16,29,Fulham,9879,Tottenham Hotspur,8586,True,True,2024/2025
1048,4506359,2025-03-16,29,Leicester City,8197,Manchester United,10260,True,True,2024/2025
1049,4506364,2025-04-01,30,Arsenal,9825,Fulham,9879,True,True,2024/2025
1050,4506367,2025-04-01,30,Wolverhampton Wanderers,8602,West Ham United,8654,True,True,2024/2025
1051,4506366,2025-04-01,30,Nottingham Forest,10203,Manchester United,10260,True,True,2024/2025
1052,4506363,2025-04-02,30,AFC Bournemouth,8678,Ipswich Town,9902,True,True,2024/2025
1053,4506365,2025-04-02,30,Brighton & Hove Albion,10204,Aston Villa,10252,True,True,2024/2025
1054,4506369,2025-04-02,30,Manchester City,8456,Leicester City,8197,True,True,2024/2025
1055,4506370,2025-04-02,30,Newcastle United,10261,Brentford,9937,True,True,2024/2025
1056,4506371,2025-04-02,30,Southampton,8466,Crystal Palace,9826,True,True,2024/2025
1057,4506372,2025-04-02,30,Liverpool,8650,Everton,8668,True,True,2024/2025
1058,4506368,2025-04-03,30,Chelsea,8455,Tottenham Hotspur,8586,True,True,2024/2025
1059,4506376,2025-04-05,31,Everton,8668,Arsenal,9825,True,True,2024/2025
1060,4506375,2025-04-05,31,Crystal Palace,9826,Brighton & Hove Albion,10204,True,True,2024/2025
1061,4506378,2025-04-05,31,Ipswich Town,9902,Wolverhampton Wanderers,8602,True,True,2024/2025
1062,4506382,2025-04-05,31,West Ham United,8654,AFC Bournemouth,8678,True,True,2024/2025
1063,4506373,2025-04-05,31,Aston Villa,10252,Nottingham Forest,10203,True,True,2024/2025
1064,4506374,2025-04-06,31,Brentford,9937,Chelsea,8455,True,True,2024/2025
1065,4506377,2025-04-06,31,Fulham,9879,Liverpool,8650,True,True,2024/2025
1066,4506381,2025-04-06,31,Tottenham Hotspur,8586,Southampton,8466,True,True,2024/2025
1067,4506380,2025-04-06,31,Manchester United,10260,Manchester City,8456,True,True,2024/2025
1068,4506379,2025-04-07,31,Leicester City,8197,Newcastle United,10261,True,True,2024/2025
1069,4506388,2025-04-12,32,Manchester City,8456,Crystal Palace,9826,True,True,2024/2025
1070,4506385,2025-04-12,32,Brighton & Hove Albion,10204,Leicester City,8197,True,True,2024/2025
1071,4506390,2025-04-12,32,Nottingham Forest,10203,Everton,8668,True,True,2024/2025
1072,4506391,2025-04-12,32,Southampton,8466,Aston Villa,10252,True,True,2024/2025
1073,4506384,2025-04-12,32,Arsenal,9825,Brentford,9937,True,True,2024/2025
1074,4506386,2025-04-13,32,Chelsea,8455,Ipswich Town,9902,True,True,2024/2025
1075,4506387,2025-04-13,32,Liverpool,8650,West Ham United,8654,True,True,2024/2025
1076,4506392,2025-04-13,32,Wolverhampton Wanderers,8602,Tottenham Hotspur,8586,True,True,2024/2025
1077,4506389,2025-04-13,32,Newcastle United,10261,Manchester United,10260,True,True,2024/2025
1078,4506383,2025-04-14,32,AFC Bournemouth,8678,Fulham,9879,True,True,2024/2025
1079,4506361,2025-04-16,29,Newcastle United,10261,Crystal Palace,9826,True,True,2024/2025
1080,4506544,2025-04-19,33,Brentford,9937,Brighton & Hove Albion,10204,True,True,2024/2025
1081,4506545,2025-04-19,33,Crystal Palace,9826,AFC Bournemouth,8678,True,True,2024/2025
1082,4506546,2025-04-19,33,Everton,8668,Manchester City,8456,True,True,2024/2025
1083,4506552,2025-04-19,33,West Ham United,8654,Southampton,8466,True,True,2024/2025
1084,4506543,2025-04-19,33,Aston Villa,10252,Newcastle United,10261,True,True,2024/2025
1085,4506547,2025-04-20,33,Fulham,9879,Chelsea,8455,True,True,2024/2025
1086,4506548,2025-04-20,33,Ipswich Town,9902,Arsenal,9825,True,True,2024/2025
1087,4506550,2025-04-20,33,Manchester United,10260,Wolverhampton Wanderers,8602,True,True,2024/2025
1088,4506549,2025-04-20,33,Leicester City,8197,Liverpool,8650,True,True,2024/2025
1089,4506551,2025-04-21,33,Tottenham Hotspur,8586,Nottingham Forest,10203,True,True,2024/2025
1090,4506558,2025-04-22,34,Manchester City,8456,Aston Villa,10252,True,True,2024/2025
1091,4506554,2025-04-23,34,Arsenal,9825,Crystal Palace,9826,True,True,2024/2025
1092,4506556,2025-04-26,34,Chelsea,8455,Everton,8668,True,True,2024/2025
1093,4506555,2025-04-26,34,Brighton & Hove Albion,10204,West Ham United,8654,True,True,2024/2025
1094,4506559,2025-04-26,34,Newcastle United,10261,Ipswich Town,9902,True,True,2024/2025
1095,4506561,2025-04-26,34,Southampton,8466,Fulham,9879,True,True,2024/2025
1096,4506562,2025-04-26,34,Wolverhampton Wanderers,8602,Leicester City,8197,True,True,2024/2025
1097,4506553,2025-04-27,34,AFC Bournemouth,8678,Manchester United,10260,True,True,2024/2025
1098,4506557,2025-04-27,34,Liverpool,8650,Tottenham Hotspur,8586,True,True,2024/2025
1099,4506560,2025-05-01,34,Nottingham Forest,10203,Brentford,9937,True,True,2024/2025
1100,4506570,2025-05-02,35,Manchester City,8456,Wolverhampton Wanderers,8602,True,True,2024/2025
1101,4506564,2025-05-03,35,Aston Villa,10252,Fulham,9879,True,True,2024/2025
1102,4506568,2025-05-03,35,Everton,8668,Ipswich Town,9902,True,True,2024/2025
1103,4506569,2025-05-03,35,Leicester City,8197,Southampton,8466,True,True,2024/2025
1104,4506563,2025-05-03,35,Arsenal,9825,AFC Bournemouth,8678,True,True,2024/2025
1105,4506565,2025-05-04,35,Brentford,9937,Manchester United,10260,True,True,2024/2025
1106,4506572,2025-05-04,35,Brighton & Hove Albion,10204,Newcastle United,10261,True,True,2024/2025
1107,4506571,2025-05-04,35,West Ham United,8654,Tottenham Hotspur,8586,True,True,2024/2025
1108,4506566,2025-05-04,35,Chelsea,8455,Liverpool,8650,True,True,2024/2025
1109,4506567,2025-05-05,35,Crystal Palace,9826,Nottingham Forest,10203,True,True,2024/2025
1110,4506574,2025-05-10,36,Fulham,9879,Everton,8668,True,True,2024/2025
1111,4506575,2025-05-10,36,Ipswich Town,9902,Brentford,9937,True,True,2024/2025
1112,4506580,2025-05-10,36,Southampton,8466,Manchester City,8456,True,True,2024/2025
1113,4506582,2025-05-10,36,Wolverhampton Wanderers,8602,Brighton & Hove Albion,10204,True,True,2024/2025
1114,4506573,2025-05-10,36,AFC Bournemouth,8678,Aston Villa,10252,True,True,2024/2025
1115,4506578,2025-05-11,36,Newcastle United,10261,Chelsea,8455,True,True,2024/2025
1116,4506577,2025-05-11,36,Manchester United,10260,West Ham United,8654,True,True,2024/2025
1117,4506579,2025-05-11,36,Nottingham Forest,10203,Leicester City,8197,True,True,2024/2025
1118,4506581,2025-05-11,36,Tottenham Hotspur,8586,Crystal Palace,9826,True,True,2024/2025
1119,4506576,2025-05-11,36,Liverpool,8650,Arsenal,9825,True,True,2024/2025
1120,4506584,2025-05-16,37,Aston Villa,10252,Tottenham Hotspur,8586,True,True,2024/2025
1121,4506587,2025-05-16,37,Chelsea,8455,Manchester United,10260,True,True,2024/2025
1122,4506589,2025-05-18,37,Everton,8668,Southampton,8466,True,True,2024/2025
1123,4506592,2025-05-18,37,West Ham United,8654,Nottingham Forest,10203,True,True,2024/2025
1124,4506585,2025-05-18,37,Brentford,9937,Fulham,9879,True,True,2024/2025
1125,4506590,2025-05-18,37,Leicester City,8197,Ipswich Town,9902,True,True,2024/2025
1126,4506583,2025-05-18,37,Arsenal,9825,Newcastle United,10261,True,True,2024/2025
1127,4506586,2025-05-19,37,Brighton & Hove Albion,10204,Liverpool,8650,True,True,2024/2025
1128,4506588,2025-05-20,37,Crystal Palace,9826,Wolverhampton Wanderers,8602,True,True,2024/2025
1129,4506591,2025-05-20,37,Manchester City,8456,AFC Bournemouth,8678,True,True,2024/2025
1130,4506593,2025-05-25,38,AFC Bournemouth,8678,Leicester City,8197,True,True,2024/2025
1131,4506594,2025-05-25,38,Fulham,9879,Manchester City,8456,True,True,2024/2025
1132,4506595,2025-05-25,38,Ipswich Town,9902,West Ham United,8654,True,True,2024/2025
1133,4506596,2025-05-25,38,Liverpool,8650,Crystal Palace,9826,True,True,2024/2025
1134,4506597,2025-05-25,38,Manchester United,10260,Aston Villa,10252,True,True,2024/2025
1135,4506598,2025-05-25,38,Newcastle United,10261,Everton,8668,True,True,2024/2025
1136,4506599,2025-05-25,38,Nottingham Forest,10203,Chelsea,8455,True,True,2024/2025
1137,4506600,2025-05-25,38,Southampton,8466,Arsenal,9825,True,True,2024/2025
1138,4506601,2025-05-25,38,Tottenham Hotspur,8586,Brighton & Hove Albion,10204,True,True,2024/2025
1139,4506602,2025-05-25,38,Wolverhampton Wanderers,8602,Brentford,9937,True,True,2024/2025
1140,4193450,2023-08-11,1,Burnley,8191,Manchester City,8456,True,True,2023/2024
1141,4193451,2023-08-12,1,Arsenal,9825,Nottingham Forest,10203,True,True,2023/2024
1142,4193452,2023-08-12,1,AFC Bournemouth,8678,West Ham United,8654,True,True,2023/2024
1143,4193453,2023-08-12,1,Brighton & Hove Albion,10204,Luton Town,8346,True,True,2023/2024
1144,4193454,2023-08-12,1,Everton,8668,Fulham,9879,True,True,2023/2024
1145,4193455,2023-08-12,1,Sheffield United,8657,Crystal Palace,9826,True,True,2023/2024
1146,4193456,2023-08-12,1,Newcastle United,10261,Aston Villa,10252,True,True,2023/2024
1147,4193457,2023-08-13,1,Brentford,9937,Tottenham Hotspur,8586,True,True,2023/2024
1148,4193458,2023-08-13,1,Chelsea,8455,Liverpool,8650,True,True,2023/2024
1149,4193459,2023-08-14,1,Manchester United,10260,Wolverhampton Wanderers,8602,True,True,2023/2024
1150,4193476,2023-08-18,2,Nottingham Forest,10203,Sheffield United,8657,True,True,2023/2024
1151,4193472,2023-08-19,2,Fulham,9879,Brentford,9937,True,True,2023/2024
1152,4193473,2023-08-19,2,Liverpool,8650,AFC Bournemouth,8678,True,True,2023/2024
1153,4193479,2023-08-19,2,Wolverhampton Wanderers,8602,Brighton & Hove Albion,10204,True,True,2023/2024
1154,4193477,2023-08-19,2,Tottenham Hotspur,8586,Manchester United,10260,True,True,2023/2024
1155,4193475,2023-08-19,2,Manchester City,8456,Newcastle United,10261,True,True,2023/2024
1156,4193470,2023-08-20,2,Aston Villa,10252,Everton,8668,True,True,2023/2024
1157,4193478,2023-08-20,2,West Ham United,8654,Chelsea,8455,True,True,2023/2024
1158,4193471,2023-08-21,2,Crystal Palace,9826,Arsenal,9825,True,True,2023/2024
1159,4193485,2023-08-25,3,Chelsea,8455,Luton Town,8346,True,True,2023/2024
1160,4193480,2023-08-26,3,AFC Bournemouth,8678,Tottenham Hotspur,8586,True,True,2023/2024
1161,4193481,2023-08-26,3,Arsenal,9825,Fulham,9879,True,True,2023/2024
1162,4193482,2023-08-26,3,Brentford,9937,Crystal Palace,9826,True,True,2023/2024
1163,4193486,2023-08-26,3,Everton,8668,Wolverhampton Wanderers,8602,True,True,2023/2024
1164,4193487,2023-08-26,3,Manchester United,10260,Nottingham Forest,10203,True,True,2023/2024
1165,4193483,2023-08-26,3,Brighton & Hove Albion,10204,West Ham United,8654,True,True,2023/2024
1166,4193484,2023-08-27,3,Burnley,8191,Aston Villa,10252,True,True,2023/2024
1167,4193489,2023-08-27,3,Sheffield United,8657,Manchester City,8456,True,True,2023/2024
1168,4193488,2023-08-27,3,Newcastle United,10261,Liverpool,8650,True,True,2023/2024
1169,4193497,2023-09-01,4,Luton Town,8346,West Ham United,8654,True,True,2023/2024
1170,4193499,2023-09-02,4,Sheffield United,8657,Everton,8668,True,True,2023/2024
1171,4193491,2023-09-02,4,Brentford,9937,AFC Bournemouth,8678,True,True,2023/2024
1172,4193493,2023-09-02,4,Burnley,8191,Tottenham Hotspur,8586,True,True,2023/2024
1173,4193494,2023-09-02,4,Chelsea,8455,Nottingham Forest,10203,True,True,2023/2024
1174,4193498,2023-09-02,4,Manchester City,8456,Fulham,9879,True,True,2023/2024
1175,4193492,2023-09-02,4,Brighton & Hove Albion,10204,Newcastle United,10261,True,True,2023/2024
1176,4193495,2023-09-03,4,Crystal Palace,9826,Wolverhampton Wanderers,8602,True,True,2023/2024
1177,4193496,2023-09-03,4,Liverpool,8650,Aston Villa,10252,True,True,2023/2024
1178,4193490,2023-09-03,4,Arsenal,9825,Manchester United,10260,True,True,2023/2024
1179,4193509,2023-09-16,5,Wolverhampton Wanderers,8602,Liverpool,8650,True,True,2023/2024
1180,4193501,2023-09-16,5,Aston Villa,10252,Crystal Palace,9826,True,True,2023/2024
1181,4193503,2023-09-16,5,Fulham,9879,Luton Town,8346,True,True,2023/2024
1182,4193504,2023-09-16,5,Manchester United,10260,Brighton & Hove Albion,10204,True,True,2023/2024
1183,4193507,2023-09-16,5,Tottenham Hotspur,8586,Sheffield United,8657,True,True,2023/2024
1184,4193508,2023-09-16,5,West Ham United,8654,Manchester City,8456,True,True,2023/2024
1185,4193505,2023-09-16,5,Newcastle United,10261,Brentford,9937,True,True,2023/2024
1186,4193500,2023-09-17,5,AFC Bournemouth,8678,Chelsea,8455,True,True,2023/2024
1187,4193502,2023-09-17,5,Everton,8668,Arsenal,9825,True,True,2023/2024
1188,4193506,2023-09-18,5,Nottingham Forest,10203,Burnley,8191,True,True,2023/2024
1189,4193515,2023-09-23,6,Crystal Palace,9826,Fulham,9879,True,True,2023/2024
1190,4193517,2023-09-23,6,Luton Town,8346,Wolverhampton Wanderers,8602,True,True,2023/2024
1191,4193518,2023-09-23,6,Manchester City,8456,Nottingham Forest,10203,True,True,2023/2024
1192,4193511,2023-09-23,6,Brentford,9937,Everton,8668,True,True,2023/2024
1193,4193513,2023-09-23,6,Burnley,8191,Manchester United,10260,True,True,2023/2024
1194,4193510,2023-09-24,6,Arsenal,9825,Tottenham Hotspur,8586,True,True,2023/2024
1195,4193512,2023-09-24,6,Brighton & Hove Albion,10204,AFC Bournemouth,8678,True,True,2023/2024
1196,4193514,2023-09-24,6,Chelsea,8455,Aston Villa,10252,True,True,2023/2024
1197,4193516,2023-09-24,6,Liverpool,8650,West Ham United,8654,True,True,2023/2024
1198,4193519,2023-09-24,6,Sheffield United,8657,Newcastle United,10261,True,True,2023/2024
1199,4193521,2023-09-30,7,Aston Villa,10252,Brighton & Hove Albion,10204,True,True,2023/2024
1200,4193520,2023-09-30,7,AFC Bournemouth,8678,Arsenal,9825,True,True,2023/2024
1201,4193522,2023-09-30,7,Everton,8668,Luton Town,8346,True,True,2023/2024
1202,4193524,2023-09-30,7,Manchester United,10260,Crystal Palace,9826,True,True,2023/2024
1203,4193525,2023-09-30,7,Newcastle United,10261,Burnley,8191,True,True,2023/2024
1204,4193528,2023-09-30,7,West Ham United,8654,Sheffield United,8657,True,True,2023/2024
1205,4193529,2023-09-30,7,Wolverhampton Wanderers,8602,Manchester City,8456,True,True,2023/2024
1206,4193527,2023-09-30,7,Tottenham Hotspur,8586,Liverpool,8650,True,True,2023/2024
1207,4193526,2023-10-01,7,Nottingham Forest,10203,Brentford,9937,True,True,2023/2024
1208,4193523,2023-10-02,7,Fulham,9879,Chelsea,8455,True,True,2023/2024
1209,4193474,2023-10-03,2,Luton Town,8346,Burnley,8191,True,True,2023/2024
1210,4193536,2023-10-07,8,Luton Town,8346,Tottenham Hotspur,8586,True,True,2023/2024
1211,4193532,2023-10-07,8,Burnley,8191,Chelsea,8455,True,True,2023/2024
1212,4193534,2023-10-07,8,Everton,8668,AFC Bournemouth,8678,True,True,2023/2024
1213,4193535,2023-10-07,8,Fulham,9879,Sheffield United,8657,True,True,2023/2024
1214,4193537,2023-10-07,8,Manchester United,10260,Brentford,9937,True,True,2023/2024
1215,4193533,2023-10-07,8,Crystal Palace,9826,Nottingham Forest,10203,True,True,2023/2024
1216,4193531,2023-10-08,8,Brighton & Hove Albion,10204,Liverpool,8650,True,True,2023/2024
1217,4193538,2023-10-08,8,West Ham United,8654,Newcastle United,10261,True,True,2023/2024
1218,4193539,2023-10-08,8,Wolverhampton Wanderers,8602,Aston Villa,10252,True,True,2023/2024
1219,4193530,2023-10-08,8,Arsenal,9825,Manchester City,8456,True,True,2023/2024
1220,4193544,2023-10-21,9,Liverpool,8650,Everton,8668,True,True,2023/2024
1221,4193540,2023-10-21,9,AFC Bournemouth,8678,Wolverhampton Wanderers,8602,True,True,2023/2024
1222,4193542,2023-10-21,9,Brentford,9937,Burnley,8191,True,True,2023/2024
1223,4193545,2023-10-21,9,Manchester City,8456,Brighton & Hove Albion,10204,True,True,2023/2024
1224,4193546,2023-10-21,9,Newcastle United,10261,Crystal Palace,9826,True,True,2023/2024
1225,4193547,2023-10-21,9,Nottingham Forest,10203,Luton Town,8346,True,True,2023/2024
1226,4193543,2023-10-21,9,Chelsea,8455,Arsenal,9825,True,True,2023/2024
1227,4193548,2023-10-21,9,Sheffield United,8657,Manchester United,10260,True,True,2023/2024
1228,4193541,2023-10-22,9,Aston Villa,10252,West Ham United,8654,True,True,2023/2024
1229,4193549,2023-10-23,9,Tottenham Hotspur,8586,Fulham,9879,True,True,2023/2024
1230,4193555,2023-10-27,10,Crystal Palace,9826,Tottenham Hotspur,8586,True,True,2023/2024
1231,4193554,2023-10-28,10,Chelsea,8455,Brentford,9937,True,True,2023/2024
1232,4193550,2023-10-28,10,AFC Bournemouth,8678,Burnley,8191,True,True,2023/2024
1233,4193551,2023-10-28,10,Arsenal,9825,Sheffield United,8657,True,True,2023/2024
1234,4193559,2023-10-28,10,Wolverhampton Wanderers,8602,Newcastle United,10261,True,True,2023/2024
1235,4193558,2023-10-29,10,West Ham United,8654,Everton,8668,True,True,2023/2024
1236,4193552,2023-10-29,10,Aston Villa,10252,Luton Town,8346,True,True,2023/2024
1237,4193553,2023-10-29,10,Brighton & Hove Albion,10204,Fulham,9879,True,True,2023/2024
1238,4193556,2023-10-29,10,Liverpool,8650,Nottingham Forest,10203,True,True,2023/2024
1239,4193557,2023-10-29,10,Manchester United,10260,Manchester City,8456,True,True,2023/2024
1240,4193563,2023-11-04,11,Fulham,9879,Manchester United,10260,True,True,2023/2024
1241,4193560,2023-11-04,11,Brentford,9937,West Ham United,8654,True,True,2023/2024
1242,4193561,2023-11-04,11,Burnley,8191,Crystal Palace,9826,True,True,2023/2024
1243,4193562,2023-11-04,11,Everton,8668,Brighton & Hove Albion,10204,True,True,2023/2024
1244,4193565,2023-11-04,11,Manchester City,8456,AFC Bournemouth,8678,True,True,2023/2024
1245,4193568,2023-11-04,11,Sheffield United,8657,Wolverhampton Wanderers,8602,True,True,2023/2024
1246,4193566,2023-11-04,11,Newcastle United,10261,Arsenal,9825,True,True,2023/2024
1247,4193567,2023-11-05,11,Nottingham Forest,10203,Aston Villa,10252,True,True,2023/2024
1248,4193564,2023-11-05,11,Luton Town,8346,Liverpool,8650,True,True,2023/2024
1249,4193569,2023-11-06,11,Tottenham Hotspur,8586,Chelsea,8455,True,True,2023/2024
1250,4193579,2023-11-11,12,Wolverhampton Wanderers,8602,Tottenham Hotspur,8586,True,True,2023/2024
1251,4193571,2023-11-11,12,Arsenal,9825,Burnley,8191,True,True,2023/2024
1252,4193575,2023-11-11,12,Crystal Palace,9826,Everton,8668,True,True,2023/2024
1253,4193577,2023-11-11,12,Manchester United,10260,Luton Town,8346,True,True,2023/2024
1254,4193570,2023-11-11,12,AFC Bournemouth,8678,Newcastle United,10261,True,True,2023/2024
1255,4193572,2023-11-12,12,Aston Villa,10252,Fulham,9879,True,True,2023/2024
1256,4193573,2023-11-12,12,Brighton & Hove Albion,10204,Sheffield United,8657,True,True,2023/2024
1257,4193576,2023-11-12,12,Liverpool,8650,Brentford,9937,True,True,2023/2024
1258,4193578,2023-11-12,12,West Ham United,8654,Nottingham Forest,10203,True,True,2023/2024
1259,4193574,2023-11-12,12,Chelsea,8455,Manchester City,8456,True,True,2023/2024
1260,4193656,2023-11-25,13,Manchester City,8456,Liverpool,8650,True,True,2023/2024
1261,4193652,2023-11-25,13,Burnley,8191,West Ham United,8654,True,True,2023/2024
1262,4193655,2023-11-25,13,Luton Town,8346,Crystal Palace,9826,True,True,2023/2024
1263,4193657,2023-11-25,13,Newcastle United,10261,Chelsea,8455,True,True,2023/2024
1264,4193658,2023-11-25,13,Nottingham Forest,10203,Brighton & Hove Albion,10204,True,True,2023/2024
1265,4193659,2023-11-25,13,Sheffield United,8657,AFC Bournemouth,8678,True,True,2023/2024
1266,4193651,2023-11-25,13,Brentford,9937,Arsenal,9825,True,True,2023/2024
1267,4193660,2023-11-26,13,Tottenham Hotspur,8586,Aston Villa,10252,True,True,2023/2024
1268,4193653,2023-11-26,13,Everton,8668,Manchester United,10260,True,True,2023/2024
1269,4193654,2023-11-27,13,Fulham,9879,Wolverhampton Wanderers,8602,True,True,2023/2024
1270,4193662,2023-12-02,14,Arsenal,9825,Wolverhampton Wanderers,8602,True,True,2023/2024
1271,4193663,2023-12-02,14,Brentford,9937,Luton Town,8346,True,True,2023/2024
1272,4193664,2023-12-02,14,Burnley,8191,Sheffield United,8657,True,True,2023/2024
1273,4193669,2023-12-02,14,Nottingham Forest,10203,Everton,8668,True,True,2023/2024
1274,4193668,2023-12-02,14,Newcastle United,10261,Manchester United,10260,True,True,2023/2024
1275,4193661,2023-12-03,14,AFC Bournemouth,8678,Aston Villa,10252,True,True,2023/2024
1276,4193665,2023-12-03,14,Chelsea,8455,Brighton & Hove Albion,10204,True,True,2023/2024
1277,4193666,2023-12-03,14,Liverpool,8650,Fulham,9879,True,True,2023/2024
1278,4193670,2023-12-03,14,West Ham United,8654,Crystal Palace,9826,True,True,2023/2024
1279,4193667,2023-12-03,14,Manchester City,8456,Tottenham Hotspur,8586,True,True,2023/2024
1280,4193678,2023-12-05,15,Wolverhampton Wanderers,8602,Burnley,8191,True,True,2023/2024
1281,4193675,2023-12-05,15,Luton Town,8346,Arsenal,9825,True,True,2023/2024
1282,4193672,2023-12-06,15,Brighton & Hove Albion,10204,Brentford,9937,True,True,2023/2024
1283,4193679,2023-12-06,15,Crystal Palace,9826,AFC Bournemouth,8678,True,True,2023/2024
1284,4193674,2023-12-06,15,Fulham,9879,Nottingham Forest,10203,True,True,2023/2024
1285,4193676,2023-12-06,15,Sheffield United,8657,Liverpool,8650,True,True,2023/2024
1286,4193671,2023-12-06,15,Aston Villa,10252,Manchester City,8456,True,True,2023/2024
1287,4193680,2023-12-06,15,Manchester United,10260,Chelsea,8455,True,True,2023/2024
1288,4193673,2023-12-07,15,Everton,8668,Newcastle United,10261,True,True,2023/2024
1289,4193677,2023-12-07,15,Tottenham Hotspur,8586,West Ham United,8654,True,True,2023/2024
1290,4193683,2023-12-09,16,Crystal Palace,9826,Liverpool,8650,True,True,2023/2024
1291,4193682,2023-12-09,16,Brighton & Hove Albion,10204,Burnley,8191,True,True,2023/2024
1292,4193687,2023-12-09,16,Manchester United,10260,AFC Bournemouth,8678,True,True,2023/2024
1293,4193688,2023-12-09,16,Sheffield United,8657,Brentford,9937,True,True,2023/2024
1294,4193690,2023-12-09,16,Wolverhampton Wanderers,8602,Nottingham Forest,10203,True,True,2023/2024
1295,4193681,2023-12-09,16,Aston Villa,10252,Arsenal,9825,True,True,2023/2024
1296,4193684,2023-12-10,16,Everton,8668,Chelsea,8455,True,True,2023/2024
1297,4193685,2023-12-10,16,Fulham,9879,West Ham United,8654,True,True,2023/2024
1298,4193686,2023-12-10,16,Luton Town,8346,Manchester City,8456,True,True,2023/2024
1299,4193689,2023-12-10,16,Tottenham Hotspur,8586,Newcastle United,10261,True,True,2023/2024
1300,4193699,2023-12-15,17,Nottingham Forest,10203,Tottenham Hotspur,8586,True,True,2023/2024
1301,4193695,2023-12-16,17,Chelsea,8455,Sheffield United,8657,True,True,2023/2024
1302,4193697,2023-12-16,17,Manchester City,8456,Crystal Palace,9826,True,True,2023/2024
1303,4193698,2023-12-16,17,Newcastle United,10261,Fulham,9879,True,True,2023/2024
1304,4193694,2023-12-16,17,Burnley,8191,Everton,8668,True,True,2023/2024
1305,4193692,2023-12-17,17,Arsenal,9825,Brighton & Hove Albion,10204,True,True,2023/2024
1306,4193693,2023-12-17,17,Brentford,9937,Aston Villa,10252,True,True,2023/2024
1307,4193700,2023-12-17,17,West Ham United,8654,Wolverhampton Wanderers,8602,True,True,2023/2024
1308,4193696,2023-12-17,17,Liverpool,8650,Manchester United,10260,True,True,2023/2024
1309,4193702,2023-12-21,18,Crystal Palace,9826,Brighton & Hove Albion,10204,True,True,2023/2024
1310,4193701,2023-12-22,18,Aston Villa,10252,Sheffield United,8657,True,True,2023/2024
1311,4193709,2023-12-23,18,West Ham United,8654,Manchester United,10260,True,True,2023/2024
1312,4193703,2023-12-23,18,Fulham,9879,Burnley,8191,True,True,2023/2024
1313,4193705,2023-12-23,18,Luton Town,8346,Newcastle United,10261,True,True,2023/2024
1314,4193707,2023-12-23,18,Nottingham Forest,10203,AFC Bournemouth,8678,True,True,2023/2024
1315,4193708,2023-12-23,18,Tottenham Hotspur,8586,Everton,8668,True,True,2023/2024
1316,4193704,2023-12-23,18,Liverpool,8650,Arsenal,9825,True,True,2023/2024
1317,4193710,2023-12-24,18,Wolverhampton Wanderers,8602,Chelsea,8455,True,True,2023/2024
1318,4193719,2023-12-26,19,Newcastle United,10261,Nottingham Forest,10203,True,True,2023/2024
1319,4193711,2023-12-26,19,AFC Bournemouth,8678,Fulham,9879,True,True,2023/2024
1320,4193720,2023-12-26,19,Sheffield United,8657,Luton Town,8346,True,True,2023/2024
1321,4193715,2023-12-26,19,Burnley,8191,Liverpool,8650,True,True,2023/2024
1322,4193718,2023-12-26,19,Manchester United,10260,Aston Villa,10252,True,True,2023/2024
1323,4193713,2023-12-27,19,Brentford,9937,Wolverhampton Wanderers,8602,True,True,2023/2024
1324,4193716,2023-12-27,19,Chelsea,8455,Crystal Palace,9826,True,True,2023/2024
1325,4193717,2023-12-27,19,Everton,8668,Manchester City,8456,True,True,2023/2024
1326,4193714,2023-12-28,19,Brighton & Hove Albion,10204,Tottenham Hotspur,8586,True,True,2023/2024
1327,4193712,2023-12-28,19,Arsenal,9825,West Ham United,8654,True,True,2023/2024
1328,4193725,2023-12-30,20,Luton Town,8346,Chelsea,8455,True,True,2023/2024
1329,4193721,2023-12-30,20,Aston Villa,10252,Burnley,8191,True,True,2023/2024
1330,4193722,2023-12-30,20,Crystal Palace,9826,Brentford,9937,True,True,2023/2024
1331,4193726,2023-12-30,20,Manchester City,8456,Sheffield United,8657,True,True,2023/2024
1332,4193730,2023-12-30,20,Wolverhampton Wanderers,8602,Everton,8668,True,True,2023/2024
1333,4193727,2023-12-30,20,Nottingham Forest,10203,Manchester United,10260,True,True,2023/2024
1334,4193723,2023-12-31,20,Fulham,9879,Arsenal,9825,True,True,2023/2024
1335,4193728,2023-12-31,20,Tottenham Hotspur,8586,AFC Bournemouth,8678,True,True,2023/2024
1336,4193724,2024-01-01,20,Liverpool,8650,Newcastle United,10261,True,True,2023/2024
1337,4193729,2024-01-02,20,West Ham United,8654,Brighton & Hove Albion,10204,True,True,2023/2024
1338,4193735,2024-01-12,21,Burnley,8191,Luton Town,8346,True,True,2023/2024
1339,4193736,2024-01-13,21,Chelsea,8455,Fulham,9879,True,True,2023/2024
1340,4193739,2024-01-13,21,Newcastle United,10261,Manchester City,8456,True,True,2023/2024
1341,4193737,2024-01-14,21,Everton,8668,Aston Villa,10252,True,True,2023/2024
1342,4193738,2024-01-14,21,Manchester United,10260,Tottenham Hotspur,8586,True,True,2023/2024
1343,4193732,2024-01-20,21,Arsenal,9825,Crystal Palace,9826,True,True,2023/2024
1344,4193733,2024-01-20,21,Brentford,9937,Nottingham Forest,10203,True,True,2023/2024
1345,4193740,2024-01-21,21,Sheffield United,8657,West Ham United,8654,True,True,2023/2024
1346,4193731,2024-01-21,21,AFC Bournemouth,8678,Liverpool,8650,True,True,2023/2024
1347,4193734,2024-01-22,21,Brighton & Hove Albion,10204,Wolverhampton Wanderers,8602,True,True,2023/2024
1348,4193744,2024-01-30,22,Nottingham Forest,10203,Arsenal,9825,True,True,2023/2024
1349,4193742,2024-01-30,22,Fulham,9879,Everton,8668,True,True,2023/2024
1350,4193743,2024-01-30,22,Luton Town,8346,Brighton & Hove Albion,10204,True,True,2023/2024
1351,4193748,2024-01-30,22,Crystal Palace,9826,Sheffield United,8657,True,True,2023/2024
1352,4193741,2024-01-30,22,Aston Villa,10252,Newcastle United,10261,True,True,2023/2024
1353,4193750,2024-01-31,22,Manchester City,8456,Burnley,8191,True,True,2023/2024
1354,4193745,2024-01-31,22,Tottenham Hotspur,8586,Brentford,9937,True,True,2023/2024
1355,4193749,2024-01-31,22,Liverpool,8650,Chelsea,8455,True,True,2023/2024
1356,4193746,2024-02-01,22,West Ham United,8654,AFC Bournemouth,8678,True,True,2023/2024
1357,4193747,2024-02-01,22,Wolverhampton Wanderers,8602,Manchester United,10260,True,True,2023/2024
1358,4193757,2024-02-03,23,Everton,8668,Tottenham Hotspur,8586,True,True,2023/2024
1359,4193754,2024-02-03,23,Brighton & Hove Albion,10204,Crystal Palace,9826,True,True,2023/2024
1360,4193755,2024-02-03,23,Burnley,8191,Fulham,9879,True,True,2023/2024
1361,4193759,2024-02-03,23,Newcastle United,10261,Luton Town,8346,True,True,2023/2024
1362,4193760,2024-02-03,23,Sheffield United,8657,Aston Villa,10252,True,True,2023/2024
1363,4193751,2024-02-04,23,AFC Bournemouth,8678,Nottingham Forest,10203,True,True,2023/2024
1364,4193756,2024-02-04,23,Chelsea,8455,Wolverhampton Wanderers,8602,True,True,2023/2024
1365,4193758,2024-02-04,23,Manchester United,10260,West Ham United,8654,True,True,2023/2024
1366,4193752,2024-02-04,23,Arsenal,9825,Liverpool,8650,True,True,2023/2024
1367,4193753,2024-02-05,23,Brentford,9937,Manchester City,8456,True,True,2023/2024
1368,4193766,2024-02-10,24,Manchester City,8456,Everton,8668,True,True,2023/2024
1369,4193763,2024-02-10,24,Fulham,9879,AFC Bournemouth,8678,True,True,2023/2024
1370,4193764,2024-02-10,24,Liverpool,8650,Burnley,8191,True,True,2023/2024
1371,4193765,2024-02-10,24,Luton Town,8346,Sheffield United,8657,True,True,2023/2024
1372,4193768,2024-02-10,24,Tottenham Hotspur,8586,Brighton & Hove Albion,10204,True,True,2023/2024
1373,4193770,2024-02-10,24,Wolverhampton Wanderers,8602,Brentford,9937,True,True,2023/2024
1374,4193767,2024-02-10,24,Nottingham Forest,10203,Newcastle United,10261,True,True,2023/2024
1375,4193769,2024-02-11,24,West Ham United,8654,Arsenal,9825,True,True,2023/2024
1376,4193761,2024-02-11,24,Aston Villa,10252,Manchester United,10260,True,True,2023/2024
1377,4193762,2024-02-12,24,Crystal Palace,9826,Chelsea,8455,True,True,2023/2024
1378,4193771,2024-02-17,25,Brentford,9937,Liverpool,8650,True,True,2023/2024
1379,4193772,2024-02-17,25,Burnley,8191,Arsenal,9825,True,True,2023/2024
1380,4193774,2024-02-17,25,Fulham,9879,Aston Villa,10252,True,True,2023/2024
1381,4193777,2024-02-17,25,Newcastle United,10261,AFC Bournemouth,8678,True,True,2023/2024
1382,4193778,2024-02-17,25,Nottingham Forest,10203,West Ham United,8654,True,True,2023/2024
1383,4193780,2024-02-17,25,Tottenham Hotspur,8586,Wolverhampton Wanderers,8602,True,True,2023/2024
1384,4193776,2024-02-17,25,Manchester City,8456,Chelsea,8455,True,True,2023/2024
1385,4193779,2024-02-18,25,Sheffield United,8657,Brighton & Hove Albion,10204,True,True,2023/2024
1386,4193775,2024-02-18,25,Luton Town,8346,Manchester United,10260,True,True,2023/2024
1387,4193773,2024-02-19,25,Everton,8668,Crystal Palace,9826,True,True,2023/2024
1388,4193706,2024-02-20,18,Manchester City,8456,Brentford,9937,True,True,2023/2024
1389,4193787,2024-02-21,26,Liverpool,8650,Luton Town,8346,True,True,2023/2024
1390,4193783,2024-02-24,26,Aston Villa,10252,Nottingham Forest,10203,True,True,2023/2024
1391,4193784,2024-02-24,26,Brighton & Hove Albion,10204,Everton,8668,True,True,2023/2024
1392,4193786,2024-02-24,26,Crystal Palace,9826,Burnley,8191,True,True,2023/2024
1393,4193788,2024-02-24,26,Manchester United,10260,Fulham,9879,True,True,2023/2024
1394,4193781,2024-02-24,26,AFC Bournemouth,8678,Manchester City,8456,True,True,2023/2024
1395,4193782,2024-02-24,26,Arsenal,9825,Newcastle United,10261,True,True,2023/2024
1396,4193790,2024-02-25,26,Wolverhampton Wanderers,8602,Sheffield United,8657,True,True,2023/2024
1397,4193789,2024-02-26,26,West Ham United,8654,Brentford,9937,True,True,2023/2024
1398,4193791,2024-03-02,27,Brentford,9937,Chelsea,8455,True,True,2023/2024
1399,4193793,2024-03-02,27,Everton,8668,West Ham United,8654,True,True,2023/2024
1400,4193794,2024-03-02,27,Fulham,9879,Brighton & Hove Albion,10204,True,True,2023/2024
1401,4193797,2024-03-02,27,Newcastle United,10261,Wolverhampton Wanderers,8602,True,True,2023/2024
1402,4193798,2024-03-02,27,Nottingham Forest,10203,Liverpool,8650,True,True,2023/2024
1403,4193800,2024-03-02,27,Tottenham Hotspur,8586,Crystal Palace,9826,True,True,2023/2024
1404,4193795,2024-03-02,27,Luton Town,8346,Aston Villa,10252,True,True,2023/2024
1405,4193792,2024-03-03,27,Burnley,8191,AFC Bournemouth,8678,True,True,2023/2024
1406,4193796,2024-03-03,27,Manchester City,8456,Manchester United,10260,True,True,2023/2024
1407,4193799,2024-03-04,27,Sheffield United,8657,Arsenal,9825,True,True,2023/2024
1408,4193808,2024-03-09,28,Manchester United,10260,Everton,8668,True,True,2023/2024
1409,4193801,2024-03-09,28,AFC Bournemouth,8678,Sheffield United,8657,True,True,2023/2024
1410,4193806,2024-03-09,28,Crystal Palace,9826,Luton Town,8346,True,True,2023/2024
1411,4193810,2024-03-09,28,Wolverhampton Wanderers,8602,Fulham,9879,True,True,2023/2024
1412,4193802,2024-03-09,28,Arsenal,9825,Brentford,9937,True,True,2023/2024
1413,4193803,2024-03-10,28,Aston Villa,10252,Tottenham Hotspur,8586,True,True,2023/2024
1414,4193804,2024-03-10,28,Brighton & Hove Albion,10204,Nottingham Forest,10203,True,True,2023/2024
1415,4193809,2024-03-10,28,West Ham United,8654,Burnley,8191,True,True,2023/2024
1416,4193807,2024-03-10,28,Liverpool,8650,Manchester City,8456,True,True,2023/2024
1417,4193805,2024-03-11,28,Chelsea,8455,Newcastle United,10261,True,True,2023/2024
1418,4421797,2024-03-13,17,AFC Bournemouth,8678,Luton Town,8346,True,True,2023/2024
1419,4193813,2024-03-16,29,Burnley,8191,Brentford,9937,True,True,2023/2024
1420,4193817,2024-03-16,29,Luton Town,8346,Nottingham Forest,10203,True,True,2023/2024
1421,4193816,2024-03-16,29,Fulham,9879,Tottenham Hotspur,8586,True,True,2023/2024
1422,4193819,2024-03-17,29,West Ham United,8654,Aston Villa,10252,True,True,2023/2024
1423,4193827,2024-03-30,30,Newcastle United,10261,West Ham United,8654,True,True,2023/2024
1424,4193821,2024-03-30,30,AFC Bournemouth,8678,Everton,8668,True,True,2023/2024
1425,4193824,2024-03-30,30,Chelsea,8455,Burnley,8191,True,True,2023/2024
1426,4193828,2024-03-30,30,Nottingham Forest,10203,Crystal Palace,9826,True,True,2023/2024
1427,4193829,2024-03-30,30,Sheffield United,8657,Fulham,9879,True,True,2023/2024
1428,4193830,2024-03-30,30,Tottenham Hotspur,8586,Luton Town,8346,True,True,2023/2024
1429,4193822,2024-03-30,30,Aston Villa,10252,Wolverhampton Wanderers,8602,True,True,2023/2024
1430,4193823,2024-03-30,30,Brentford,9937,Manchester United,10260,True,True,2023/2024
1431,4193825,2024-03-31,30,Liverpool,8650,Brighton & Hove Albion,10204,True,True,2023/2024
1432,4193826,2024-03-31,30,Manchester City,8456,Arsenal,9825,True,True,2023/2024
1433,4193838,2024-04-02,31,Newcastle United,10261,Everton,8668,True,True,2023/2024
1434,4193835,2024-04-02,31,Nottingham Forest,10203,Fulham,9879,True,True,2023/2024
1435,4193831,2024-04-02,31,AFC Bournemouth,8678,Crystal Palace,9826,True,True,2023/2024
1436,4193834,2024-04-02,31,Burnley,8191,Wolverhampton Wanderers,8602,True,True,2023/2024
1437,4193836,2024-04-02,31,West Ham United,8654,Tottenham Hotspur,8586,True,True,2023/2024
1438,4193832,2024-04-03,31,Arsenal,9825,Luton Town,8346,True,True,2023/2024
1439,4193833,2024-04-03,31,Brentford,9937,Brighton & Hove Albion,10204,True,True,2023/2024
1440,4193840,2024-04-03,31,Manchester City,8456,Aston Villa,10252,True,True,2023/2024
1441,4193839,2024-04-04,31,Liverpool,8650,Sheffield United,8657,True,True,2023/2024
1442,4193837,2024-04-04,31,Chelsea,8455,Manchester United,10260,True,True,2023/2024
1443,4193843,2024-04-06,32,Crystal Palace,9826,Manchester City,8456,True,True,2023/2024
1444,4193841,2024-04-06,32,Aston Villa,10252,Brentford,9937,True,True,2023/2024
1445,4193844,2024-04-06,32,Everton,8668,Burnley,8191,True,True,2023/2024
1446,4193845,2024-04-06,32,Fulham,9879,Newcastle United,10261,True,True,2023/2024
1447,4193846,2024-04-06,32,Luton Town,8346,AFC Bournemouth,8678,True,True,2023/2024
1448,4193850,2024-04-06,32,Wolverhampton Wanderers,8602,West Ham United,8654,True,True,2023/2024
1449,4193842,2024-04-06,32,Brighton & Hove Albion,10204,Arsenal,9825,True,True,2023/2024
1450,4193847,2024-04-07,32,Manchester United,10260,Liverpool,8650,True,True,2023/2024
1451,4193848,2024-04-07,32,Sheffield United,8657,Chelsea,8455,True,True,2023/2024
1452,4193849,2024-04-07,32,Tottenham Hotspur,8586,Nottingham Forest,10203,True,True,2023/2024
1453,4193858,2024-04-13,33,Newcastle United,10261,Tottenham Hotspur,8586,True,True,2023/2024
1454,4193853,2024-04-13,33,Brentford,9937,Sheffield United,8657,True,True,2023/2024
1455,4193854,2024-04-13,33,Burnley,8191,Brighton & Hove Albion,10204,True,True,2023/2024
1456,4193857,2024-04-13,33,Manchester City,8456,Luton Town,8346,True,True,2023/2024
1457,4193859,2024-04-13,33,Nottingham Forest,10203,Wolverhampton Wanderers,8602,True,True,2023/2024
1458,4193851,2024-04-13,33,AFC Bournemouth,8678,Manchester United,10260,True,True,2023/2024
1459,4193856,2024-04-14,33,Liverpool,8650,Crystal Palace,9826,True,True,2023/2024
1460,4193860,2024-04-14,33,West Ham United,8654,Fulham,9879,True,True,2023/2024
1461,4193852,2024-04-14,33,Arsenal,9825,Aston Villa,10252,True,True,2023/2024
1462,4193855,2024-04-15,33,Chelsea,8455,Everton,8668,True,True,2023/2024
1463,4193866,2024-04-20,34,Luton Town,8346,Brentford,9937,True,True,2023/2024
1464,4193868,2024-04-20,34,Sheffield United,8657,Burnley,8191,True,True,2023/2024
1465,4193870,2024-04-20,34,Wolverhampton Wanderers,8602,Arsenal,9825,True,True,2023/2024
1466,4193864,2024-04-21,34,Everton,8668,Nottingham Forest,10203,True,True,2023/2024
1467,4193861,2024-04-21,34,Aston Villa,10252,AFC Bournemouth,8678,True,True,2023/2024
1468,4193863,2024-04-21,34,Crystal Palace,9826,West Ham United,8654,True,True,2023/2024
1469,4193865,2024-04-21,34,Fulham,9879,Liverpool,8650,True,True,2023/2024
1470,4193811,2024-04-23,29,Arsenal,9825,Chelsea,8455,True,True,2023/2024
1471,4193820,2024-04-24,29,Wolverhampton Wanderers,8602,AFC Bournemouth,8678,True,True,2023/2024
1472,4193814,2024-04-24,29,Crystal Palace,9826,Newcastle United,10261,True,True,2023/2024
1473,4193815,2024-04-24,29,Everton,8668,Liverpool,8650,True,True,2023/2024
1474,4193818,2024-04-24,29,Manchester United,10260,Sheffield United,8657,True,True,2023/2024
1475,4193812,2024-04-25,29,Brighton & Hove Albion,10204,Manchester City,8456,True,True,2023/2024
1476,4193879,2024-04-27,35,West Ham United,8654,Liverpool,8650,True,True,2023/2024
1477,4193874,2024-04-27,35,Fulham,9879,Crystal Palace,9826,True,True,2023/2024
1478,4193875,2024-04-27,35,Manchester United,10260,Burnley,8191,True,True,2023/2024
1479,4193876,2024-04-27,35,Newcastle United,10261,Sheffield United,8657,True,True,2023/2024
1480,4193880,2024-04-27,35,Wolverhampton Wanderers,8602,Luton Town,8346,True,True,2023/2024
1481,4193873,2024-04-27,35,Everton,8668,Brentford,9937,True,True,2023/2024
1482,4193872,2024-04-27,35,Aston Villa,10252,Chelsea,8455,True,True,2023/2024
1483,4193871,2024-04-28,35,AFC Bournemouth,8678,Brighton & Hove Albion,10204,True,True,2023/2024
1484,4193878,2024-04-28,35,Tottenham Hotspur,8586,Arsenal,9825,True,True,2023/2024
1485,4193877,2024-04-28,35,Nottingham Forest,10203,Manchester City,8456,True,True,2023/2024
1486,4193785,2024-05-02,26,Chelsea,8455,Tottenham Hotspur,8586,True,True,2023/2024
1487,4193888,2024-05-03,36,Luton Town,8346,Everton,8668,True,True,2023/2024
1488,4193881,2024-05-04,36,Arsenal,9825,AFC Bournemouth,8678,True,True,2023/2024
1489,4193882,2024-05-04,36,Brentford,9937,Fulham,9879,True,True,2023/2024
1490,4193884,2024-05-04,36,Burnley,8191,Newcastle United,10261,True,True,2023/2024
1491,4193890,2024-05-04,36,Sheffield United,8657,Nottingham Forest,10203,True,True,2023/2024
1492,4193889,2024-05-04,36,Manchester City,8456,Wolverhampton Wanderers,8602,True,True,2023/2024
1493,4193883,2024-05-05,36,Brighton & Hove Albion,10204,Aston Villa,10252,True,True,2023/2024
1494,4193885,2024-05-05,36,Chelsea,8455,West Ham United,8654,True,True,2023/2024
1495,4193887,2024-05-05,36,Liverpool,8650,Tottenham Hotspur,8586,True,True,2023/2024
1496,4193886,2024-05-06,36,Crystal Palace,9826,Manchester United,10260,True,True,2023/2024
1497,4193894,2024-05-11,37,Fulham,9879,Manchester City,8456,True,True,2023/2024
1498,4193891,2024-05-11,37,AFC Bournemouth,8678,Brentford,9937,True,True,2023/2024
1499,4193893,2024-05-11,37,Everton,8668,Sheffield United,8657,True,True,2023/2024
1500,4193896,2024-05-11,37,Newcastle United,10261,Brighton & Hove Albion,10204,True,True,2023/2024
1501,4193898,2024-05-11,37,Tottenham Hotspur,8586,Burnley,8191,True,True,2023/2024
1502,4193899,2024-05-11,37,West Ham United,8654,Luton Town,8346,True,True,2023/2024
1503,4193900,2024-05-11,37,Wolverhampton Wanderers,8602,Crystal Palace,9826,True,True,2023/2024
1504,4193897,2024-05-11,37,Nottingham Forest,10203,Chelsea,8455,True,True,2023/2024
1505,4193895,2024-05-12,37,Manchester United,10260,Arsenal,9825,True,True,2023/2024
1506,4193892,2024-05-13,37,Aston Villa,10252,Liverpool,8650,True,True,2023/2024
1507,4193869,2024-05-14,34,Tottenham Hotspur,8586,Manchester City,8456,True,True,2023/2024
1508,4193862,2024-05-15,34,Brighton & Hove Albion,10204,Chelsea,8455,True,True,2023/2024
1509,4193867,2024-05-15,34,Manchester United,10260,Newcastle United,10261,True,True,2023/2024
1510,4193901,2024-05-19,38,Arsenal,9825,Everton,8668,True,True,2023/2024
1511,4193902,2024-05-19,38,Brentford,9937,Newcastle United,10261,True,True,2023/2024
1512,4193903,2024-05-19,38,Brighton & Hove Albion,10204,Manchester United,10260,True,True,2023/2024
1513,4193904,2024-05-19,38,Burnley,8191,Nottingham Forest,10203,True,True,2023/2024
1514,4193905,2024-05-19,38,Chelsea,8455,AFC Bournemouth,8678,True,True,2023/2024
1515,4193906,2024-05-19,38,Crystal Palace,9826,Aston Villa,10252,True,True,2023/2024
1516,4193907,2024-05-19,38,Liverpool,8650,Wolverhampton Wanderers,8602,True,True,2023/2024
1517,4193908,2024-05-19,38,Luton Town,8346,Fulham,9879,True,True,2023/2024
1518,4193909,2024-05-19,38,Manchester City,8456,West Ham United,8654,True,True,2023/2024
1519,4193910,2024-05-19,38,Sheffield United,8657,Tottenham Hotspur,8586,True,True,2023/2024
1520,3900932,2022-08-05,1,Crystal Palace,9826,Arsenal,9825,True,True,2022/2023
1521,3900933,2022-08-06,1,Fulham,9879,Liverpool,8650,True,True,2022/2023
1522,3900934,2022-08-06,1,AFC Bournemouth,8678,Aston Villa,10252,True,True,2022/2023
1523,3900935,2022-08-06,1,Leeds United,8463,Wolverhampton Wanderers,8602,True,True,2022/2023
1524,3900937,2022-08-06,1,Newcastle United,10261,Nottingham Forest,10203,True,True,2022/2023
1525,3900938,2022-08-06,1,Tottenham Hotspur,8586,Southampton,8466,True,True,2022/2023
1526,3900939,2022-08-06,1,Everton,8668,Chelsea,8455,True,True,2022/2023
1527,3900936,2022-08-07,1,Leicester City,8197,Brentford,9937,True,True,2022/2023
1528,3900940,2022-08-07,1,Manchester United,10260,Brighton & Hove Albion,10204,True,True,2022/2023
1529,3900941,2022-08-07,1,West Ham United,8654,Manchester City,8456,True,True,2022/2023
1530,3900943,2022-08-13,2,Aston Villa,10252,Everton,8668,True,True,2022/2023
1531,3900942,2022-08-13,2,Arsenal,9825,Leicester City,8197,True,True,2022/2023
1532,3900945,2022-08-13,2,Brighton & Hove Albion,10204,Newcastle United,10261,True,True,2022/2023
1533,3900948,2022-08-13,2,Manchester City,8456,AFC Bournemouth,8678,True,True,2022/2023
1534,3900950,2022-08-13,2,Southampton,8466,Leeds United,8463,True,True,2022/2023
1535,3900951,2022-08-13,2,Wolverhampton Wanderers,8602,Fulham,9879,True,True,2022/2023
1536,3900944,2022-08-13,2,Brentford,9937,Manchester United,10260,True,True,2022/2023
1537,3900949,2022-08-14,2,Nottingham Forest,10203,West Ham United,8654,True,True,2022/2023
1538,3900946,2022-08-14,2,Chelsea,8455,Tottenham Hotspur,8586,True,True,2022/2023
1539,3900947,2022-08-15,2,Liverpool,8650,Crystal Palace,9826,True,True,2022/2023
1540,3900960,2022-08-20,3,Tottenham Hotspur,8586,Wolverhampton Wanderers,8602,True,True,2022/2023
1541,3900953,2022-08-20,3,Crystal Palace,9826,Aston Villa,10252,True,True,2022/2023
1542,3900954,2022-08-20,3,Everton,8668,Nottingham Forest,10203,True,True,2022/2023
1543,3900955,2022-08-20,3,Fulham,9879,Brentford,9937,True,True,2022/2023
1544,3900957,2022-08-20,3,Leicester City,8197,Southampton,8466,True,True,2022/2023
1545,3900952,2022-08-20,3,AFC Bournemouth,8678,Arsenal,9825,True,True,2022/2023
1546,3900956,2022-08-21,3,Leeds United,8463,Chelsea,8455,True,True,2022/2023
1547,3900961,2022-08-21,3,West Ham United,8654,Brighton & Hove Albion,10204,True,True,2022/2023
1548,3900959,2022-08-21,3,Newcastle United,10261,Manchester City,8456,True,True,2022/2023
1549,3900958,2022-08-22,3,Manchester United,10260,Liverpool,8650,True,True,2022/2023
1550,3900970,2022-08-27,4,Southampton,8466,Manchester United,10260,True,True,2022/2023
1551,3900964,2022-08-27,4,Brentford,9937,Everton,8668,True,True,2022/2023
1552,3900965,2022-08-27,4,Brighton & Hove Albion,10204,Leeds United,8463,True,True,2022/2023
1553,3900966,2022-08-27,4,Chelsea,8455,Leicester City,8197,True,True,2022/2023
1554,3900967,2022-08-27,4,Liverpool,8650,AFC Bournemouth,8678,True,True,2022/2023
1555,3900968,2022-08-27,4,Manchester City,8456,Crystal Palace,9826,True,True,2022/2023
1556,3900962,2022-08-27,4,Arsenal,9825,Fulham,9879,True,True,2022/2023
1557,3900963,2022-08-28,4,Aston Villa,10252,West Ham United,8654,True,True,2022/2023
1558,3900971,2022-08-28,4,Wolverhampton Wanderers,8602,Newcastle United,10261,True,True,2022/2023
1559,3900969,2022-08-28,4,Nottingham Forest,10203,Tottenham Hotspur,8586,True,True,2022/2023
1560,3900978,2022-08-30,5,Crystal Palace,9826,Brentford,9937,True,True,2022/2023
1561,3900974,2022-08-30,5,Fulham,9879,Brighton & Hove Albion,10204,True,True,2022/2023
1562,3900979,2022-08-30,5,Southampton,8466,Chelsea,8455,True,True,2022/2023
1563,3900975,2022-08-30,5,Leeds United,8463,Everton,8668,True,True,2022/2023
1564,3900973,2022-08-31,5,AFC Bournemouth,8678,Wolverhampton Wanderers,8602,True,True,2022/2023
1565,3900972,2022-08-31,5,Arsenal,9825,Aston Villa,10252,True,True,2022/2023
1566,3900981,2022-08-31,5,Manchester City,8456,Nottingham Forest,10203,True,True,2022/2023
1567,3900977,2022-08-31,5,West Ham United,8654,Tottenham Hotspur,8586,True,True,2022/2023
1568,3900980,2022-08-31,5,Liverpool,8650,Newcastle United,10261,True,True,2022/2023
1569,3900976,2022-09-01,5,Leicester City,8197,Manchester United,10260,True,True,2022/2023
1570,3900986,2022-09-03,6,Everton,8668,Liverpool,8650,True,True,2022/2023
1571,3900983,2022-09-03,6,Brentford,9937,Leeds United,8463,True,True,2022/2023
1572,3900985,2022-09-03,6,Chelsea,8455,West Ham United,8654,True,True,2022/2023
1573,3900988,2022-09-03,6,Newcastle United,10261,Crystal Palace,9826,True,True,2022/2023
1574,3900989,2022-09-03,6,Nottingham Forest,10203,AFC Bournemouth,8678,True,True,2022/2023
1575,3900990,2022-09-03,6,Tottenham Hotspur,8586,Fulham,9879,True,True,2022/2023
1576,3900991,2022-09-03,6,Wolverhampton Wanderers,8602,Southampton,8466,True,True,2022/2023
1577,3900982,2022-09-03,6,Aston Villa,10252,Manchester City,8456,True,True,2022/2023
1578,3900984,2022-09-04,6,Brighton & Hove Albion,10204,Leicester City,8197,True,True,2022/2023
1579,3900987,2022-09-04,6,Manchester United,10260,Arsenal,9825,True,True,2022/2023
1580,3901002,2022-09-16,8,Aston Villa,10252,Southampton,8466,True,True,2022/2023
1581,3901009,2022-09-16,8,Nottingham Forest,10203,Fulham,9879,True,True,2022/2023
1582,3901011,2022-09-17,8,Wolverhampton Wanderers,8602,Manchester City,8456,True,True,2022/2023
1583,3901008,2022-09-17,8,Newcastle United,10261,AFC Bournemouth,8678,True,True,2022/2023
1584,3901010,2022-09-17,8,Tottenham Hotspur,8586,Leicester City,8197,True,True,2022/2023
1585,3901003,2022-09-18,8,Brentford,9937,Arsenal,9825,True,True,2022/2023
1586,3901006,2022-09-18,8,Everton,8668,West Ham United,8654,True,True,2022/2023
1587,3901012,2022-10-01,9,Arsenal,9825,Tottenham Hotspur,8586,True,True,2022/2023
1588,3901013,2022-10-01,9,AFC Bournemouth,8678,Brentford,9937,True,True,2022/2023
1589,3901014,2022-10-01,9,Crystal Palace,9826,Chelsea,8455,True,True,2022/2023
1590,3901015,2022-10-01,9,Fulham,9879,Newcastle United,10261,True,True,2022/2023
1591,3901018,2022-10-01,9,Liverpool,8650,Brighton & Hove Albion,10204,True,True,2022/2023
1592,3901020,2022-10-01,9,Southampton,8466,Everton,8668,True,True,2022/2023
1593,3901021,2022-10-01,9,West Ham United,8654,Wolverhampton Wanderers,8602,True,True,2022/2023
1594,3901019,2022-10-02,9,Manchester City,8456,Manchester United,10260,True,True,2022/2023
1595,3901016,2022-10-02,9,Leeds United,8463,Aston Villa,10252,True,True,2022/2023
1596,3901017,2022-10-03,9,Leicester City,8197,Nottingham Forest,10203,True,True,2022/2023
1597,3901023,2022-10-08,10,AFC Bournemouth,8678,Leicester City,8197,True,True,2022/2023
1598,3901025,2022-10-08,10,Chelsea,8455,Wolverhampton Wanderers,8602,True,True,2022/2023
1599,3901028,2022-10-08,10,Manchester City,8456,Southampton,8466,True,True,2022/2023
1600,3901029,2022-10-08,10,Newcastle United,10261,Brentford,9937,True,True,2022/2023
1601,3901024,2022-10-08,10,Brighton & Hove Albion,10204,Tottenham Hotspur,8586,True,True,2022/2023
1602,3901026,2022-10-09,10,Crystal Palace,9826,Leeds United,8463,True,True,2022/2023
1603,3901031,2022-10-09,10,West Ham United,8654,Fulham,9879,True,True,2022/2023
1604,3901022,2022-10-09,10,Arsenal,9825,Liverpool,8650,True,True,2022/2023
1605,3901027,2022-10-09,10,Everton,8668,Manchester United,10260,True,True,2022/2023
1606,3901030,2022-10-10,10,Nottingham Forest,10203,Aston Villa,10252,True,True,2022/2023
1607,3901033,2022-10-14,11,Brentford,9937,Brighton & Hove Albion,10204,True,True,2022/2023
1608,3901036,2022-10-15,11,Leicester City,8197,Crystal Palace,9826,True,True,2022/2023
1609,3901034,2022-10-15,11,Fulham,9879,AFC Bournemouth,8678,True,True,2022/2023
1610,3901041,2022-10-15,11,Wolverhampton Wanderers,8602,Nottingham Forest,10203,True,True,2022/2023
1611,3901040,2022-10-15,11,Tottenham Hotspur,8586,Everton,8668,True,True,2022/2023
1612,3901032,2022-10-16,11,Aston Villa,10252,Chelsea,8455,True,True,2022/2023
1613,3901035,2022-10-16,11,Leeds United,8463,Arsenal,9825,True,True,2022/2023
1614,3901038,2022-10-16,11,Manchester United,10260,Newcastle United,10261,True,True,2022/2023
1615,3901039,2022-10-16,11,Southampton,8466,West Ham United,8654,True,True,2022/2023
1616,3901037,2022-10-16,11,Liverpool,8650,Manchester City,8456,True,True,2022/2023
1617,3901045,2022-10-18,12,Brighton & Hove Albion,10204,Nottingham Forest,10203,True,True,2022/2023
1618,3901048,2022-10-18,12,Crystal Palace,9826,Wolverhampton Wanderers,8602,True,True,2022/2023
1619,3901043,2022-10-19,12,AFC Bournemouth,8678,Southampton,8466,True,True,2022/2023
1620,3901044,2022-10-19,12,Brentford,9937,Chelsea,8455,True,True,2022/2023
1621,3901050,2022-10-19,12,Liverpool,8650,West Ham United,8654,True,True,2022/2023
1622,3901049,2022-10-19,12,Newcastle United,10261,Everton,8668,True,True,2022/2023
1623,3901051,2022-10-19,12,Manchester United,10260,Tottenham Hotspur,8586,True,True,2022/2023
1624,3901046,2022-10-20,12,Fulham,9879,Aston Villa,10252,True,True,2022/2023
1625,3901047,2022-10-20,12,Leicester City,8197,Leeds United,8463,True,True,2022/2023
1626,3901057,2022-10-22,13,Nottingham Forest,10203,Liverpool,8650,True,True,2022/2023
1627,3901054,2022-10-22,13,Everton,8668,Crystal Palace,9826,True,True,2022/2023
1628,3901056,2022-10-22,13,Manchester City,8456,Brighton & Hove Albion,10204,True,True,2022/2023
1629,3901053,2022-10-22,13,Chelsea,8455,Manchester United,10260,True,True,2022/2023
1630,3901052,2022-10-23,13,Aston Villa,10252,Brentford,9937,True,True,2022/2023
1631,3901055,2022-10-23,13,Leeds United,8463,Fulham,9879,True,True,2022/2023
1632,3901058,2022-10-23,13,Southampton,8466,Arsenal,9825,True,True,2022/2023
1633,3901061,2022-10-23,13,Wolverhampton Wanderers,8602,Leicester City,8197,True,True,2022/2023
1634,3901059,2022-10-23,13,Tottenham Hotspur,8586,Newcastle United,10261,True,True,2022/2023
1635,3901060,2022-10-24,13,West Ham United,8654,AFC Bournemouth,8678,True,True,2022/2023
1636,3901068,2022-10-29,14,Leicester City,8197,Manchester City,8456,True,True,2022/2023
1637,3901063,2022-10-29,14,AFC Bournemouth,8678,Tottenham Hotspur,8586,True,True,2022/2023
1638,3901064,2022-10-29,14,Brentford,9937,Wolverhampton Wanderers,8602,True,True,2022/2023
1639,3901065,2022-10-29,14,Brighton & Hove Albion,10204,Chelsea,8455,True,True,2022/2023
1640,3901066,2022-10-29,14,Crystal Palace,9826,Southampton,8466,True,True,2022/2023
1641,3901071,2022-10-29,14,Newcastle United,10261,Aston Villa,10252,True,True,2022/2023
1642,3901067,2022-10-29,14,Fulham,9879,Everton,8668,True,True,2022/2023
1643,3901069,2022-10-29,14,Liverpool,8650,Leeds United,8463,True,True,2022/2023
1644,3901062,2022-10-30,14,Arsenal,9825,Nottingham Forest,10203,True,True,2022/2023
1645,3901070,2022-10-30,14,Manchester United,10260,West Ham United,8654,True,True,2022/2023
1646,3901075,2022-11-05,15,Leeds United,8463,AFC Bournemouth,8678,True,True,2022/2023
1647,3901076,2022-11-05,15,Manchester City,8456,Fulham,9879,True,True,2022/2023
1648,3901077,2022-11-05,15,Nottingham Forest,10203,Brentford,9937,True,True,2022/2023
1649,3901081,2022-11-05,15,Wolverhampton Wanderers,8602,Brighton & Hove Albion,10204,True,True,2022/2023
1650,3901074,2022-11-05,15,Everton,8668,Leicester City,8197,True,True,2022/2023
1651,3901073,2022-11-06,15,Chelsea,8455,Arsenal,9825,True,True,2022/2023
1652,3901072,2022-11-06,15,Aston Villa,10252,Manchester United,10260,True,True,2022/2023
1653,3901078,2022-11-06,15,Southampton,8466,Newcastle United,10261,True,True,2022/2023
1654,3901080,2022-11-06,15,West Ham United,8654,Crystal Palace,9826,True,True,2022/2023
1655,3901079,2022-11-06,15,Tottenham Hotspur,8586,Liverpool,8650,True,True,2022/2023
1656,3901086,2022-11-12,16,Manchester City,8456,Brentford,9937,True,True,2022/2023
1657,3901082,2022-11-12,16,AFC Bournemouth,8678,Everton,8668,True,True,2022/2023
1658,3901085,2022-11-12,16,Liverpool,8650,Southampton,8466,True,True,2022/2023
1659,3901088,2022-11-12,16,Nottingham Forest,10203,Crystal Palace,9826,True,True,2022/2023
1660,3901089,2022-11-12,16,Tottenham Hotspur,8586,Leeds United,8463,True,True,2022/2023
1661,3901090,2022-11-12,16,West Ham United,8654,Leicester City,8197,True,True,2022/2023
1662,3901087,2022-11-12,16,Newcastle United,10261,Chelsea,8455,True,True,2022/2023
1663,3901091,2022-11-12,16,Wolverhampton Wanderers,8602,Arsenal,9825,True,True,2022/2023
1664,3901083,2022-11-13,16,Brighton & Hove Albion,10204,Aston Villa,10252,True,True,2022/2023
1665,3901084,2022-11-13,16,Fulham,9879,Manchester United,10260,True,True,2022/2023
1666,3901094,2022-12-26,17,Brentford,9937,Tottenham Hotspur,8586,True,True,2022/2023
1667,3901096,2022-12-26,17,Crystal Palace,9826,Fulham,9879,True,True,2022/2023
1668,3901097,2022-12-26,17,Everton,8668,Wolverhampton Wanderers,8602,True,True,2022/2023
1669,3901099,2022-12-26,17,Leicester City,8197,Newcastle United,10261,True,True,2022/2023
1670,3901101,2022-12-26,17,Southampton,8466,Brighton & Hove Albion,10204,True,True,2022/2023
1671,3901093,2022-12-26,17,Aston Villa,10252,Liverpool,8650,True,True,2022/2023
1672,3901092,2022-12-26,17,Arsenal,9825,West Ham United,8654,True,True,2022/2023
1673,3901095,2022-12-27,17,Chelsea,8455,AFC Bournemouth,8678,True,True,2022/2023
1674,3901100,2022-12-27,17,Manchester United,10260,Nottingham Forest,10203,True,True,2022/2023
1675,3901098,2022-12-28,17,Leeds United,8463,Manchester City,8456,True,True,2022/2023
1676,3901110,2022-12-30,18,West Ham United,8654,Brentford,9937,True,True,2022/2023
1677,3901105,2022-12-30,18,Liverpool,8650,Leicester City,8197,True,True,2022/2023
1678,3901111,2022-12-31,18,Wolverhampton Wanderers,8602,Manchester United,10260,True,True,2022/2023
1679,3901102,2022-12-31,18,AFC Bournemouth,8678,Crystal Palace,9826,True,True,2022/2023
1680,3901104,2022-12-31,18,Fulham,9879,Southampton,8466,True,True,2022/2023
1681,3901106,2022-12-31,18,Manchester City,8456,Everton,8668,True,True,2022/2023
1682,3901107,2022-12-31,18,Newcastle United,10261,Leeds United,8463,True,True,2022/2023
1683,3901103,2022-12-31,18,Brighton & Hove Albion,10204,Arsenal,9825,True,True,2022/2023
1684,3901109,2023-01-01,18,Tottenham Hotspur,8586,Aston Villa,10252,True,True,2022/2023
1685,3901108,2023-01-01,18,Nottingham Forest,10203,Chelsea,8455,True,True,2022/2023
1686,3901114,2023-01-02,19,Brentford,9937,Liverpool,8650,True,True,2022/2023
1687,3901112,2023-01-03,19,Arsenal,9825,Newcastle United,10261,True,True,2022/2023
1688,3901117,2023-01-03,19,Everton,8668,Brighton & Hove Albion,10204,True,True,2022/2023
1689,3901119,2023-01-03,19,Leicester City,8197,Fulham,9879,True,True,2022/2023
1690,3901120,2023-01-03,19,Manchester United,10260,AFC Bournemouth,8678,True,True,2022/2023
1691,3901121,2023-01-04,19,Southampton,8466,Nottingham Forest,10203,True,True,2022/2023
1692,3901118,2023-01-04,19,Leeds United,8463,West Ham United,8654,True,True,2022/2023
1693,3901113,2023-01-04,19,Aston Villa,10252,Wolverhampton Wanderers,8602,True,True,2022/2023
1694,3901116,2023-01-04,19,Crystal Palace,9826,Tottenham Hotspur,8586,True,True,2022/2023
1695,3901115,2023-01-05,19,Chelsea,8455,Manchester City,8456,True,True,2022/2023
1696,3900995,2023-01-12,7,Fulham,9879,Chelsea,8455,True,True,2022/2023
1697,3901122,2023-01-13,20,Aston Villa,10252,Leeds United,8463,True,True,2022/2023
1698,3901127,2023-01-14,20,Manchester United,10260,Manchester City,8456,True,True,2022/2023
1699,3901124,2023-01-14,20,Brighton & Hove Albion,10204,Liverpool,8650,True,True,2022/2023
1700,3901126,2023-01-14,20,Everton,8668,Southampton,8466,True,True,2022/2023
1701,3901129,2023-01-14,20,Nottingham Forest,10203,Leicester City,8197,True,True,2022/2023
1702,3901131,2023-01-14,20,Wolverhampton Wanderers,8602,West Ham United,8654,True,True,2022/2023
1703,3901123,2023-01-14,20,Brentford,9937,AFC Bournemouth,8678,True,True,2022/2023
1704,3901125,2023-01-15,20,Chelsea,8455,Crystal Palace,9826,True,True,2022/2023
1705,3901128,2023-01-15,20,Newcastle United,10261,Fulham,9879,True,True,2022/2023
1706,3901130,2023-01-15,20,Tottenham Hotspur,8586,Arsenal,9825,True,True,2022/2023
1707,3900994,2023-01-18,7,Crystal Palace,9826,Manchester United,10260,True,True,2022/2023
1708,3900999,2023-01-19,7,Manchester City,8456,Tottenham Hotspur,8586,True,True,2022/2023
1709,3901138,2023-01-21,21,Liverpool,8650,Chelsea,8455,True,True,2022/2023
1710,3901133,2023-01-21,21,AFC Bournemouth,8678,Nottingham Forest,10203,True,True,2022/2023
1711,3901137,2023-01-21,21,Leicester City,8197,Brighton & Hove Albion,10204,True,True,2022/2023
1712,3901140,2023-01-21,21,Southampton,8466,Aston Villa,10252,True,True,2022/2023
1713,3901141,2023-01-21,21,West Ham United,8654,Everton,8668,True,True,2022/2023
1714,3901134,2023-01-21,21,Crystal Palace,9826,Newcastle United,10261,True,True,2022/2023
1715,3901136,2023-01-22,21,Leeds United,8463,Brentford,9937,True,True,2022/2023
1716,3901139,2023-01-22,21,Manchester City,8456,Wolverhampton Wanderers,8602,True,True,2022/2023
1717,3901132,2023-01-22,21,Arsenal,9825,Manchester United,10260,True,True,2022/2023
1718,3901135,2023-01-23,21,Fulham,9879,Tottenham Hotspur,8586,True,True,2022/2023
1719,3901145,2023-02-03,22,Chelsea,8455,Fulham,9879,True,True,2022/2023
1720,3901146,2023-02-04,22,Everton,8668,Arsenal,9825,True,True,2022/2023
1721,3901142,2023-02-04,22,Aston Villa,10252,Leicester City,8197,True,True,2022/2023
1722,3901143,2023-02-04,22,Brentford,9937,Southampton,8466,True,True,2022/2023
1723,3901144,2023-02-04,22,Brighton & Hove Albion,10204,AFC Bournemouth,8678,True,True,2022/2023
1724,3901147,2023-02-04,22,Manchester United,10260,Crystal Palace,9826,True,True,2022/2023
1725,3901151,2023-02-04,22,Wolverhampton Wanderers,8602,Liverpool,8650,True,True,2022/2023
1726,3901148,2023-02-04,22,Newcastle United,10261,West Ham United,8654,True,True,2022/2023
1727,3901149,2023-02-05,22,Nottingham Forest,10203,Leeds United,8463,True,True,2022/2023
1728,3901150,2023-02-05,22,Tottenham Hotspur,8586,Manchester City,8456,True,True,2022/2023
1729,3901007,2023-02-08,8,Manchester United,10260,Leeds United,8463,True,True,2022/2023
1730,3901161,2023-02-11,23,West Ham United,8654,Chelsea,8455,True,True,2022/2023
1731,3901152,2023-02-11,23,Arsenal,9825,Brentford,9937,True,True,2022/2023
1732,3901154,2023-02-11,23,Crystal Palace,9826,Brighton & Hove Albion,10204,True,True,2022/2023
1733,3901155,2023-02-11,23,Fulham,9879,Nottingham Forest,10203,True,True,2022/2023
1734,3901157,2023-02-11,23,Leicester City,8197,Tottenham Hotspur,8586,True,True,2022/2023
1735,3901160,2023-02-11,23,Southampton,8466,Wolverhampton Wanderers,8602,True,True,2022/2023
1736,3901153,2023-02-11,23,AFC Bournemouth,8678,Newcastle United,10261,True,True,2022/2023
1737,3901156,2023-02-12,23,Leeds United,8463,Manchester United,10260,True,True,2022/2023
1738,3901159,2023-02-12,23,Manchester City,8456,Aston Villa,10252,True,True,2022/2023
1739,3901158,2023-02-13,23,Liverpool,8650,Everton,8668,True,True,2022/2023
1740,3901042,2023-02-15,12,Arsenal,9825,Manchester City,8456,True,True,2022/2023
1741,3901162,2023-02-18,24,Aston Villa,10252,Arsenal,9825,True,True,2022/2023
1742,3901163,2023-02-18,24,Brentford,9937,Crystal Palace,9826,True,True,2022/2023
1743,3901164,2023-02-18,24,Brighton & Hove Albion,10204,Fulham,9879,True,True,2022/2023
1744,3901165,2023-02-18,24,Chelsea,8455,Southampton,8466,True,True,2022/2023
1745,3901166,2023-02-18,24,Everton,8668,Leeds United,8463,True,True,2022/2023
1746,3901169,2023-02-18,24,Nottingham Forest,10203,Manchester City,8456,True,True,2022/2023
1747,3901171,2023-02-18,24,Wolverhampton Wanderers,8602,AFC Bournemouth,8678,True,True,2022/2023
1748,3901168,2023-02-18,24,Newcastle United,10261,Liverpool,8650,True,True,2022/2023
1749,3901167,2023-02-19,24,Manchester United,10260,Leicester City,8197,True,True,2022/2023
1750,3901170,2023-02-19,24,Tottenham Hotspur,8586,West Ham United,8654,True,True,2022/2023
1751,3901175,2023-02-24,25,Fulham,9879,Wolverhampton Wanderers,8602,True,True,2022/2023
1752,3901174,2023-02-25,25,Everton,8668,Aston Villa,10252,True,True,2022/2023
1753,3901176,2023-02-25,25,Leeds United,8463,Southampton,8466,True,True,2022/2023
1754,3901177,2023-02-25,25,Leicester City,8197,Arsenal,9825,True,True,2022/2023
1755,3901181,2023-02-25,25,West Ham United,8654,Nottingham Forest,10203,True,True,2022/2023
1756,3901172,2023-02-25,25,AFC Bournemouth,8678,Manchester City,8456,True,True,2022/2023
1757,3901173,2023-02-25,25,Crystal Palace,9826,Liverpool,8650,True,True,2022/2023
1758,3901180,2023-02-26,25,Tottenham Hotspur,8586,Chelsea,8455,True,True,2022/2023
1759,3900992,2023-03-01,7,Arsenal,9825,Everton,8668,True,True,2022/2023
1760,3900998,2023-03-01,7,Liverpool,8650,Wolverhampton Wanderers,8602,True,True,2022/2023
1761,3901188,2023-03-04,26,Manchester City,8456,Newcastle United,10261,True,True,2022/2023
1762,3901182,2023-03-04,26,Arsenal,9825,AFC Bournemouth,8678,True,True,2022/2023
1763,3901183,2023-03-04,26,Aston Villa,10252,Crystal Palace,9826,True,True,2022/2023
1764,3901185,2023-03-04,26,Brighton & Hove Albion,10204,West Ham United,8654,True,True,2022/2023
1765,3901186,2023-03-04,26,Chelsea,8455,Leeds United,8463,True,True,2022/2023
1766,3901191,2023-03-04,26,Wolverhampton Wanderers,8602,Tottenham Hotspur,8586,True,True,2022/2023
1767,3901190,2023-03-04,26,Southampton,8466,Leicester City,8197,True,True,2022/2023
1768,3901189,2023-03-05,26,Nottingham Forest,10203,Everton,8668,True,True,2022/2023
1769,3901187,2023-03-05,26,Liverpool,8650,Manchester United,10260,True,True,2022/2023
1770,3901184,2023-03-06,26,Brentford,9937,Fulham,9879,True,True,2022/2023
1771,3901192,2023-03-11,27,AFC Bournemouth,8678,Liverpool,8650,True,True,2022/2023
1772,3901194,2023-03-11,27,Everton,8668,Brentford,9937,True,True,2022/2023
1773,3901196,2023-03-11,27,Leeds United,8463,Brighton & Hove Albion,10204,True,True,2022/2023
1774,3901197,2023-03-11,27,Leicester City,8197,Chelsea,8455,True,True,2022/2023
1775,3901200,2023-03-11,27,Tottenham Hotspur,8586,Nottingham Forest,10203,True,True,2022/2023
1776,3901193,2023-03-11,27,Crystal Palace,9826,Manchester City,8456,True,True,2022/2023
1777,3901195,2023-03-12,27,Fulham,9879,Arsenal,9825,True,True,2022/2023
1778,3901198,2023-03-12,27,Manchester United,10260,Southampton,8466,True,True,2022/2023
1779,3901201,2023-03-12,27,West Ham United,8654,Aston Villa,10252,True,True,2022/2023
1780,3901199,2023-03-12,27,Newcastle United,10261,Wolverhampton Wanderers,8602,True,True,2022/2023
1781,3901004,2023-03-15,8,Brighton & Hove Albion,10204,Crystal Palace,9826,True,True,2022/2023
1782,3901000,2023-03-15,7,Southampton,8466,Brentford,9937,True,True,2022/2023
1783,3901209,2023-03-17,28,Nottingham Forest,10203,Newcastle United,10261,True,True,2022/2023
1784,3901203,2023-03-18,28,Aston Villa,10252,AFC Bournemouth,8678,True,True,2022/2023
1785,3901204,2023-03-18,28,Brentford,9937,Leicester City,8197,True,True,2022/2023
1786,3901210,2023-03-18,28,Southampton,8466,Tottenham Hotspur,8586,True,True,2022/2023
1787,3901211,2023-03-18,28,Wolverhampton Wanderers,8602,Leeds United,8463,True,True,2022/2023
1788,3901206,2023-03-18,28,Chelsea,8455,Everton,8668,True,True,2022/2023
1789,3901202,2023-03-19,28,Arsenal,9825,Crystal Palace,9826,True,True,2022/2023
1790,3901218,2023-04-01,29,Manchester City,8456,Liverpool,8650,True,True,2022/2023
1791,3901213,2023-04-01,29,AFC Bournemouth,8678,Fulham,9879,True,True,2022/2023
1792,3901212,2023-04-01,29,Arsenal,9825,Leeds United,8463,True,True,2022/2023
1793,3901214,2023-04-01,29,Brighton & Hove Albion,10204,Brentford,9937,True,True,2022/2023
1794,3901216,2023-04-01,29,Crystal Palace,9826,Leicester City,8197,True,True,2022/2023
1795,3901220,2023-04-01,29,Nottingham Forest,10203,Wolverhampton Wanderers,8602,True,True,2022/2023
1796,3901215,2023-04-01,29,Chelsea,8455,Aston Villa,10252,True,True,2022/2023
1797,3901221,2023-04-02,29,West Ham United,8654,Southampton,8466,True,True,2022/2023
1798,3901219,2023-04-02,29,Newcastle United,10261,Manchester United,10260,True,True,2022/2023
1799,3901217,2023-04-03,29,Everton,8668,Tottenham Hotspur,8586,True,True,2022/2023
1800,3900993,2023-04-04,7,AFC Bournemouth,8678,Brighton & Hove Albion,10204,True,True,2022/2023
1801,3900996,2023-04-04,7,Leeds United,8463,Nottingham Forest,10203,True,True,2022/2023
1802,3900997,2023-04-04,7,Leicester City,8197,Aston Villa,10252,True,True,2022/2023
1803,3901005,2023-04-04,8,Chelsea,8455,Liverpool,8650,True,True,2022/2023
1804,3901178,2023-04-05,25,Manchester United,10260,Brentford,9937,True,True,2022/2023
1805,3901001,2023-04-05,7,West Ham United,8654,Newcastle United,10261,True,True,2022/2023
1806,3901228,2023-04-08,30,Manchester United,10260,Everton,8668,True,True,2022/2023
1807,3901222,2023-04-08,30,Aston Villa,10252,Nottingham Forest,10203,True,True,2022/2023
1808,3901223,2023-04-08,30,Brentford,9937,Newcastle United,10261,True,True,2022/2023
1809,3901224,2023-04-08,30,Fulham,9879,West Ham United,8654,True,True,2022/2023
1810,3901226,2023-04-08,30,Leicester City,8197,AFC Bournemouth,8678,True,True,2022/2023
1811,3901230,2023-04-08,30,Tottenham Hotspur,8586,Brighton & Hove Albion,10204,True,True,2022/2023
1812,3901231,2023-04-08,30,Wolverhampton Wanderers,8602,Chelsea,8455,True,True,2022/2023
1813,3901229,2023-04-08,30,Southampton,8466,Manchester City,8456,True,True,2022/2023
1814,3901225,2023-04-09,30,Leeds United,8463,Crystal Palace,9826,True,True,2022/2023
1815,3901227,2023-04-09,30,Liverpool,8650,Arsenal,9825,True,True,2022/2023
1816,3901232,2023-04-15,31,Aston Villa,10252,Newcastle United,10261,True,True,2022/2023
1817,3901233,2023-04-15,31,Chelsea,8455,Brighton & Hove Albion,10204,True,True,2022/2023
1818,3901234,2023-04-15,31,Everton,8668,Fulham,9879,True,True,2022/2023
1819,3901238,2023-04-15,31,Southampton,8466,Crystal Palace,9826,True,True,2022/2023
1820,3901241,2023-04-15,31,Wolverhampton Wanderers,8602,Brentford,9937,True,True,2022/2023
1821,3901239,2023-04-15,31,Tottenham Hotspur,8586,AFC Bournemouth,8678,True,True,2022/2023
1822,3901236,2023-04-15,31,Manchester City,8456,Leicester City,8197,True,True,2022/2023
1823,3901240,2023-04-16,31,West Ham United,8654,Arsenal,9825,True,True,2022/2023
1824,3901237,2023-04-16,31,Nottingham Forest,10203,Manchester United,10260,True,True,2022/2023
1825,3901235,2023-04-17,31,Leeds United,8463,Liverpool,8650,True,True,2022/2023
1826,3901242,2023-04-21,32,Arsenal,9825,Southampton,8466,True,True,2022/2023
1827,3901247,2023-04-22,32,Fulham,9879,Leeds United,8463,True,True,2022/2023
1828,3901244,2023-04-22,32,Brentford,9937,Aston Villa,10252,True,True,2022/2023
1829,3901246,2023-04-22,32,Crystal Palace,9826,Everton,8668,True,True,2022/2023
1830,3901248,2023-04-22,32,Leicester City,8197,Wolverhampton Wanderers,8602,True,True,2022/2023
1831,3901249,2023-04-22,32,Liverpool,8650,Nottingham Forest,10203,True,True,2022/2023
1832,3901243,2023-04-23,32,AFC Bournemouth,8678,West Ham United,8654,True,True,2022/2023
1833,3901251,2023-04-23,32,Newcastle United,10261,Tottenham Hotspur,8586,True,True,2022/2023
1834,3901257,2023-04-25,33,Wolverhampton Wanderers,8602,Crystal Palace,9826,True,True,2022/2023
1835,3901258,2023-04-25,33,Aston Villa,10252,Fulham,9879,True,True,2022/2023
1836,3901253,2023-04-25,33,Leeds United,8463,Leicester City,8197,True,True,2022/2023
1837,3901254,2023-04-26,33,Nottingham Forest,10203,Brighton & Hove Albion,10204,True,True,2022/2023
1838,3901259,2023-04-26,33,Chelsea,8455,Brentford,9937,True,True,2022/2023
1839,3901256,2023-04-26,33,West Ham United,8654,Liverpool,8650,True,True,2022/2023
1840,3901261,2023-04-26,33,Manchester City,8456,Arsenal,9825,True,True,2022/2023
1841,3901252,2023-04-27,33,Everton,8668,Newcastle United,10261,True,True,2022/2023
1842,3901260,2023-04-27,33,Southampton,8466,AFC Bournemouth,8678,True,True,2022/2023
1843,3901255,2023-04-27,33,Tottenham Hotspur,8586,Manchester United,10260,True,True,2022/2023
1844,3901266,2023-04-29,34,Crystal Palace,9826,West Ham United,8654,True,True,2022/2023
1845,3901264,2023-04-29,34,Brentford,9937,Nottingham Forest,10203,True,True,2022/2023
1846,3901265,2023-04-29,34,Brighton & Hove Albion,10204,Wolverhampton Wanderers,8602,True,True,2022/2023
1847,3901263,2023-04-30,34,AFC Bournemouth,8678,Leeds United,8463,True,True,2022/2023
1848,3901267,2023-04-30,34,Fulham,9879,Manchester City,8456,True,True,2022/2023
1849,3901270,2023-04-30,34,Manchester United,10260,Aston Villa,10252,True,True,2022/2023
1850,3901271,2023-04-30,34,Newcastle United,10261,Southampton,8466,True,True,2022/2023
1851,3901269,2023-04-30,34,Liverpool,8650,Tottenham Hotspur,8586,True,True,2022/2023
1852,3901268,2023-05-01,34,Leicester City,8197,Everton,8668,True,True,2022/2023
1853,3901262,2023-05-02,34,Arsenal,9825,Chelsea,8455,True,True,2022/2023
1854,3901207,2023-05-03,28,Liverpool,8650,Fulham,9879,True,True,2022/2023
1855,3901208,2023-05-03,28,Manchester City,8456,West Ham United,8654,True,True,2022/2023
1856,3901205,2023-05-04,28,Brighton & Hove Albion,10204,Manchester United,10260,True,True,2022/2023
1857,3901272,2023-05-06,35,AFC Bournemouth,8678,Chelsea,8455,True,True,2022/2023
1858,3901276,2023-05-06,35,Manchester City,8456,Leeds United,8463,True,True,2022/2023
1859,3901279,2023-05-06,35,Tottenham Hotspur,8586,Crystal Palace,9826,True,True,2022/2023
1860,3901281,2023-05-06,35,Wolverhampton Wanderers,8602,Aston Villa,10252,True,True,2022/2023
1861,3901275,2023-05-06,35,Liverpool,8650,Brentford,9937,True,True,2022/2023
1862,3901277,2023-05-07,35,Newcastle United,10261,Arsenal,9825,True,True,2022/2023
1863,3901280,2023-05-07,35,West Ham United,8654,Manchester United,10260,True,True,2022/2023
1864,3901274,2023-05-08,35,Fulham,9879,Leicester City,8197,True,True,2022/2023
1865,3901273,2023-05-08,35,Brighton & Hove Albion,10204,Everton,8668,True,True,2022/2023
1866,3901278,2023-05-08,35,Nottingham Forest,10203,Southampton,8466,True,True,2022/2023
1867,3901288,2023-05-13,36,Leeds United,8463,Newcastle United,10261,True,True,2022/2023
1868,3901283,2023-05-13,36,Aston Villa,10252,Tottenham Hotspur,8586,True,True,2022/2023
1869,3901285,2023-05-13,36,Chelsea,8455,Nottingham Forest,10203,True,True,2022/2023
1870,3901286,2023-05-13,36,Crystal Palace,9826,AFC Bournemouth,8678,True,True,2022/2023
1871,3901290,2023-05-13,36,Manchester United,10260,Wolverhampton Wanderers,8602,True,True,2022/2023
1872,3901291,2023-05-13,36,Southampton,8466,Fulham,9879,True,True,2022/2023
1873,3901284,2023-05-14,36,Brentford,9937,West Ham United,8654,True,True,2022/2023
1874,3901287,2023-05-14,36,Everton,8668,Manchester City,8456,True,True,2022/2023
1875,3901282,2023-05-14,36,Arsenal,9825,Brighton & Hove Albion,10204,True,True,2022/2023
1876,3901289,2023-05-15,36,Leicester City,8197,Liverpool,8650,True,True,2022/2023
1877,3901179,2023-05-18,25,Newcastle United,10261,Brighton & Hove Albion,10204,True,True,2022/2023
1878,3901299,2023-05-20,37,Tottenham Hotspur,8586,Brentford,9937,True,True,2022/2023
1879,3901292,2023-05-20,37,AFC Bournemouth,8678,Manchester United,10260,True,True,2022/2023
1880,3901294,2023-05-20,37,Fulham,9879,Crystal Palace,9826,True,True,2022/2023
1881,3901295,2023-05-20,37,Liverpool,8650,Aston Villa,10252,True,True,2022/2023
1882,3901301,2023-05-20,37,Wolverhampton Wanderers,8602,Everton,8668,True,True,2022/2023
1883,3901298,2023-05-20,37,Nottingham Forest,10203,Arsenal,9825,True,True,2022/2023
1884,3901300,2023-05-21,37,West Ham United,8654,Leeds United,8463,True,True,2022/2023
1885,3901293,2023-05-21,37,Brighton & Hove Albion,10204,Southampton,8466,True,True,2022/2023
1886,3901296,2023-05-21,37,Manchester City,8456,Chelsea,8455,True,True,2022/2023
1887,3901297,2023-05-22,37,Newcastle United,10261,Leicester City,8197,True,True,2022/2023
1888,3901245,2023-05-24,32,Brighton & Hove Albion,10204,Manchester City,8456,True,True,2022/2023
1889,3901250,2023-05-25,32,Manchester United,10260,Chelsea,8455,True,True,2022/2023
1890,3901302,2023-05-28,38,Arsenal,9825,Wolverhampton Wanderers,8602,True,True,2022/2023
1891,3901303,2023-05-28,38,Aston Villa,10252,Brighton & Hove Albion,10204,True,True,2022/2023
1892,3901304,2023-05-28,38,Brentford,9937,Manchester City,8456,True,True,2022/2023
1893,3901305,2023-05-28,38,Chelsea,8455,Newcastle United,10261,True,True,2022/2023
1894,3901306,2023-05-28,38,Crystal Palace,9826,Nottingham Forest,10203,True,True,2022/2023
1895,3901307,2023-05-28,38,Everton,8668,AFC Bournemouth,8678,True,True,2022/2023
1896,3901308,2023-05-28,38,Leeds United,8463,Tottenham Hotspur,8586,True,True,2022/2023
1897,3901309,2023-05-28,38,Leicester City,8197,West Ham United,8654,True,True,2022/2023
1898,3901310,2023-05-28,38,Manchester United,10260,Fulham,9879,True,True,2022/2023
1899,3901311,2023-05-28,38,Southampton,8466,Liverpool,8650,True,True,2022/2023
1900,3609929,2021-08-13,1,Brentford,9937,Arsenal,9825,True,True,2021/2022
1901,3609934,2021-08-14,1,Manchester United,10260,Leeds United,8463,True,True,2021/2022
1902,3609930,2021-08-14,1,Burnley,8191,Brighton & Hove Albion,10204,True,True,2021/2022
1903,3609931,2021-08-14,1,Chelsea,8455,Crystal Palace,9826,True,True,2021/2022
1904,3609932,2021-08-14,1,Everton,8668,Southampton,8466,True,True,2021/2022
1905,3609933,2021-08-14,1,Leicester City,8197,Wolverhampton Wanderers,8602,True,True,2021/2022
1906,3609938,2021-08-14,1,Watford,9817,Aston Villa,10252,True,True,2021/2022
1907,3609936,2021-08-14,1,Norwich City,9850,Liverpool,8650,True,True,2021/2022
1908,3609935,2021-08-15,1,Newcastle United,10261,West Ham United,8654,True,True,2021/2022
1909,3609937,2021-08-15,1,Tottenham Hotspur,8586,Manchester City,8456,True,True,2021/2022
1910,3609944,2021-08-21,2,Liverpool,8650,Burnley,8191,True,True,2021/2022
1911,3609940,2021-08-21,2,Aston Villa,10252,Newcastle United,10261,True,True,2021/2022
1912,3609942,2021-08-21,2,Crystal Palace,9826,Brentford,9937,True,True,2021/2022
1913,3609943,2021-08-21,2,Leeds United,8463,Everton,8668,True,True,2021/2022
1914,3609945,2021-08-21,2,Manchester City,8456,Norwich City,9850,True,True,2021/2022
1915,3609941,2021-08-21,2,Brighton & Hove Albion,10204,Watford,9817,True,True,2021/2022
1916,3609946,2021-08-22,2,Southampton,8466,Manchester United,10260,True,True,2021/2022
1917,3609948,2021-08-22,2,Wolverhampton Wanderers,8602,Tottenham Hotspur,8586,True,True,2021/2022
1918,3609939,2021-08-22,2,Arsenal,9825,Chelsea,8455,True,True,2021/2022
1919,3609947,2021-08-23,2,West Ham United,8654,Leicester City,8197,True,True,2021/2022
1920,3609953,2021-08-28,3,Manchester City,8456,Arsenal,9825,True,True,2021/2022
1921,3609949,2021-08-28,3,Aston Villa,10252,Brentford,9937,True,True,2021/2022
1922,3609950,2021-08-28,3,Brighton & Hove Albion,10204,Everton,8668,True,True,2021/2022
1923,3609954,2021-08-28,3,Newcastle United,10261,Southampton,8466,True,True,2021/2022
1924,3609955,2021-08-28,3,Norwich City,9850,Leicester City,8197,True,True,2021/2022
1925,3609957,2021-08-28,3,West Ham United,8654,Crystal Palace,9826,True,True,2021/2022
1926,3609952,2021-08-28,3,Liverpool,8650,Chelsea,8455,True,True,2021/2022
1927,3609951,2021-08-29,3,Burnley,8191,Leeds United,8463,True,True,2021/2022
1928,3609956,2021-08-29,3,Tottenham Hotspur,8586,Watford,9817,True,True,2021/2022
1929,3609958,2021-08-29,3,Wolverhampton Wanderers,8602,Manchester United,10260,True,True,2021/2022
1930,3609962,2021-09-11,4,Crystal Palace,9826,Tottenham Hotspur,8586,True,True,2021/2022
1931,3609959,2021-09-11,4,Arsenal,9825,Norwich City,9850,True,True,2021/2022
1932,3609960,2021-09-11,4,Brentford,9937,Brighton & Hove Albion,10204,True,True,2021/2022
1933,3609965,2021-09-11,4,Leicester City,8197,Manchester City,8456,True,True,2021/2022
1934,3609966,2021-09-11,4,Manchester United,10260,Newcastle United,10261,True,True,2021/2022
1935,3609967,2021-09-11,4,Southampton,8466,West Ham United,8654,True,True,2021/2022
1936,3609968,2021-09-11,4,Watford,9817,Wolverhampton Wanderers,8602,True,True,2021/2022
1937,3609961,2021-09-11,4,Chelsea,8455,Aston Villa,10252,True,True,2021/2022
1938,3609964,2021-09-12,4,Leeds United,8463,Liverpool,8650,True,True,2021/2022
1939,3609963,2021-09-13,4,Everton,8668,Burnley,8191,True,True,2021/2022
1940,3609974,2021-09-17,5,Newcastle United,10261,Leeds United,8463,True,True,2021/2022
1941,3609978,2021-09-18,5,Wolverhampton Wanderers,8602,Brentford,9937,True,True,2021/2022
1942,3609971,2021-09-18,5,Burnley,8191,Arsenal,9825,True,True,2021/2022
1943,3609972,2021-09-18,5,Liverpool,8650,Crystal Palace,9826,True,True,2021/2022
1944,3609973,2021-09-18,5,Manchester City,8456,Southampton,8466,True,True,2021/2022
1945,3609975,2021-09-18,5,Norwich City,9850,Watford,9817,True,True,2021/2022
1946,3609969,2021-09-18,5,Aston Villa,10252,Everton,8668,True,True,2021/2022
1947,3609970,2021-09-19,5,Brighton & Hove Albion,10204,Leicester City,8197,True,True,2021/2022
1948,3609977,2021-09-19,5,West Ham United,8654,Manchester United,10260,True,True,2021/2022
1949,3609976,2021-09-19,5,Tottenham Hotspur,8586,Chelsea,8455,True,True,2021/2022
1950,3609981,2021-09-25,6,Chelsea,8455,Manchester City,8456,True,True,2021/2022
1951,3609986,2021-09-25,6,Manchester United,10260,Aston Villa,10252,True,True,2021/2022
1952,3609983,2021-09-25,6,Everton,8668,Norwich City,9850,True,True,2021/2022
1953,3609984,2021-09-25,6,Leeds United,8463,West Ham United,8654,True,True,2021/2022
1954,3609985,2021-09-25,6,Leicester City,8197,Burnley,8191,True,True,2021/2022
1955,3609988,2021-09-25,6,Watford,9817,Newcastle United,10261,True,True,2021/2022
1956,3609980,2021-09-25,6,Brentford,9937,Liverpool,8650,True,True,2021/2022
1957,3609987,2021-09-26,6,Southampton,8466,Wolverhampton Wanderers,8602,True,True,2021/2022
1958,3609979,2021-09-26,6,Arsenal,9825,Tottenham Hotspur,8586,True,True,2021/2022
1959,3609982,2021-09-27,6,Crystal Palace,9826,Brighton & Hove Albion,10204,True,True,2021/2022
1960,3609995,2021-10-02,7,Manchester United,10260,Everton,8668,True,True,2021/2022
1961,3609990,2021-10-02,7,Burnley,8191,Norwich City,9850,True,True,2021/2022
1962,3609991,2021-10-02,7,Chelsea,8455,Southampton,8466,True,True,2021/2022
1963,3609993,2021-10-02,7,Leeds United,8463,Watford,9817,True,True,2021/2022
1964,3609998,2021-10-02,7,Wolverhampton Wanderers,8602,Newcastle United,10261,True,True,2021/2022
1965,3609989,2021-10-02,7,Brighton & Hove Albion,10204,Arsenal,9825,True,True,2021/2022
1966,3609992,2021-10-03,7,Crystal Palace,9826,Leicester City,8197,True,True,2021/2022
1967,3609996,2021-10-03,7,Tottenham Hotspur,8586,Aston Villa,10252,True,True,2021/2022
1968,3609997,2021-10-03,7,West Ham United,8654,Brentford,9937,True,True,2021/2022
1969,3609994,2021-10-03,7,Liverpool,8650,Manchester City,8456,True,True,2021/2022
1970,3610008,2021-10-16,8,Watford,9817,Liverpool,8650,True,True,2021/2022
1971,3610000,2021-10-16,8,Aston Villa,10252,Wolverhampton Wanderers,8602,True,True,2021/2022
1972,3610003,2021-10-16,8,Leicester City,8197,Manchester United,10260,True,True,2021/2022
1973,3610004,2021-10-16,8,Manchester City,8456,Burnley,8191,True,True,2021/2022
1974,3610006,2021-10-16,8,Norwich City,9850,Brighton & Hove Albion,10204,True,True,2021/2022
1975,3610007,2021-10-16,8,Southampton,8466,Leeds United,8463,True,True,2021/2022
1976,3610001,2021-10-16,8,Brentford,9937,Chelsea,8455,True,True,2021/2022
1977,3610002,2021-10-17,8,Everton,8668,West Ham United,8654,True,True,2021/2022
1978,3610005,2021-10-17,8,Newcastle United,10261,Tottenham Hotspur,8586,True,True,2021/2022
1979,3609999,2021-10-18,8,Arsenal,9825,Crystal Palace,9826,True,True,2021/2022
1980,3610009,2021-10-22,9,Arsenal,9825,Aston Villa,10252,True,True,2021/2022
1981,3610012,2021-10-23,9,Chelsea,8455,Norwich City,9850,True,True,2021/2022
1982,3610013,2021-10-23,9,Crystal Palace,9826,Newcastle United,10261,True,True,2021/2022
1983,3610014,2021-10-23,9,Everton,8668,Watford,9817,True,True,2021/2022
1984,3610015,2021-10-23,9,Leeds United,8463,Wolverhampton Wanderers,8602,True,True,2021/2022
1985,3610017,2021-10-23,9,Southampton,8466,Burnley,8191,True,True,2021/2022
1986,3610011,2021-10-23,9,Brighton & Hove Albion,10204,Manchester City,8456,True,True,2021/2022
1987,3610010,2021-10-24,9,Brentford,9937,Leicester City,8197,True,True,2021/2022
1988,3610018,2021-10-24,9,West Ham United,8654,Tottenham Hotspur,8586,True,True,2021/2022
1989,3610016,2021-10-24,9,Manchester United,10260,Liverpool,8650,True,True,2021/2022
1990,3610021,2021-10-30,10,Leicester City,8197,Arsenal,9825,True,True,2021/2022
1991,3610020,2021-10-30,10,Burnley,8191,Brentford,9937,True,True,2021/2022
1992,3610022,2021-10-30,10,Liverpool,8650,Brighton & Hove Albion,10204,True,True,2021/2022
1993,3610023,2021-10-30,10,Manchester City,8456,Crystal Palace,9826,True,True,2021/2022
1994,3610024,2021-10-30,10,Newcastle United,10261,Chelsea,8455,True,True,2021/2022
1995,3610027,2021-10-30,10,Watford,9817,Southampton,8466,True,True,2021/2022
1996,3610026,2021-10-30,10,Tottenham Hotspur,8586,Manchester United,10260,True,True,2021/2022
1997,3610025,2021-10-31,10,Norwich City,9850,Leeds United,8463,True,True,2021/2022
1998,3610019,2021-10-31,10,Aston Villa,10252,West Ham United,8654,True,True,2021/2022
1999,3610028,2021-11-01,10,Wolverhampton Wanderers,8602,Everton,8668,True,True,2021/2022
2000,3610037,2021-11-05,11,Southampton,8466,Aston Villa,10252,True,True,2021/2022
2001,3610036,2021-11-06,11,Manchester United,10260,Manchester City,8456,True,True,2021/2022
2002,3610030,2021-11-06,11,Brentford,9937,Norwich City,9850,True,True,2021/2022
2003,3610032,2021-11-06,11,Chelsea,8455,Burnley,8191,True,True,2021/2022
2004,3610033,2021-11-06,11,Crystal Palace,9826,Wolverhampton Wanderers,8602,True,True,2021/2022
2005,3610031,2021-11-06,11,Brighton & Hove Albion,10204,Newcastle United,10261,True,True,2021/2022
2006,3610029,2021-11-07,11,Arsenal,9825,Watford,9817,True,True,2021/2022
2007,3610034,2021-11-07,11,Everton,8668,Tottenham Hotspur,8586,True,True,2021/2022
2008,3610035,2021-11-07,11,Leeds United,8463,Leicester City,8197,True,True,2021/2022
2009,3610038,2021-11-07,11,West Ham United,8654,Liverpool,8650,True,True,2021/2022
2010,3610041,2021-11-20,12,Leicester City,8197,Chelsea,8455,True,True,2021/2022
2011,3610039,2021-11-20,12,Aston Villa,10252,Brighton & Hove Albion,10204,True,True,2021/2022
2012,3610040,2021-11-20,12,Burnley,8191,Crystal Palace,9826,True,True,2021/2022
2013,3610044,2021-11-20,12,Newcastle United,10261,Brentford,9937,True,True,2021/2022
2014,3610045,2021-11-20,12,Norwich City,9850,Southampton,8466,True,True,2021/2022
2015,3610047,2021-11-20,12,Watford,9817,Manchester United,10260,True,True,2021/2022
2016,3610048,2021-11-20,12,Wolverhampton Wanderers,8602,West Ham United,8654,True,True,2021/2022
2017,3610042,2021-11-20,12,Liverpool,8650,Arsenal,9825,True,True,2021/2022
2018,3610043,2021-11-21,12,Manchester City,8456,Everton,8668,True,True,2021/2022
2019,3610046,2021-11-21,12,Tottenham Hotspur,8586,Leeds United,8463,True,True,2021/2022
2020,3610049,2021-11-27,13,Arsenal,9825,Newcastle United,10261,True,True,2021/2022
2021,3610054,2021-11-27,13,Crystal Palace,9826,Aston Villa,10252,True,True,2021/2022
2022,3610056,2021-11-27,13,Liverpool,8650,Southampton,8466,True,True,2021/2022
2023,3610058,2021-11-27,13,Norwich City,9850,Wolverhampton Wanderers,8602,True,True,2021/2022
2024,3610051,2021-11-27,13,Brighton & Hove Albion,10204,Leeds United,8463,True,True,2021/2022
2025,3610050,2021-11-28,13,Brentford,9937,Everton,8668,True,True,2021/2022
2026,3610055,2021-11-28,13,Leicester City,8197,Watford,9817,True,True,2021/2022
2027,3610057,2021-11-28,13,Manchester City,8456,West Ham United,8654,True,True,2021/2022
2028,3610053,2021-11-28,13,Chelsea,8455,Manchester United,10260,True,True,2021/2022
2029,3610066,2021-11-30,14,Newcastle United,10261,Norwich City,9850,True,True,2021/2022
2030,3610061,2021-11-30,14,Leeds United,8463,Crystal Palace,9826,True,True,2021/2022
2031,3610067,2021-12-01,14,Southampton,8466,Leicester City,8197,True,True,2021/2022
2032,3610062,2021-12-01,14,Watford,9817,Chelsea,8455,True,True,2021/2022
2033,3610063,2021-12-01,14,West Ham United,8654,Brighton & Hove Albion,10204,True,True,2021/2022
2034,3610064,2021-12-01,14,Wolverhampton Wanderers,8602,Burnley,8191,True,True,2021/2022
2035,3610059,2021-12-01,14,Aston Villa,10252,Manchester City,8456,True,True,2021/2022
2036,3610060,2021-12-01,14,Everton,8668,Liverpool,8650,True,True,2021/2022
2037,3610068,2021-12-02,14,Tottenham Hotspur,8586,Brentford,9937,True,True,2021/2022
2038,3610065,2021-12-02,14,Manchester United,10260,Arsenal,9825,True,True,2021/2022
2039,3610077,2021-12-04,15,West Ham United,8654,Chelsea,8455,True,True,2021/2022
2040,3610073,2021-12-04,15,Newcastle United,10261,Burnley,8191,True,True,2021/2022
2041,3610074,2021-12-04,15,Southampton,8466,Brighton & Hove Albion,10204,True,True,2021/2022
2042,3610078,2021-12-04,15,Wolverhampton Wanderers,8602,Liverpool,8650,True,True,2021/2022
2043,3610076,2021-12-04,15,Watford,9817,Manchester City,8456,True,True,2021/2022
2044,3610071,2021-12-05,15,Leeds United,8463,Brentford,9937,True,True,2021/2022
2045,3610072,2021-12-05,15,Manchester United,10260,Crystal Palace,9826,True,True,2021/2022
2046,3610075,2021-12-05,15,Tottenham Hotspur,8586,Norwich City,9850,True,True,2021/2022
2047,3610069,2021-12-05,15,Aston Villa,10252,Leicester City,8197,True,True,2021/2022
2048,3610070,2021-12-06,15,Everton,8668,Arsenal,9825,True,True,2021/2022
2049,3610081,2021-12-10,16,Brentford,9937,Watford,9817,True,True,2021/2022
2050,3610088,2021-12-11,16,Manchester City,8456,Wolverhampton Wanderers,8602,True,True,2021/2022
2051,3610080,2021-12-11,16,Arsenal,9825,Southampton,8466,True,True,2021/2022
2052,3610084,2021-12-11,16,Chelsea,8455,Leeds United,8463,True,True,2021/2022
2053,3610087,2021-12-11,16,Liverpool,8650,Aston Villa,10252,True,True,2021/2022
2054,3610089,2021-12-11,16,Norwich City,9850,Manchester United,10260,True,True,2021/2022
2055,3610083,2021-12-12,16,Burnley,8191,West Ham United,8654,True,True,2021/2022
2056,3610086,2021-12-12,16,Leicester City,8197,Newcastle United,10261,True,True,2021/2022
2057,3610085,2021-12-12,16,Crystal Palace,9826,Everton,8668,True,True,2021/2022
2058,3610095,2021-12-14,17,Norwich City,9850,Aston Villa,10252,True,True,2021/2022
2059,3610099,2021-12-14,17,Manchester City,8456,Leeds United,8463,True,True,2021/2022
2060,3610092,2021-12-15,17,Brighton & Hove Albion,10204,Wolverhampton Wanderers,8602,True,True,2021/2022
2061,3610096,2021-12-15,17,Crystal Palace,9826,Southampton,8466,True,True,2021/2022
2062,3610090,2021-12-15,17,Arsenal,9825,West Ham United,8654,True,True,2021/2022
2063,3610097,2021-12-16,17,Chelsea,8455,Everton,8668,True,True,2021/2022
2064,3610098,2021-12-16,17,Liverpool,8650,Newcastle United,10261,True,True,2021/2022
2065,3610102,2021-12-18,18,Leeds United,8463,Arsenal,9825,True,True,2021/2022
2066,3610104,2021-12-19,18,Newcastle United,10261,Manchester City,8456,True,True,2021/2022
2067,3610109,2021-12-19,18,Wolverhampton Wanderers,8602,Chelsea,8455,True,True,2021/2022
2068,3610106,2021-12-19,18,Tottenham Hotspur,8586,Liverpool,8650,True,True,2021/2022
2069,3610114,2021-12-26,19,Manchester City,8456,Leicester City,8197,True,True,2021/2022
2070,3610116,2021-12-26,19,Norwich City,9850,Arsenal,9825,True,True,2021/2022
2071,3610117,2021-12-26,19,Tottenham Hotspur,8586,Crystal Palace,9826,True,True,2021/2022
2072,3610118,2021-12-26,19,West Ham United,8654,Southampton,8466,True,True,2021/2022
2073,3610110,2021-12-26,19,Aston Villa,10252,Chelsea,8455,True,True,2021/2022
2074,3610111,2021-12-26,19,Brighton & Hove Albion,10204,Brentford,9937,True,True,2021/2022
2075,3610115,2021-12-27,19,Newcastle United,10261,Manchester United,10260,True,True,2021/2022
2076,3610124,2021-12-28,20,Crystal Palace,9826,Norwich City,9850,True,True,2021/2022
2077,3610129,2021-12-28,20,Southampton,8466,Tottenham Hotspur,8586,True,True,2021/2022
2078,3610123,2021-12-28,20,Watford,9817,West Ham United,8654,True,True,2021/2022
2079,3610127,2021-12-28,20,Leicester City,8197,Liverpool,8650,True,True,2021/2022
2080,3610122,2021-12-29,20,Chelsea,8455,Brighton & Hove Albion,10204,True,True,2021/2022
2081,3610121,2021-12-29,20,Brentford,9937,Manchester City,8456,True,True,2021/2022
2082,3610128,2021-12-30,20,Manchester United,10260,Burnley,8191,True,True,2021/2022
2083,3610130,2022-01-01,21,Arsenal,9825,Manchester City,8456,True,True,2021/2022
2084,3610139,2022-01-01,21,Watford,9817,Tottenham Hotspur,8586,True,True,2021/2022
2085,3610133,2022-01-01,21,Crystal Palace,9826,West Ham United,8654,True,True,2021/2022
2086,3610131,2022-01-02,21,Brentford,9937,Aston Villa,10252,True,True,2021/2022
2087,3610134,2022-01-02,21,Everton,8668,Brighton & Hove Albion,10204,True,True,2021/2022
2088,3610135,2022-01-02,21,Leeds United,8463,Burnley,8191,True,True,2021/2022
2089,3610132,2022-01-02,21,Chelsea,8455,Liverpool,8650,True,True,2021/2022
2090,3610137,2022-01-03,21,Manchester United,10260,Wolverhampton Wanderers,8602,True,True,2021/2022
2091,3610105,2022-01-11,18,Southampton,8466,Brentford,9937,True,True,2021/2022
2092,3610108,2022-01-12,18,West Ham United,8654,Norwich City,9850,True,True,2021/2022
2093,3610141,2022-01-14,22,Brighton & Hove Albion,10204,Crystal Palace,9826,True,True,2021/2022
2094,3610144,2022-01-15,22,Manchester City,8456,Chelsea,8455,True,True,2021/2022
2095,3610145,2022-01-15,22,Newcastle United,10261,Watford,9817,True,True,2021/2022
2096,3610146,2022-01-15,22,Norwich City,9850,Everton,8668,True,True,2021/2022
2097,3610149,2022-01-15,22,Wolverhampton Wanderers,8602,Southampton,8466,True,True,2021/2022
2098,3610140,2022-01-15,22,Aston Villa,10252,Manchester United,10260,True,True,2021/2022
2099,3610143,2022-01-16,22,Liverpool,8650,Brentford,9937,True,True,2021/2022
2100,3610148,2022-01-16,22,West Ham United,8654,Leeds United,8463,True,True,2021/2022
2101,3610161,2022-01-18,24,Brighton & Hove Albion,10204,Chelsea,8455,True,True,2021/2022
2102,3610094,2022-01-19,17,Leicester City,8197,Tottenham Hotspur,8586,True,True,2021/2022
2103,3610091,2022-01-19,17,Brentford,9937,Manchester United,10260,True,True,2021/2022
2104,3610159,2022-01-21,23,Watford,9817,Norwich City,9850,True,True,2021/2022
2105,3610154,2022-01-22,23,Everton,8668,Aston Villa,10252,True,True,2021/2022
2106,3610151,2022-01-22,23,Brentford,9937,Wolverhampton Wanderers,8602,True,True,2021/2022
2107,3610155,2022-01-22,23,Leeds United,8463,Newcastle United,10261,True,True,2021/2022
2108,3610157,2022-01-22,23,Manchester United,10260,West Ham United,8654,True,True,2021/2022
2109,3610158,2022-01-22,23,Southampton,8466,Manchester City,8456,True,True,2021/2022
2110,3610150,2022-01-23,23,Arsenal,9825,Burnley,8191,True,True,2021/2022
2111,3610153,2022-01-23,23,Crystal Palace,9826,Liverpool,8650,True,True,2021/2022
2112,3610156,2022-01-23,23,Leicester City,8197,Brighton & Hove Albion,10204,True,True,2021/2022
2113,3610152,2022-01-23,23,Chelsea,8455,Tottenham Hotspur,8586,True,True,2021/2022
2114,3610093,2022-02-05,17,Burnley,8191,Watford,9817,True,True,2021/2022
2115,3610166,2022-02-08,24,Newcastle United,10261,Everton,8668,True,True,2021/2022
2116,3610164,2022-02-08,24,West Ham United,8654,Watford,9817,True,True,2021/2022
2117,3610162,2022-02-08,24,Burnley,8191,Manchester United,10260,True,True,2021/2022
2118,3610169,2022-02-09,24,Manchester City,8456,Brentford,9937,True,True,2021/2022
2119,3610163,2022-02-09,24,Norwich City,9850,Crystal Palace,9826,True,True,2021/2022
2120,3610167,2022-02-09,24,Tottenham Hotspur,8586,Southampton,8466,True,True,2021/2022
2121,3610160,2022-02-09,24,Aston Villa,10252,Leeds United,8463,True,True,2021/2022
2122,3610168,2022-02-10,24,Liverpool,8650,Leicester City,8197,True,True,2021/2022
2123,3610165,2022-02-10,24,Wolverhampton Wanderers,8602,Arsenal,9825,True,True,2021/2022
2124,3610175,2022-02-12,25,Manchester United,10260,Southampton,8466,True,True,2021/2022
2125,3610170,2022-02-12,25,Brentford,9937,Crystal Palace,9826,True,True,2021/2022
2126,3610173,2022-02-12,25,Everton,8668,Leeds United,8463,True,True,2021/2022
2127,3610179,2022-02-12,25,Watford,9817,Brighton & Hove Albion,10204,True,True,2021/2022
2128,3610177,2022-02-12,25,Norwich City,9850,Manchester City,8456,True,True,2021/2022
2129,3610171,2022-02-13,25,Burnley,8191,Liverpool,8650,True,True,2021/2022
2130,3610176,2022-02-13,25,Newcastle United,10261,Aston Villa,10252,True,True,2021/2022
2131,3610178,2022-02-13,25,Tottenham Hotspur,8586,Wolverhampton Wanderers,8602,True,True,2021/2022
2132,3610174,2022-02-13,25,Leicester City,8197,West Ham United,8654,True,True,2021/2022
2133,3610103,2022-02-15,18,Manchester United,10260,Brighton & Hove Albion,10204,True,True,2021/2022
2134,3610188,2022-02-19,26,West Ham United,8654,Newcastle United,10261,True,True,2021/2022
2135,3610180,2022-02-19,26,Arsenal,9825,Brentford,9937,True,True,2021/2022
2136,3610181,2022-02-19,26,Aston Villa,10252,Watford,9817,True,True,2021/2022
2137,3610182,2022-02-19,26,Brighton & Hove Albion,10204,Burnley,8191,True,True,2021/2022
2138,3610183,2022-02-19,26,Crystal Palace,9826,Chelsea,8455,True,True,2021/2022
2139,3610185,2022-02-19,26,Liverpool,8650,Norwich City,9850,True,True,2021/2022
2140,3610187,2022-02-19,26,Southampton,8466,Everton,8668,True,True,2021/2022
2141,3610186,2022-02-19,26,Manchester City,8456,Tottenham Hotspur,8586,True,True,2021/2022
2142,3610184,2022-02-20,26,Leeds United,8463,Manchester United,10260,True,True,2021/2022
2143,3610189,2022-02-20,26,Wolverhampton Wanderers,8602,Leicester City,8197,True,True,2021/2022
2144,3610052,2022-02-23,13,Burnley,8191,Tottenham Hotspur,8586,True,True,2021/2022
2145,3610107,2022-02-23,18,Watford,9817,Crystal Palace,9826,True,True,2021/2022
2146,3610113,2022-02-23,19,Liverpool,8650,Leeds United,8463,True,True,2021/2022
2147,3610120,2022-02-24,20,Arsenal,9825,Wolverhampton Wanderers,8602,True,True,2021/2022
2148,3610198,2022-02-25,27,Southampton,8466,Norwich City,9850,True,True,2021/2022
2149,3610196,2022-02-26,27,Leeds United,8463,Tottenham Hotspur,8586,True,True,2021/2022
2150,3610191,2022-02-26,27,Brentford,9937,Newcastle United,10261,True,True,2021/2022
2151,3610194,2022-02-26,27,Crystal Palace,9826,Burnley,8191,True,True,2021/2022
2152,3610197,2022-02-26,27,Manchester United,10260,Watford,9817,True,True,2021/2022
2153,3610192,2022-02-26,27,Brighton & Hove Albion,10204,Aston Villa,10252,True,True,2021/2022
2154,3610195,2022-02-26,27,Everton,8668,Manchester City,8456,True,True,2021/2022
2155,3610199,2022-02-27,27,West Ham United,8654,Wolverhampton Wanderers,8602,True,True,2021/2022
2156,3610142,2022-03-01,22,Burnley,8191,Leicester City,8197,True,True,2021/2022
2157,3610202,2022-03-05,28,Leicester City,8197,Leeds United,8463,True,True,2021/2022
2158,3610200,2022-03-05,28,Aston Villa,10252,Southampton,8466,True,True,2021/2022
2159,3610201,2022-03-05,28,Burnley,8191,Chelsea,8455,True,True,2021/2022
2160,3610205,2022-03-05,28,Newcastle United,10261,Brighton & Hove Albion,10204,True,True,2021/2022
2161,3610206,2022-03-05,28,Norwich City,9850,Brentford,9937,True,True,2021/2022
2162,3610209,2022-03-05,28,Wolverhampton Wanderers,8602,Crystal Palace,9826,True,True,2021/2022
2163,3610203,2022-03-05,28,Liverpool,8650,West Ham United,8654,True,True,2021/2022
2164,3610208,2022-03-06,28,Watford,9817,Arsenal,9825,True,True,2021/2022
2165,3610204,2022-03-06,28,Manchester City,8456,Manchester United,10260,True,True,2021/2022
2166,3610207,2022-03-07,28,Tottenham Hotspur,8586,Everton,8668,True,True,2021/2022
2167,3610226,2022-03-10,30,Norwich City,9850,Chelsea,8455,True,True,2021/2022
2168,3610138,2022-03-10,21,Southampton,8466,Newcastle United,10261,True,True,2021/2022
2169,3610119,2022-03-10,19,Wolverhampton Wanderers,8602,Watford,9817,True,True,2021/2022
2170,3610126,2022-03-10,20,Leeds United,8463,Aston Villa,10252,True,True,2021/2022
2171,3610212,2022-03-12,29,Brighton & Hove Albion,10204,Liverpool,8650,True,True,2021/2022
2172,3610211,2022-03-12,29,Brentford,9937,Burnley,8191,True,True,2021/2022
2173,3610217,2022-03-12,29,Manchester United,10260,Tottenham Hotspur,8586,True,True,2021/2022
2174,3610213,2022-03-13,29,Chelsea,8455,Newcastle United,10261,True,True,2021/2022
2175,3610215,2022-03-13,29,Everton,8668,Wolverhampton Wanderers,8602,True,True,2021/2022
2176,3610216,2022-03-13,29,Leeds United,8463,Norwich City,9850,True,True,2021/2022
2177,3610218,2022-03-13,29,Southampton,8466,Watford,9817,True,True,2021/2022
2178,3610219,2022-03-13,29,West Ham United,8654,Aston Villa,10252,True,True,2021/2022
2179,3610210,2022-03-13,29,Arsenal,9825,Leicester City,8197,True,True,2021/2022
2180,3610214,2022-03-14,29,Crystal Palace,9826,Manchester City,8456,True,True,2021/2022
2181,3610082,2022-03-16,16,Brighton & Hove Albion,10204,Tottenham Hotspur,8586,True,True,2021/2022
2182,3610190,2022-03-16,27,Arsenal,9825,Liverpool,8650,True,True,2021/2022
2183,3610125,2022-03-17,20,Everton,8668,Newcastle United,10261,True,True,2021/2022
2184,3610229,2022-03-18,30,Wolverhampton Wanderers,8602,Leeds United,8463,True,True,2021/2022
2185,3610220,2022-03-19,30,Aston Villa,10252,Arsenal,9825,True,True,2021/2022
2186,3610222,2022-03-20,30,Leicester City,8197,Brentford,9937,True,True,2021/2022
2187,3610227,2022-03-20,30,Tottenham Hotspur,8586,West Ham United,8654,True,True,2021/2022
2188,3610234,2022-04-02,31,Liverpool,8650,Watford,9817,True,True,2021/2022
2189,3610239,2022-04-02,31,Brighton & Hove Albion,10204,Norwich City,9850,True,True,2021/2022
2190,3610238,2022-04-02,31,Burnley,8191,Manchester City,8456,True,True,2021/2022
2191,3610237,2022-04-02,31,Chelsea,8455,Brentford,9937,True,True,2021/2022
2192,3610235,2022-04-02,31,Leeds United,8463,Southampton,8466,True,True,2021/2022
2193,3610230,2022-04-02,31,Wolverhampton Wanderers,8602,Aston Villa,10252,True,True,2021/2022
2194,3610233,2022-04-02,31,Manchester United,10260,Leicester City,8197,True,True,2021/2022
2195,3610231,2022-04-03,31,West Ham United,8654,Everton,8668,True,True,2021/2022
2196,3610232,2022-04-03,31,Tottenham Hotspur,8586,Newcastle United,10261,True,True,2021/2022
2197,3610236,2022-04-04,31,Crystal Palace,9826,Arsenal,9825,True,True,2021/2022
2198,3610112,2022-04-06,19,Burnley,8191,Everton,8668,True,True,2021/2022
2199,3610243,2022-04-08,32,Newcastle United,10261,Wolverhampton Wanderers,8602,True,True,2021/2022
2200,3610246,2022-04-09,32,Everton,8668,Manchester United,10260,True,True,2021/2022
2201,3610249,2022-04-09,32,Arsenal,9825,Brighton & Hove Albion,10204,True,True,2021/2022
2202,3610241,2022-04-09,32,Southampton,8466,Chelsea,8455,True,True,2021/2022
2203,3610240,2022-04-09,32,Watford,9817,Leeds United,8463,True,True,2021/2022
2204,3610248,2022-04-09,32,Aston Villa,10252,Tottenham Hotspur,8586,True,True,2021/2022
2205,3610247,2022-04-10,32,Brentford,9937,West Ham United,8654,True,True,2021/2022
2206,3610245,2022-04-10,32,Leicester City,8197,Crystal Palace,9826,True,True,2021/2022
2207,3610242,2022-04-10,32,Norwich City,9850,Burnley,8191,True,True,2021/2022
2208,3610244,2022-04-10,32,Manchester City,8456,Liverpool,8650,True,True,2021/2022
2209,3610253,2022-04-16,33,Tottenham Hotspur,8586,Brighton & Hove Albion,10204,True,True,2021/2022
2210,3610256,2022-04-16,33,Manchester United,10260,Norwich City,9850,True,True,2021/2022
2211,3610254,2022-04-16,33,Southampton,8466,Arsenal,9825,True,True,2021/2022
2212,3610252,2022-04-16,33,Watford,9817,Brentford,9937,True,True,2021/2022
2213,3610255,2022-04-17,33,Newcastle United,10261,Leicester City,8197,True,True,2021/2022
2214,3610251,2022-04-17,33,West Ham United,8654,Burnley,8191,True,True,2021/2022
2215,3610223,2022-04-19,30,Liverpool,8650,Manchester United,10260,True,True,2021/2022
2216,3610172,2022-04-20,25,Chelsea,8455,Arsenal,9825,True,True,2021/2022
2217,3610101,2022-04-20,18,Everton,8668,Leicester City,8197,True,True,2021/2022
2218,3610225,2022-04-20,30,Newcastle United,10261,Crystal Palace,9826,True,True,2021/2022
2219,3610224,2022-04-20,30,Manchester City,8456,Brighton & Hove Albion,10204,True,True,2021/2022
2220,3610221,2022-04-21,30,Burnley,8191,Southampton,8466,True,True,2021/2022
2221,3610269,2022-04-23,34,Arsenal,9825,Manchester United,10260,True,True,2021/2022
2222,3610263,2022-04-23,34,Leicester City,8197,Aston Villa,10252,True,True,2021/2022
2223,3610261,2022-04-23,34,Manchester City,8456,Watford,9817,True,True,2021/2022
2224,3610260,2022-04-23,34,Norwich City,9850,Newcastle United,10261,True,True,2021/2022
2225,3610268,2022-04-23,34,Brentford,9937,Tottenham Hotspur,8586,True,True,2021/2022
2226,3610267,2022-04-24,34,Brighton & Hove Albion,10204,Southampton,8466,True,True,2021/2022
2227,3610266,2022-04-24,34,Burnley,8191,Wolverhampton Wanderers,8602,True,True,2021/2022
2228,3610265,2022-04-24,34,Chelsea,8455,West Ham United,8654,True,True,2021/2022
2229,3610262,2022-04-24,34,Liverpool,8650,Everton,8668,True,True,2021/2022
2230,3610264,2022-04-25,34,Crystal Palace,9826,Leeds United,8463,True,True,2021/2022
2231,3610296,2022-04-28,37,Manchester United,10260,Chelsea,8455,True,True,2021/2022
2232,3610275,2022-04-30,35,Newcastle United,10261,Liverpool,8650,True,True,2021/2022
2233,3610279,2022-04-30,35,Aston Villa,10252,Norwich City,9850,True,True,2021/2022
2234,3610274,2022-04-30,35,Southampton,8466,Crystal Palace,9826,True,True,2021/2022
2235,3610272,2022-04-30,35,Watford,9817,Burnley,8191,True,True,2021/2022
2236,3610270,2022-04-30,35,Wolverhampton Wanderers,8602,Brighton & Hove Albion,10204,True,True,2021/2022
2237,3610277,2022-04-30,35,Leeds United,8463,Manchester City,8456,True,True,2021/2022
2238,3610278,2022-05-01,35,Everton,8668,Chelsea,8455,True,True,2021/2022
2239,3610273,2022-05-01,35,Tottenham Hotspur,8586,Leicester City,8197,True,True,2021/2022
2240,3610271,2022-05-01,35,West Ham United,8654,Arsenal,9825,True,True,2021/2022
2241,3610276,2022-05-02,35,Manchester United,10260,Brentford,9937,True,True,2021/2022
2242,3610288,2022-05-07,36,Brentford,9937,Southampton,8466,True,True,2021/2022
2243,3610286,2022-05-07,36,Burnley,8191,Aston Villa,10252,True,True,2021/2022
2244,3610285,2022-05-07,36,Chelsea,8455,Wolverhampton Wanderers,8602,True,True,2021/2022
2245,3610284,2022-05-07,36,Crystal Palace,9826,Watford,9817,True,True,2021/2022
2246,3610287,2022-05-07,36,Brighton & Hove Albion,10204,Manchester United,10260,True,True,2021/2022
2247,3610282,2022-05-07,36,Liverpool,8650,Tottenham Hotspur,8586,True,True,2021/2022
2248,3610289,2022-05-08,36,Arsenal,9825,Leeds United,8463,True,True,2021/2022
2249,3610283,2022-05-08,36,Leicester City,8197,Everton,8668,True,True,2021/2022
2250,3610280,2022-05-08,36,Norwich City,9850,West Ham United,8654,True,True,2021/2022
2251,3610281,2022-05-08,36,Manchester City,8456,Newcastle United,10261,True,True,2021/2022
2252,3610259,2022-05-10,33,Aston Villa,10252,Liverpool,8650,True,True,2021/2022
2253,3610257,2022-05-11,33,Leeds United,8463,Chelsea,8455,True,True,2021/2022
2254,3610136,2022-05-11,21,Leicester City,8197,Norwich City,9850,True,True,2021/2022
2255,3610228,2022-05-11,30,Watford,9817,Everton,8668,True,True,2021/2022
2256,3610250,2022-05-11,33,Wolverhampton Wanderers,8602,Manchester City,8456,True,True,2021/2022
2257,3610147,2022-05-12,22,Tottenham Hotspur,8586,Arsenal,9825,True,True,2021/2022
2258,3610293,2022-05-15,37,Tottenham Hotspur,8586,Burnley,8191,True,True,2021/2022
2259,3610299,2022-05-15,37,Aston Villa,10252,Crystal Palace,9826,True,True,2021/2022
2260,3610297,2022-05-15,37,Leeds United,8463,Brighton & Hove Albion,10204,True,True,2021/2022
2261,3610292,2022-05-15,37,Watford,9817,Leicester City,8197,True,True,2021/2022
2262,3610291,2022-05-15,37,West Ham United,8654,Manchester City,8456,True,True,2021/2022
2263,3610290,2022-05-15,37,Wolverhampton Wanderers,8602,Norwich City,9850,True,True,2021/2022
2264,3610298,2022-05-15,37,Everton,8668,Brentford,9937,True,True,2021/2022
2265,3610295,2022-05-16,37,Newcastle United,10261,Arsenal,9825,True,True,2021/2022
2266,3610294,2022-05-17,37,Southampton,8466,Liverpool,8650,True,True,2021/2022
2267,3610258,2022-05-19,33,Everton,8668,Crystal Palace,9826,True,True,2021/2022
2268,3610100,2022-05-19,18,Aston Villa,10252,Burnley,8191,True,True,2021/2022
2269,3610193,2022-05-19,27,Chelsea,8455,Leicester City,8197,True,True,2021/2022
2270,3610300,2022-05-22,38,Arsenal,9825,Everton,8668,True,True,2021/2022
2271,3610301,2022-05-22,38,Brentford,9937,Leeds United,8463,True,True,2021/2022
2272,3610302,2022-05-22,38,Brighton & Hove Albion,10204,West Ham United,8654,True,True,2021/2022
2273,3610303,2022-05-22,38,Burnley,8191,Newcastle United,10261,True,True,2021/2022
2274,3610304,2022-05-22,38,Chelsea,8455,Watford,9817,True,True,2021/2022
2275,3610305,2022-05-22,38,Crystal Palace,9826,Manchester United,10260,True,True,2021/2022
2276,3610306,2022-05-22,38,Leicester City,8197,Southampton,8466,True,True,2021/2022
2277,3610307,2022-05-22,38,Liverpool,8650,Wolverhampton Wanderers,8602,True,True,2021/2022
2278,3610308,2022-05-22,38,Manchester City,8456,Aston Villa,10252,True,True,2021/2022
2279,3610309,2022-05-22,38,Norwich City,9850,Tottenham Hotspur,8586,True,True,2021/2022
2280,3411352,2020-09-12,1,Fulham,9879,Arsenal,9825,True,True,2020/2021
2281,3411351,2020-09-12,1,Crystal Palace,9826,Southampton,8466,True,True,2020/2021
2282,3411353,2020-09-12,1,Liverpool,8650,Leeds United,8463,True,True,2020/2021
2283,3411356,2020-09-12,1,West Ham United,8654,Newcastle United,10261,True,True,2020/2021
2284,3411355,2020-09-13,1,West Bromwich Albion,8659,Leicester City,8197,True,True,2020/2021
2285,3411354,2020-09-13,1,Tottenham Hotspur,8586,Everton,8668,True,True,2020/2021
2286,3411358,2020-09-14,1,Sheffield United,8657,Wolverhampton Wanderers,8602,True,True,2020/2021
2287,3411357,2020-09-14,1,Brighton & Hove Albion,10204,Chelsea,8455,True,True,2020/2021
2288,3411362,2020-09-19,2,Everton,8668,West Bromwich Albion,8659,True,True,2020/2021
2289,3411363,2020-09-19,2,Leeds United,8463,Fulham,9879,True,True,2020/2021
2290,3411365,2020-09-19,2,Manchester United,10260,Crystal Palace,9826,True,True,2020/2021
2291,3411359,2020-09-19,2,Arsenal,9825,West Ham United,8654,True,True,2020/2021
2292,3411367,2020-09-20,2,Southampton,8466,Tottenham Hotspur,8586,True,True,2020/2021
2293,3411366,2020-09-20,2,Newcastle United,10261,Brighton & Hove Albion,10204,True,True,2020/2021
2294,3411361,2020-09-20,2,Chelsea,8455,Liverpool,8650,True,True,2020/2021
2295,3411364,2020-09-20,2,Leicester City,8197,Burnley,8191,True,True,2020/2021
2296,3411360,2020-09-21,2,Aston Villa,10252,Sheffield United,8657,True,True,2020/2021
2297,3411368,2020-09-21,2,Wolverhampton Wanderers,8602,Manchester City,8456,True,True,2020/2021
2298,3411369,2020-09-26,3,Brighton & Hove Albion,10204,Manchester United,10260,True,True,2020/2021
2299,3411371,2020-09-26,3,Crystal Palace,9826,Everton,8668,True,True,2020/2021
2300,3411377,2020-09-26,3,West Bromwich Albion,8659,Chelsea,8455,True,True,2020/2021
2301,3411370,2020-09-26,3,Burnley,8191,Southampton,8466,True,True,2020/2021
2302,3411375,2020-09-27,3,Sheffield United,8657,Leeds United,8463,True,True,2020/2021
2303,3411376,2020-09-27,3,Tottenham Hotspur,8586,Newcastle United,10261,True,True,2020/2021
2304,3411374,2020-09-27,3,Manchester City,8456,Leicester City,8197,True,True,2020/2021
2305,3411378,2020-09-27,3,West Ham United,8654,Wolverhampton Wanderers,8602,True,True,2020/2021
2306,3411372,2020-09-28,3,Fulham,9879,Aston Villa,10252,True,True,2020/2021
2307,3411373,2020-09-28,3,Liverpool,8650,Arsenal,9825,True,True,2020/2021
2308,3411381,2020-10-03,4,Chelsea,8455,Crystal Palace,9826,True,True,2020/2021
2309,3411382,2020-10-03,4,Everton,8668,Brighton & Hove Albion,10204,True,True,2020/2021
2310,3411383,2020-10-03,4,Leeds United,8463,Manchester City,8456,True,True,2020/2021
2311,3411386,2020-10-03,4,Newcastle United,10261,Burnley,8191,True,True,2020/2021
2312,3411384,2020-10-04,4,Leicester City,8197,West Ham United,8654,True,True,2020/2021
2313,3411387,2020-10-04,4,Southampton,8466,West Bromwich Albion,8659,True,True,2020/2021
2314,3411379,2020-10-04,4,Arsenal,9825,Sheffield United,8657,True,True,2020/2021
2315,3411388,2020-10-04,4,Wolverhampton Wanderers,8602,Fulham,9879,True,True,2020/2021
2316,3411385,2020-10-04,4,Manchester United,10260,Tottenham Hotspur,8586,True,True,2020/2021
2317,3411380,2020-10-04,4,Aston Villa,10252,Liverpool,8650,True,True,2020/2021
2318,3411391,2020-10-17,5,Everton,8668,Liverpool,8650,True,True,2020/2021
2319,3411389,2020-10-17,5,Chelsea,8455,Southampton,8466,True,True,2020/2021
2320,3411394,2020-10-17,5,Manchester City,8456,Arsenal,9825,True,True,2020/2021
2321,3411395,2020-10-17,5,Newcastle United,10261,Manchester United,10260,True,True,2020/2021
2322,3411396,2020-10-18,5,Sheffield United,8657,Fulham,9879,True,True,2020/2021
2323,3411390,2020-10-18,5,Crystal Palace,9826,Brighton & Hove Albion,10204,True,True,2020/2021
2324,3411397,2020-10-18,5,Tottenham Hotspur,8586,West Ham United,8654,True,True,2020/2021
2325,3411393,2020-10-18,5,Leicester City,8197,Aston Villa,10252,True,True,2020/2021
2326,3411398,2020-10-19,5,West Bromwich Albion,8659,Burnley,8191,True,True,2020/2021
2327,3411392,2020-10-19,5,Leeds United,8463,Wolverhampton Wanderers,8602,True,True,2020/2021
2328,3411400,2020-10-23,6,Aston Villa,10252,Leeds United,8463,True,True,2020/2021
2329,3411407,2020-10-24,6,West Ham United,8654,Manchester City,8456,True,True,2020/2021
2330,3411403,2020-10-24,6,Fulham,9879,Crystal Palace,9826,True,True,2020/2021
2331,3411405,2020-10-24,6,Manchester United,10260,Chelsea,8455,True,True,2020/2021
2332,3411404,2020-10-24,6,Liverpool,8650,Sheffield United,8657,True,True,2020/2021
2333,3411406,2020-10-25,6,Southampton,8466,Everton,8668,True,True,2020/2021
2334,3411408,2020-10-25,6,Wolverhampton Wanderers,8602,Newcastle United,10261,True,True,2020/2021
2335,3411399,2020-10-25,6,Arsenal,9825,Leicester City,8197,True,True,2020/2021
2336,3411401,2020-10-26,6,Brighton & Hove Albion,10204,West Bromwich Albion,8659,True,True,2020/2021
2337,3411402,2020-10-26,6,Burnley,8191,Tottenham Hotspur,8586,True,True,2020/2021
2338,3411418,2020-10-30,7,Wolverhampton Wanderers,8602,Crystal Palace,9826,True,True,2020/2021
2339,3411416,2020-10-31,7,Sheffield United,8657,Manchester City,8456,True,True,2020/2021
2340,3411410,2020-10-31,7,Burnley,8191,Chelsea,8455,True,True,2020/2021
2341,3411413,2020-10-31,7,Liverpool,8650,West Ham United,8654,True,True,2020/2021
2342,3411409,2020-11-01,7,Aston Villa,10252,Southampton,8466,True,True,2020/2021
2343,3411415,2020-11-01,7,Newcastle United,10261,Everton,8668,True,True,2020/2021
2344,3411414,2020-11-01,7,Manchester United,10260,Arsenal,9825,True,True,2020/2021
2345,3411417,2020-11-01,7,Tottenham Hotspur,8586,Brighton & Hove Albion,10204,True,True,2020/2021
2346,3411411,2020-11-02,7,Fulham,9879,West Bromwich Albion,8659,True,True,2020/2021
2347,3411412,2020-11-02,7,Leeds United,8463,Leicester City,8197,True,True,2020/2021
2348,3411420,2020-11-06,8,Brighton & Hove Albion,10204,Burnley,8191,True,True,2020/2021
2349,3411426,2020-11-06,8,Southampton,8466,Newcastle United,10261,True,True,2020/2021
2350,3411423,2020-11-07,8,Everton,8668,Manchester United,10260,True,True,2020/2021
2351,3411422,2020-11-07,8,Crystal Palace,9826,Leeds United,8463,True,True,2020/2021
2352,3411421,2020-11-07,8,Chelsea,8455,Sheffield United,8657,True,True,2020/2021
2353,3411428,2020-11-07,8,West Ham United,8654,Fulham,9879,True,True,2020/2021
2354,3411427,2020-11-08,8,West Bromwich Albion,8659,Tottenham Hotspur,8586,True,True,2020/2021
2355,3411424,2020-11-08,8,Leicester City,8197,Wolverhampton Wanderers,8602,True,True,2020/2021
2356,3411425,2020-11-08,8,Manchester City,8456,Liverpool,8650,True,True,2020/2021
2357,3411419,2020-11-08,8,Arsenal,9825,Aston Villa,10252,True,True,2020/2021
2358,3411435,2020-11-21,9,Newcastle United,10261,Chelsea,8455,True,True,2020/2021
2359,3411429,2020-11-21,9,Aston Villa,10252,Brighton & Hove Albion,10204,True,True,2020/2021
2360,3411437,2020-11-21,9,Tottenham Hotspur,8586,Manchester City,8456,True,True,2020/2021
2361,3411434,2020-11-21,9,Manchester United,10260,West Bromwich Albion,8659,True,True,2020/2021
2362,3411431,2020-11-22,9,Fulham,9879,Everton,8668,True,True,2020/2021
2363,3411436,2020-11-22,9,Sheffield United,8657,West Ham United,8654,True,True,2020/2021
2364,3411432,2020-11-22,9,Leeds United,8463,Arsenal,9825,True,True,2020/2021
2365,3411433,2020-11-22,9,Liverpool,8650,Leicester City,8197,True,True,2020/2021
2366,3411430,2020-11-23,9,Burnley,8191,Crystal Palace,9826,True,True,2020/2021
2367,3411438,2020-11-23,9,Wolverhampton Wanderers,8602,Southampton,8466,True,True,2020/2021
2368,3411442,2020-11-27,10,Crystal Palace,9826,Newcastle United,10261,True,True,2020/2021
2369,3411440,2020-11-28,10,Brighton & Hove Albion,10204,Liverpool,8650,True,True,2020/2021
2370,3411445,2020-11-28,10,Manchester City,8456,Burnley,8191,True,True,2020/2021
2371,3411443,2020-11-28,10,Everton,8668,Leeds United,8463,True,True,2020/2021
2372,3411447,2020-11-28,10,West Bromwich Albion,8659,Sheffield United,8657,True,True,2020/2021
2373,3411446,2020-11-29,10,Southampton,8466,Manchester United,10260,True,True,2020/2021
2374,3411441,2020-11-29,10,Chelsea,8455,Tottenham Hotspur,8586,True,True,2020/2021
2375,3411439,2020-11-29,10,Arsenal,9825,Wolverhampton Wanderers,8602,True,True,2020/2021
2376,3411444,2020-11-30,10,Leicester City,8197,Fulham,9879,True,True,2020/2021
2377,3411448,2020-11-30,10,West Ham United,8654,Aston Villa,10252,True,True,2020/2021
2378,3411451,2020-12-05,11,Burnley,8191,Everton,8668,True,True,2020/2021
2379,3411454,2020-12-05,11,Manchester City,8456,Fulham,9879,True,True,2020/2021
2380,3411458,2020-12-05,11,West Ham United,8654,Manchester United,10260,True,True,2020/2021
2381,3411452,2020-12-05,11,Chelsea,8455,Leeds United,8463,True,True,2020/2021
2382,3411457,2020-12-06,11,West Bromwich Albion,8659,Crystal Palace,9826,True,True,2020/2021
2383,3411455,2020-12-06,11,Sheffield United,8657,Leicester City,8197,True,True,2020/2021
2384,3411456,2020-12-06,11,Tottenham Hotspur,8586,Arsenal,9825,True,True,2020/2021
2385,3411453,2020-12-06,11,Liverpool,8650,Wolverhampton Wanderers,8602,True,True,2020/2021
2386,3411450,2020-12-07,11,Brighton & Hove Albion,10204,Southampton,8466,True,True,2020/2021
2387,3411463,2020-12-11,12,Leeds United,8463,West Ham United,8654,True,True,2020/2021
2388,3411468,2020-12-12,12,Wolverhampton Wanderers,8602,Aston Villa,10252,True,True,2020/2021
2389,3411466,2020-12-12,12,Newcastle United,10261,West Bromwich Albion,8659,True,True,2020/2021
2390,3411465,2020-12-12,12,Manchester United,10260,Manchester City,8456,True,True,2020/2021
2391,3411461,2020-12-12,12,Everton,8668,Chelsea,8455,True,True,2020/2021
2392,3411467,2020-12-13,12,Southampton,8466,Sheffield United,8657,True,True,2020/2021
2393,3411460,2020-12-13,12,Crystal Palace,9826,Tottenham Hotspur,8586,True,True,2020/2021
2394,3411462,2020-12-13,12,Fulham,9879,Liverpool,8650,True,True,2020/2021
2395,3411459,2020-12-13,12,Arsenal,9825,Burnley,8191,True,True,2020/2021
2396,3411464,2020-12-13,12,Leicester City,8197,Brighton & Hove Albion,10204,True,True,2020/2021
2397,3411476,2020-12-15,13,Wolverhampton Wanderers,8602,Chelsea,8455,True,True,2020/2021
2398,3411478,2020-12-15,13,Manchester City,8456,West Bromwich Albion,8659,True,True,2020/2021
2399,3411469,2020-12-16,13,Arsenal,9825,Southampton,8466,True,True,2020/2021
2400,3411472,2020-12-16,13,Leeds United,8463,Newcastle United,10261,True,True,2020/2021
2401,3411473,2020-12-16,13,Leicester City,8197,Everton,8668,True,True,2020/2021
2402,3411471,2020-12-16,13,Fulham,9879,Brighton & Hove Albion,10204,True,True,2020/2021
2403,3411477,2020-12-16,13,Liverpool,8650,Tottenham Hotspur,8586,True,True,2020/2021
2404,3411475,2020-12-16,13,West Ham United,8654,Crystal Palace,9826,True,True,2020/2021
2405,3411470,2020-12-17,13,Aston Villa,10252,Burnley,8191,True,True,2020/2021
2406,3411474,2020-12-17,13,Sheffield United,8657,Manchester United,10260,True,True,2020/2021
2407,3411482,2020-12-19,14,Crystal Palace,9826,Liverpool,8650,True,True,2020/2021
2408,3411486,2020-12-19,14,Southampton,8466,Manchester City,8456,True,True,2020/2021
2409,3411483,2020-12-19,14,Everton,8668,Arsenal,9825,True,True,2020/2021
2410,3411485,2020-12-19,14,Newcastle United,10261,Fulham,9879,True,True,2020/2021
2411,3411479,2020-12-20,14,Brighton & Hove Albion,10204,Sheffield United,8657,True,True,2020/2021
2412,3411487,2020-12-20,14,Tottenham Hotspur,8586,Leicester City,8197,True,True,2020/2021
2413,3411484,2020-12-20,14,Manchester United,10260,Leeds United,8463,True,True,2020/2021
2414,3411488,2020-12-20,14,West Bromwich Albion,8659,Aston Villa,10252,True,True,2020/2021
2415,3411480,2020-12-21,14,Burnley,8191,Wolverhampton Wanderers,8602,True,True,2020/2021
2416,3411481,2020-12-21,14,Chelsea,8455,West Ham United,8654,True,True,2020/2021
2417,3411493,2020-12-26,15,Leicester City,8197,Manchester United,10260,True,True,2020/2021
2418,3411490,2020-12-26,15,Aston Villa,10252,Crystal Palace,9826,True,True,2020/2021
2419,3411491,2020-12-26,15,Fulham,9879,Southampton,8466,True,True,2020/2021
2420,3411489,2020-12-26,15,Arsenal,9825,Chelsea,8455,True,True,2020/2021
2421,3411495,2020-12-26,15,Manchester City,8456,Newcastle United,10261,True,True,2020/2021
2422,3411496,2020-12-26,15,Sheffield United,8657,Everton,8668,True,True,2020/2021
2423,3411492,2020-12-27,15,Leeds United,8463,Burnley,8191,True,True,2020/2021
2424,3411497,2020-12-27,15,West Ham United,8654,Brighton & Hove Albion,10204,True,True,2020/2021
2425,3411494,2020-12-27,15,Liverpool,8650,West Bromwich Albion,8659,True,True,2020/2021
2426,3411498,2020-12-27,15,Wolverhampton Wanderers,8602,Tottenham Hotspur,8586,True,True,2020/2021
2427,3411502,2020-12-28,16,Crystal Palace,9826,Leicester City,8197,True,True,2020/2021
2428,3411501,2020-12-28,16,Chelsea,8455,Aston Villa,10252,True,True,2020/2021
2429,3411499,2020-12-29,16,Brighton & Hove Albion,10204,Arsenal,9825,True,True,2020/2021
2430,3411500,2020-12-29,16,Burnley,8191,Sheffield United,8657,True,True,2020/2021
2431,3411506,2020-12-29,16,Southampton,8466,West Ham United,8654,True,True,2020/2021
2432,3411508,2020-12-29,16,West Bromwich Albion,8659,Leeds United,8463,True,True,2020/2021
2433,3411504,2020-12-29,16,Manchester United,10260,Wolverhampton Wanderers,8602,True,True,2020/2021
2434,3411505,2020-12-30,16,Newcastle United,10261,Liverpool,8650,True,True,2020/2021
2435,3411513,2021-01-01,17,Everton,8668,West Ham United,8654,True,True,2020/2021
2436,3411514,2021-01-01,17,Manchester United,10260,Aston Villa,10252,True,True,2020/2021
2437,3411517,2021-01-02,17,Tottenham Hotspur,8586,Leeds United,8463,True,True,2020/2021
2438,3411512,2021-01-02,17,Crystal Palace,9826,Sheffield United,8657,True,True,2020/2021
2439,3411509,2021-01-02,17,Brighton & Hove Albion,10204,Wolverhampton Wanderers,8602,True,True,2020/2021
2440,3411518,2021-01-02,17,West Bromwich Albion,8659,Arsenal,9825,True,True,2020/2021
2441,3411515,2021-01-03,17,Newcastle United,10261,Leicester City,8197,True,True,2020/2021
2442,3411511,2021-01-03,17,Chelsea,8455,Manchester City,8456,True,True,2020/2021
2443,3411516,2021-01-04,17,Southampton,8466,Liverpool,8650,True,True,2020/2021
2444,3411524,2021-01-12,18,Sheffield United,8657,Newcastle United,10261,True,True,2020/2021
2445,3411340,2021-01-12,1,Burnley,8191,Manchester United,10260,True,True,2020/2021
2446,3411526,2021-01-12,18,Wolverhampton Wanderers,8602,Everton,8668,True,True,2020/2021
2447,3411528,2021-01-13,18,Manchester City,8456,Brighton & Hove Albion,10204,True,True,2020/2021
2448,3411507,2021-01-13,16,Tottenham Hotspur,8586,Fulham,9879,True,True,2020/2021
2449,3411519,2021-01-14,18,Arsenal,9825,Crystal Palace,9826,True,True,2020/2021
2450,3411538,2021-01-16,19,Wolverhampton Wanderers,8602,West Bromwich Albion,8659,True,True,2020/2021
2451,3411532,2021-01-16,19,Leeds United,8463,Brighton & Hove Albion,10204,True,True,2020/2021
2452,3411537,2021-01-16,19,West Ham United,8654,Burnley,8191,True,True,2020/2021
2453,3411531,2021-01-16,19,Fulham,9879,Chelsea,8455,True,True,2020/2021
2454,3411533,2021-01-16,19,Leicester City,8197,Southampton,8466,True,True,2020/2021
2455,3411536,2021-01-17,19,Sheffield United,8657,Tottenham Hotspur,8586,True,True,2020/2021
2456,3411534,2021-01-17,19,Liverpool,8650,Manchester United,10260,True,True,2020/2021
2457,3411535,2021-01-17,19,Manchester City,8456,Crystal Palace,9826,True,True,2020/2021
2458,3411529,2021-01-18,19,Arsenal,9825,Newcastle United,10261,True,True,2020/2021
2459,3411525,2021-01-19,18,West Ham United,8654,West Bromwich Albion,8659,True,True,2020/2021
2460,3411523,2021-01-19,18,Leicester City,8197,Chelsea,8455,True,True,2020/2021
2461,3411341,2021-01-20,1,Manchester City,8456,Aston Villa,10252,True,True,2020/2021
2462,3411521,2021-01-20,18,Fulham,9879,Manchester United,10260,True,True,2020/2021
2463,3411527,2021-01-21,18,Liverpool,8650,Burnley,8191,True,True,2020/2021
2464,3411449,2021-01-23,11,Aston Villa,10252,Newcastle United,10261,True,True,2020/2021
2465,3411548,2021-01-26,20,Crystal Palace,9826,West Ham United,8654,True,True,2020/2021
2466,3411545,2021-01-26,20,Newcastle United,10261,Leeds United,8463,True,True,2020/2021
2467,3411546,2021-01-26,20,Southampton,8466,Arsenal,9825,True,True,2020/2021
2468,3411543,2021-01-26,20,West Bromwich Albion,8659,Manchester City,8456,True,True,2020/2021
2469,3411540,2021-01-27,20,Burnley,8191,Aston Villa,10252,True,True,2020/2021
2470,3411544,2021-01-27,20,Chelsea,8455,Wolverhampton Wanderers,8602,True,True,2020/2021
2471,3411539,2021-01-27,20,Brighton & Hove Albion,10204,Fulham,9879,True,True,2020/2021
2472,3411541,2021-01-27,20,Everton,8668,Leicester City,8197,True,True,2020/2021
2473,3411542,2021-01-27,20,Manchester United,10260,Sheffield United,8657,True,True,2020/2021
2474,3411547,2021-01-28,20,Tottenham Hotspur,8586,Liverpool,8650,True,True,2020/2021
2475,3411553,2021-01-30,21,Everton,8668,Newcastle United,10261,True,True,2020/2021
2476,3411552,2021-01-30,21,Crystal Palace,9826,Wolverhampton Wanderers,8602,True,True,2020/2021
2477,3411555,2021-01-30,21,Manchester City,8456,Sheffield United,8657,True,True,2020/2021
2478,3411557,2021-01-30,21,West Bromwich Albion,8659,Fulham,9879,True,True,2020/2021
2479,3411549,2021-01-30,21,Arsenal,9825,Manchester United,10260,True,True,2020/2021
2480,3411556,2021-01-30,21,Southampton,8466,Aston Villa,10252,True,True,2020/2021
2481,3411551,2021-01-31,21,Chelsea,8455,Burnley,8191,True,True,2020/2021
2482,3411554,2021-01-31,21,Leicester City,8197,Leeds United,8463,True,True,2020/2021
2483,3411558,2021-01-31,21,West Ham United,8654,Liverpool,8650,True,True,2020/2021
2484,3411550,2021-01-31,21,Brighton & Hove Albion,10204,Tottenham Hotspur,8586,True,True,2020/2021
2485,3411563,2021-02-02,22,Sheffield United,8657,West Bromwich Albion,8659,True,True,2020/2021
2486,3411564,2021-02-02,22,Wolverhampton Wanderers,8602,Arsenal,9825,True,True,2020/2021
2487,3411565,2021-02-02,22,Manchester United,10260,Southampton,8466,True,True,2020/2021
2488,3411566,2021-02-02,22,Newcastle United,10261,Crystal Palace,9826,True,True,2020/2021
2489,3411560,2021-02-03,22,Burnley,8191,Manchester City,8456,True,True,2020/2021
2490,3411561,2021-02-03,22,Fulham,9879,Leicester City,8197,True,True,2020/2021
2491,3411562,2021-02-03,22,Leeds United,8463,Everton,8668,True,True,2020/2021
2492,3411559,2021-02-03,22,Aston Villa,10252,West Ham United,8654,True,True,2020/2021
2493,3411568,2021-02-03,22,Liverpool,8650,Brighton & Hove Albion,10204,True,True,2020/2021
2494,3411567,2021-02-04,22,Tottenham Hotspur,8586,Chelsea,8455,True,True,2020/2021
2495,3411569,2021-02-06,23,Aston Villa,10252,Arsenal,9825,True,True,2020/2021
2496,3411570,2021-02-06,23,Burnley,8191,Brighton & Hove Albion,10204,True,True,2020/2021
2497,3411575,2021-02-06,23,Newcastle United,10261,Southampton,8466,True,True,2020/2021
2498,3411571,2021-02-06,23,Fulham,9879,West Ham United,8654,True,True,2020/2021
2499,3411574,2021-02-06,23,Manchester United,10260,Everton,8668,True,True,2020/2021
2500,3411577,2021-02-07,23,Tottenham Hotspur,8586,West Bromwich Albion,8659,True,True,2020/2021
2501,3411578,2021-02-07,23,Wolverhampton Wanderers,8602,Leicester City,8197,True,True,2020/2021
2502,3411573,2021-02-07,23,Liverpool,8650,Manchester City,8456,True,True,2020/2021
2503,3411576,2021-02-07,23,Sheffield United,8657,Chelsea,8455,True,True,2020/2021
2504,3411572,2021-02-08,23,Leeds United,8463,Crystal Palace,9826,True,True,2020/2021
2505,3411584,2021-02-13,24,Leicester City,8197,Liverpool,8650,True,True,2020/2021
2506,3411582,2021-02-13,24,Crystal Palace,9826,Burnley,8191,True,True,2020/2021
2507,3411585,2021-02-13,24,Manchester City,8456,Tottenham Hotspur,8586,True,True,2020/2021
2508,3411580,2021-02-13,24,Brighton & Hove Albion,10204,Aston Villa,10252,True,True,2020/2021
2509,3411586,2021-02-14,24,Southampton,8466,Wolverhampton Wanderers,8602,True,True,2020/2021
2510,3411587,2021-02-14,24,West Bromwich Albion,8659,Manchester United,10260,True,True,2020/2021
2511,3411579,2021-02-14,24,Arsenal,9825,Leeds United,8463,True,True,2020/2021
2512,3411583,2021-02-14,24,Everton,8668,Fulham,9879,True,True,2020/2021
2513,3411588,2021-02-15,24,West Ham United,8654,Sheffield United,8657,True,True,2020/2021
2514,3411581,2021-02-15,24,Chelsea,8455,Newcastle United,10261,True,True,2020/2021
2515,3411510,2021-02-17,17,Burnley,8191,Fulham,9879,True,True,2020/2021
2516,3411503,2021-02-17,16,Everton,8668,Manchester City,8456,True,True,2020/2021
2517,3411598,2021-02-19,25,Wolverhampton Wanderers,8602,Leeds United,8463,True,True,2020/2021
2518,3411596,2021-02-20,25,Southampton,8466,Chelsea,8455,True,True,2020/2021
2519,3411592,2021-02-20,25,Burnley,8191,West Bromwich Albion,8659,True,True,2020/2021
2520,3411594,2021-02-20,25,Liverpool,8650,Everton,8668,True,True,2020/2021
2521,3411593,2021-02-20,25,Fulham,9879,Sheffield United,8657,True,True,2020/2021
2522,3411597,2021-02-21,25,West Ham United,8654,Tottenham Hotspur,8586,True,True,2020/2021
2523,3411590,2021-02-21,25,Aston Villa,10252,Leicester City,8197,True,True,2020/2021
2524,3411589,2021-02-21,25,Arsenal,9825,Manchester City,8456,True,True,2020/2021
2525,3411595,2021-02-21,25,Manchester United,10260,Newcastle United,10261,True,True,2020/2021
2526,3411591,2021-02-22,25,Brighton & Hove Albion,10204,Crystal Palace,9826,True,True,2020/2021
2527,3411522,2021-02-23,18,Leeds United,8463,Southampton,8466,True,True,2020/2021
2528,3411604,2021-02-27,26,Manchester City,8456,West Ham United,8654,True,True,2020/2021
2529,3411608,2021-02-27,26,West Bromwich Albion,8659,Brighton & Hove Albion,10204,True,True,2020/2021
2530,3411602,2021-02-27,26,Leeds United,8463,Aston Villa,10252,True,True,2020/2021
2531,3411605,2021-02-27,26,Newcastle United,10261,Wolverhampton Wanderers,8602,True,True,2020/2021
2532,3411600,2021-02-28,26,Crystal Palace,9826,Fulham,9879,True,True,2020/2021
2533,3411603,2021-02-28,26,Leicester City,8197,Arsenal,9825,True,True,2020/2021
2534,3411607,2021-02-28,26,Tottenham Hotspur,8586,Burnley,8191,True,True,2020/2021
2535,3411599,2021-02-28,26,Chelsea,8455,Manchester United,10260,True,True,2020/2021
2536,3411606,2021-02-28,26,Sheffield United,8657,Liverpool,8650,True,True,2020/2021
2537,3411601,2021-03-01,26,Everton,8668,Southampton,8466,True,True,2020/2021
2538,3411634,2021-03-02,29,Manchester City,8456,Wolverhampton Wanderers,8602,True,True,2020/2021
2539,3411630,2021-03-03,29,Burnley,8191,Leicester City,8197,True,True,2020/2021
2540,3411635,2021-03-03,29,Sheffield United,8657,Aston Villa,10252,True,True,2020/2021
2541,3411631,2021-03-03,29,Crystal Palace,9826,Manchester United,10260,True,True,2020/2021
2542,3411671,2021-03-04,33,Fulham,9879,Tottenham Hotspur,8586,True,True,2020/2021
2543,3411637,2021-03-04,29,West Bromwich Albion,8659,Everton,8668,True,True,2020/2021
2544,3411633,2021-03-04,29,Liverpool,8650,Chelsea,8455,True,True,2020/2021
2545,3411611,2021-03-06,27,Burnley,8191,Arsenal,9825,True,True,2020/2021
2546,3411615,2021-03-06,27,Sheffield United,8657,Southampton,8466,True,True,2020/2021
2547,3411609,2021-03-06,27,Aston Villa,10252,Wolverhampton Wanderers,8602,True,True,2020/2021
2548,3411610,2021-03-06,27,Brighton & Hove Albion,10204,Leicester City,8197,True,True,2020/2021
2549,3411617,2021-03-07,27,West Bromwich Albion,8659,Newcastle United,10261,True,True,2020/2021
2550,3411613,2021-03-07,27,Liverpool,8650,Fulham,9879,True,True,2020/2021
2551,3411614,2021-03-07,27,Manchester City,8456,Manchester United,10260,True,True,2020/2021
2552,3411616,2021-03-07,27,Tottenham Hotspur,8586,Crystal Palace,9826,True,True,2020/2021
2553,3411612,2021-03-08,27,Chelsea,8455,Everton,8668,True,True,2020/2021
2554,3411618,2021-03-08,27,West Ham United,8654,Leeds United,8463,True,True,2020/2021
2555,3411675,2021-03-10,33,Manchester City,8456,Southampton,8466,True,True,2020/2021
2556,3411626,2021-03-12,28,Newcastle United,10261,Aston Villa,10252,True,True,2020/2021
2557,3411623,2021-03-13,28,Leeds United,8463,Chelsea,8455,True,True,2020/2021
2558,3411620,2021-03-13,28,Crystal Palace,9826,West Bromwich Albion,8659,True,True,2020/2021
2559,3411621,2021-03-13,28,Everton,8668,Burnley,8191,True,True,2020/2021
2560,3411622,2021-03-13,28,Fulham,9879,Manchester City,8456,True,True,2020/2021
2561,3411627,2021-03-14,28,Southampton,8466,Brighton & Hove Albion,10204,True,True,2020/2021
2562,3411624,2021-03-14,28,Leicester City,8197,Sheffield United,8657,True,True,2020/2021
2563,3411619,2021-03-14,28,Arsenal,9825,Tottenham Hotspur,8586,True,True,2020/2021
2564,3411625,2021-03-14,28,Manchester United,10260,West Ham United,8654,True,True,2020/2021
2565,3411628,2021-03-15,28,Wolverhampton Wanderers,8602,Liverpool,8650,True,True,2020/2021
2566,3411632,2021-03-19,29,Fulham,9879,Leeds United,8463,True,True,2020/2021
2567,3411629,2021-03-20,29,Brighton & Hove Albion,10204,Newcastle United,10261,True,True,2020/2021
2568,3411638,2021-03-21,29,West Ham United,8654,Arsenal,9825,True,True,2020/2021
2569,3411520,2021-03-21,18,Aston Villa,10252,Tottenham Hotspur,8586,True,True,2020/2021
2570,3411641,2021-04-03,30,Chelsea,8455,West Bromwich Albion,8659,True,True,2020/2021
2571,3411643,2021-04-03,30,Leeds United,8463,Sheffield United,8657,True,True,2020/2021
2572,3411644,2021-04-03,30,Leicester City,8197,Manchester City,8456,True,True,2020/2021
2573,3411639,2021-04-03,30,Arsenal,9825,Liverpool,8650,True,True,2020/2021
2574,3411647,2021-04-04,30,Southampton,8466,Burnley,8191,True,True,2020/2021
2575,3411646,2021-04-04,30,Newcastle United,10261,Tottenham Hotspur,8586,True,True,2020/2021
2576,3411640,2021-04-04,30,Aston Villa,10252,Fulham,9879,True,True,2020/2021
2577,3411645,2021-04-04,30,Manchester United,10260,Brighton & Hove Albion,10204,True,True,2020/2021
2578,3411642,2021-04-05,30,Everton,8668,Crystal Palace,9826,True,True,2020/2021
2579,3411648,2021-04-05,30,Wolverhampton Wanderers,8602,West Ham United,8654,True,True,2020/2021
2580,3411652,2021-04-09,31,Fulham,9879,Wolverhampton Wanderers,8602,True,True,2020/2021
2581,3411654,2021-04-10,31,Manchester City,8456,Leeds United,8463,True,True,2020/2021
2582,3411653,2021-04-10,31,Liverpool,8650,Aston Villa,10252,True,True,2020/2021
2583,3411651,2021-04-10,31,Crystal Palace,9826,Chelsea,8455,True,True,2020/2021
2584,3411650,2021-04-11,31,Burnley,8191,Newcastle United,10261,True,True,2020/2021
2585,3411658,2021-04-11,31,West Ham United,8654,Leicester City,8197,True,True,2020/2021
2586,3411656,2021-04-11,31,Tottenham Hotspur,8586,Manchester United,10260,True,True,2020/2021
2587,3411655,2021-04-11,31,Sheffield United,8657,Arsenal,9825,True,True,2020/2021
2588,3411657,2021-04-12,31,West Bromwich Albion,8659,Southampton,8466,True,True,2020/2021
2589,3411649,2021-04-12,31,Brighton & Hove Albion,10204,Everton,8668,True,True,2020/2021
2590,3411662,2021-04-16,32,Everton,8668,Tottenham Hotspur,8586,True,True,2020/2021
2591,3411666,2021-04-17,32,Newcastle United,10261,West Ham United,8654,True,True,2020/2021
2592,3411668,2021-04-17,32,Wolverhampton Wanderers,8602,Sheffield United,8657,True,True,2020/2021
2593,3411659,2021-04-18,32,Arsenal,9825,Fulham,9879,True,True,2020/2021
2594,3411665,2021-04-18,32,Manchester United,10260,Burnley,8191,True,True,2020/2021
2595,3411663,2021-04-19,32,Leeds United,8463,Liverpool,8650,True,True,2020/2021
2596,3411661,2021-04-20,32,Chelsea,8455,Brighton & Hove Albion,10204,True,True,2020/2021
2597,3411636,2021-04-21,29,Tottenham Hotspur,8586,Southampton,8466,True,True,2020/2021
2598,3411660,2021-04-21,32,Aston Villa,10252,Manchester City,8456,True,True,2020/2021
2599,3411664,2021-04-22,32,Leicester City,8197,West Bromwich Albion,8659,True,True,2020/2021
2600,3411669,2021-04-23,33,Arsenal,9825,Everton,8668,True,True,2020/2021
2601,3411674,2021-04-24,33,Liverpool,8650,Newcastle United,10261,True,True,2020/2021
2602,3411677,2021-04-24,33,West Ham United,8654,Chelsea,8455,True,True,2020/2021
2603,3411676,2021-04-24,33,Sheffield United,8657,Brighton & Hove Albion,10204,True,True,2020/2021
2604,3411678,2021-04-25,33,Wolverhampton Wanderers,8602,Burnley,8191,True,True,2020/2021
2605,3411672,2021-04-25,33,Leeds United,8463,Manchester United,10260,True,True,2020/2021
2606,3411670,2021-04-25,33,Aston Villa,10252,West Bromwich Albion,8659,True,True,2020/2021
2607,3411673,2021-04-26,33,Leicester City,8197,Crystal Palace,9826,True,True,2020/2021
2608,3411686,2021-04-30,34,Southampton,8466,Leicester City,8197,True,True,2020/2021
2609,3411682,2021-05-01,34,Crystal Palace,9826,Manchester City,8456,True,True,2020/2021
2610,3411679,2021-05-01,34,Brighton & Hove Albion,10204,Leeds United,8463,True,True,2020/2021
2611,3411681,2021-05-01,34,Chelsea,8455,Fulham,9879,True,True,2020/2021
2612,3411683,2021-05-01,34,Everton,8668,Aston Villa,10252,True,True,2020/2021
2613,3411685,2021-05-02,34,Newcastle United,10261,Arsenal,9825,True,True,2020/2021
2614,3411687,2021-05-02,34,Tottenham Hotspur,8586,Sheffield United,8657,True,True,2020/2021
2615,3411688,2021-05-03,34,West Bromwich Albion,8659,Wolverhampton Wanderers,8602,True,True,2020/2021
2616,3411680,2021-05-03,34,Burnley,8191,West Ham United,8654,True,True,2020/2021
2617,3411693,2021-05-07,35,Leicester City,8197,Newcastle United,10261,True,True,2020/2021
2618,3411692,2021-05-08,35,Leeds United,8463,Tottenham Hotspur,8586,True,True,2020/2021
2619,3411696,2021-05-08,35,Sheffield United,8657,Crystal Palace,9826,True,True,2020/2021
2620,3411695,2021-05-08,35,Manchester City,8456,Chelsea,8455,True,True,2020/2021
2621,3411694,2021-05-08,35,Liverpool,8650,Southampton,8466,True,True,2020/2021
2622,3411698,2021-05-09,35,Wolverhampton Wanderers,8602,Brighton & Hove Albion,10204,True,True,2020/2021
2623,3411690,2021-05-09,35,Aston Villa,10252,Manchester United,10260,True,True,2020/2021
2624,3411697,2021-05-09,35,West Ham United,8654,Everton,8668,True,True,2020/2021
2625,3411689,2021-05-09,35,Arsenal,9825,West Bromwich Albion,8659,True,True,2020/2021
2626,3411691,2021-05-10,35,Fulham,9879,Burnley,8191,True,True,2020/2021
2627,3411702,2021-05-11,36,Manchester United,10260,Leicester City,8197,True,True,2020/2021
2628,3411667,2021-05-11,32,Southampton,8466,Crystal Palace,9826,True,True,2020/2021
2629,3411704,2021-05-12,36,Chelsea,8455,Arsenal,9825,True,True,2020/2021
2630,3411530,2021-05-13,19,Aston Villa,10252,Everton,8668,True,True,2020/2021
2631,3411684,2021-05-13,34,Manchester United,10260,Liverpool,8650,True,True,2020/2021
2632,3411705,2021-05-14,36,Newcastle United,10261,Manchester City,8456,True,True,2020/2021
2633,3411700,2021-05-15,36,Burnley,8191,Leeds United,8463,True,True,2020/2021
2634,3411706,2021-05-15,36,Southampton,8466,Fulham,9879,True,True,2020/2021
2635,3411699,2021-05-15,36,Brighton & Hove Albion,10204,West Ham United,8654,True,True,2020/2021
2636,3411708,2021-05-16,36,Crystal Palace,9826,Aston Villa,10252,True,True,2020/2021
2637,3411707,2021-05-16,36,Tottenham Hotspur,8586,Wolverhampton Wanderers,8602,True,True,2020/2021
2638,3411703,2021-05-16,36,West Bromwich Albion,8659,Liverpool,8650,True,True,2020/2021
2639,3411701,2021-05-16,36,Everton,8668,Sheffield United,8657,True,True,2020/2021
2640,3411714,2021-05-18,37,Manchester United,10260,Fulham,9879,True,True,2020/2021
2641,3411716,2021-05-18,37,Southampton,8466,Leeds United,8463,True,True,2020/2021
2642,3411709,2021-05-18,37,Brighton & Hove Albion,10204,Manchester City,8456,True,True,2020/2021
2643,3411711,2021-05-18,37,Chelsea,8455,Leicester City,8197,True,True,2020/2021
2644,3411713,2021-05-19,37,Everton,8668,Wolverhampton Wanderers,8602,True,True,2020/2021
2645,3411715,2021-05-19,37,Newcastle United,10261,Sheffield United,8657,True,True,2020/2021
2646,3411717,2021-05-19,37,Tottenham Hotspur,8586,Aston Villa,10252,True,True,2020/2021
2647,3411712,2021-05-19,37,Crystal Palace,9826,Arsenal,9825,True,True,2020/2021
2648,3411710,2021-05-19,37,Burnley,8191,Liverpool,8650,True,True,2020/2021
2649,3411718,2021-05-19,37,West Bromwich Albion,8659,West Ham United,8654,True,True,2020/2021
2650,3411719,2021-05-23,38,Arsenal,9825,Brighton & Hove Albion,10204,True,True,2020/2021
2651,3411720,2021-05-23,38,Aston Villa,10252,Chelsea,8455,True,True,2020/2021
2652,3411721,2021-05-23,38,Fulham,9879,Newcastle United,10261,True,True,2020/2021
2653,3411722,2021-05-23,38,Leeds United,8463,West Bromwich Albion,8659,True,True,2020/2021
2654,3411723,2021-05-23,38,Leicester City,8197,Tottenham Hotspur,8586,True,True,2020/2021
2655,3411724,2021-05-23,38,Liverpool,8650,Crystal Palace,9826,True,True,2020/2021
2656,3411725,2021-05-23,38,Manchester City,8456,Everton,8668,True,True,2020/2021
2657,3411726,2021-05-23,38,Sheffield United,8657,Burnley,8191,True,True,2020/2021
2658,3411727,2021-05-23,38,West Ham United,8654,Southampton,8466,True,True,2020/2021
2659,3411728,2021-05-23,38,Wolverhampton Wanderers,8602,Manchester United,10260,True,True,2020/2021
