|match_id|date|round|home_team|away_team|home_score|away_score|home_xg|away_xg|home_xg_l|away_xg_l|season|status|finished
0|5795363|2026-08-21|1|Arsenal|Coventry City|3.0|0.0|1.88|0.2|"[0.04394165 0.09399759 0.07917913 0.02282213 0.26077709 0.52053142
 0.17702578 0.04339339 0.02591609 0.05000652 0.1216485  0.0569666
 0.03315079 0.02869619 0.03724051 0.0575101  0.05675936 0.04672727
 0.08816819 0.03773984]"|[0.0145169  0.02596737 0.01828359 0.14549787]|2026/2027|True|True
0|5795364|2026-08-22|1|Hull City|Manchester United|2.0|0.0|1.26|1.81|"[0.03046155 0.06768233 0.80574006 0.03013364 0.27832794 0.01785217
 0.06078908 0.02102914]"|"[0.05675185 0.06398933 0.03664011 0.06117137 0.3270264  0.04353213
 0.08149081 0.04073412 0.01809391 0.09705973 0.01509438 0.07143156
 0.22989139 0.03701072 0.3595939  0.10768016 0.07047707 0.0207917
 0.01047335 0.0356818  0.02403812]"|2026/2027|True|True
0|5795365|2026-08-22|1|Everton|Crystal Palace|2.0|0.0|1.16|2.04|"[0.1126995  0.02584767 0.02580659 0.04682062 0.04873716 0.05281839
 0.03851483 0.02360168 0.00982208 0.02247702 0.40602893 0.20149855
 0.02241056 0.05323879 0.04836369 0.02108256]"|"[0.39516854 0.02912579 0.08344772 0.59988368 0.3738856  0.16739133
 0.01773692 0.03315021 0.05410404 0.24466473 0.04221635]"|2026/2027|True|True
0|5795366|2026-08-22|1|Ipswich Town|Sunderland|2.0|1.0|1.74|0.76|"[0.04302126 0.01428763 0.77210021 0.03932904 0.08118723 0.6090709
 0.08204799 0.02100396 0.03764756 0.03734061]"|"[0.23029165 0.01150333 0.05708518 0.02168582 0.09136381 0.07457773
 0.0716293  0.02513265 0.13881481 0.00718013 0.02631146]"|2026/2027|True|True
0|5795367|2026-08-22|1|Nottingham Forest|Leeds United|0.0|1.0|0.65|0.49|"[0.05588139 0.00731522 0.05694657 0.01399558 0.05540765 0.12307305
 0.01540008 0.02589693 0.09184822 0.07035396 0.05678063 0.07488883]"|"[0.01856516 0.03326357 0.05517694 0.07403293 0.01730353 0.02461156
 0.03804852 0.01517985 0.09185124 0.08821744 0.03176894]"|2026/2027|True|True
0|5795368|2026-08-22|1|Brentford|Tottenham Hotspur|3.0|0.0|3.96|0.47|"[0.0386288  0.03688258 0.47099292 0.01939301 0.33021912 0.03565281
 0.04695172 0.35666662 0.03046608 0.04029134 0.09345844 0.0684734
 0.0673771  0.71081024 0.06176232 0.05652909 0.7884     0.03529137
 0.03906845 0.1613616  0.03141747 0.1559404  0.12003459 0.05369662
 0.14315554 0.02986839]"|"[0.01572266 0.03303904 0.03875456 0.06581829 0.11402543 0.01399433
 0.0875027  0.0296447  0.0710826 ]"|2026/2027|True|True
0|5795369|2026-08-23|1|Brighton & Hove Albion|Aston Villa|4.0|0.0|3.77|0.29|"[0.28711817 0.96100581 0.02010958 0.8714447  0.44055539 0.05569061
 0.08594158 0.08804351 0.13062686 0.08795048 0.01763972 0.05584309
 0.10916804 0.06798875 0.09979629 0.0584958  0.08307497 0.02786174
 0.07447319 0.04142077 0.10203061]"|"[0.01153398 0.06622235 0.05092358        nan 0.03546707 0.02612961
 0.09636197]"|2026/2027|True|True
0|5795370|2026-08-23|1|Manchester City|AFC Bournemouth|2.0|1.0|2.25|0.65|"[0.17275213 0.06754247 0.0733561  0.05428333 0.03901483 0.08249852
 0.77270663 0.06041813 0.04696226 0.07403293 0.49351373 0.12095246
 0.19373831]"|[0.04211155 0.33919546 0.06149553 0.10642317 0.09693689]|2026/2027|True|True
0|5795371|2026-08-23|1|Newcastle United|Liverpool|2.0|2.0|1.58|2.98|"[0.19575119 0.05103873 0.03041255 0.04112171 0.01754865 0.028905
 0.05299784 0.08804828 0.50765437 0.02575202 0.05957718 0.40749085
 0.06892768]"|"[0.1268625  0.14530544 0.04659472 0.08602724 0.01208851 0.02733867
 0.04941984 0.0122483  0.02867315 0.35223779 0.04367758 0.4824484
 0.05351788 0.0357677  0.04019341 0.09297815 0.03416793 0.02064867
 0.10395425 0.1681482  0.05060965 0.03393212 0.08399858 0.04437718
 0.02876672 0.00976975 0.7884    ]"|2026/2027|True|True
0|5795372|2026-08-24|1|Fulham|Chelsea|2.0|3.0|1.33|2.24|"[0.04459443 0.0536785  0.02937961 0.06742422 0.10214861 0.13039362
 0.01676419 0.09317473 0.56488383 0.05941027 0.13296969 0.0325239
 0.03822809 0.01963918]"|"[0.47916493 0.03241807 0.04070252 0.01305537 0.04484435 0.06767222
 0.05895966 0.09043877 0.06229011 0.01399606 0.2087184  0.83932799
 0.04109767 0.06675848 0.03809054 0.09131915 0.02216527 0.0276251 ]"|2026/2027|True|True
0|5795429|2026-08-28|2|Crystal Palace|Manchester City|1.0|4.0|0.66|2.21|"[0.04808966 0.04611591 0.01506932 0.0471362  0.09039079 0.03696906
 0.01583624 0.31416267 0.05015703]"|"[0.03313856 0.09035768 0.21932317 0.16777693 0.07904964 0.24225807
 0.01936527 0.60472906 0.03670119 0.09783716 0.14201114 0.02376972
 0.02457736 0.03316574 0.16270413        nan 0.04055116 0.09767231
 0.1001288 ]"|2026/2027|True|True
0|5795431|2026-08-29|2|Liverpool|Nottingham Forest|2.0|2.0|1.75|2.3|"[0.01334517 0.09439015 0.05506757 0.1926572  0.02793316 0.17086056
 0.84465754 0.01927077 0.041497   0.11957275 0.05192202 0.0648259
 0.05110583]"|"[0.53188688 0.039001   0.02451354 0.19400276 0.03042579 0.115885
 0.16521269 0.17588763 0.04140529 0.1242212  0.7884     0.07063381]"|2026/2027|True|True
0|5795425|2026-08-29|2|AFC Bournemouth|Everton|1.0|1.0|2.16|1.84|"[0.06454326 0.09935188 0.02713946 0.03996703 0.02635212 0.05461203
 0.16304612 0.10635255 0.24911681 0.03413263 0.39960039 0.09674377
 0.24300048 0.23110534 0.1062815  0.1465115  0.0924075 ]"|"[0.0046387  0.08497385 0.0528667  0.01485633 0.0110298  0.02873489
 0.8152703  0.01771387 0.13108131 0.53691208 0.03748173 0.09509067
 0.03139688]"|2026/2027|True|True
0|5795428|2026-08-29|2|Coventry City|Hull City|0.0|1.0|1.29|0.72|"[0.02933319 0.05437461 0.05792661 0.03436632 0.04645031 0.01541187
 0.12608309 0.7235921  0.0152003  0.00616032 0.18305777]"|[0.01414949 0.01068633 0.15717886 0.11613032 0.41632676 0.00396053]|2026/2027|True|True
0|5795434|2026-08-29|2|Tottenham Hotspur|Newcastle United|0.0|2.0|1.12|0.72|"[0.04060631 0.05250501 0.27041164 0.01744193 0.02468313 0.06473429
 0.10620283 0.01877035 0.03097638 0.01641711 0.06509899 0.02090418
 0.00847714 0.0151788  0.12745127 0.03816723 0.20103215]"|"[0.05318104 0.04106751 0.03085636 0.02673435 0.12444609 0.03446642
 0.01396324 0.01716593 0.14225821 0.01786694 0.22147688]"|2026/2027|True|True
0|5795427|2026-08-30|2|Chelsea|Brighton & Hove Albion|4.0|3.0|2.93|1.41|"[0.18993831 0.5404523  0.31910512 0.40112486 0.46207115 0.02281022
 0.04789539 0.02405745 0.03206319 0.12548704 0.07122473 0.08901072
 0.50597185        nan 0.02085508 0.08052621 0.05981453 0.04162244]"|"[0.03166981 0.33840075 0.16903873 0.35897133 0.09911315 0.01843849
 0.06609523 0.11063387 0.0297454  0.03908633 0.06430889 0.04982177
 0.02262531 0.01526883 0.05291533]"|2026/2027|True|True
0|5795430|2026-08-30|2|Leeds United|Brentford|1.0|1.0|1.46|1.67|"[0.02487691 0.01406239 0.05202875 0.01058055 0.03061306 0.06444858
 0.10191612 0.06644054 0.0968978  0.92311507 0.0375611  0.03275101]"|"[0.12339627 0.02901043 0.01535363 0.01783757 0.08059068 0.014805
 0.0686778  0.03704755 0.0642212  0.08771034 0.00773462 0.03432347
 0.04079301 0.01348273 0.10788912 0.01953511 0.08109366 0.22797742
 0.02474165 0.08330613 0.49725151 0.03800395]"|2026/2027|True|True
0|5795433|2026-08-30|2|Sunderland|Fulham|1.0|0.0|2.02|0.95|"[0.0396996  0.01687826 0.02048098 0.02388254 0.07219956 0.03130342
 0.02550006 0.02861362 0.7019676  0.65761042 0.23356426 0.17255054]"|"[0.01474641 0.4460237  0.09467466 0.02405818 0.02490735 0.02098593
 0.02358188 0.06570337 0.14176412 0.05807349 0.03321316]"|2026/2027|True|True
0|5795432|2026-08-30|2|Manchester United|Ipswich Town|5.0|2.0|4.56|2.01|"[0.01833532 0.05782628 0.0632415  0.10709118 0.02009206 0.02754623
 0.0345742  0.06044884 0.29923582 0.02606661 0.02680173 0.92180663
 0.49496993 0.0875862  0.0494251  0.02401856 0.04417128 0.08646719
 0.03266729 0.7884     0.15031512 0.03474525 0.0278507  0.15567274
 0.63067329 0.01035783 0.02019432 0.02607029 0.04816647 0.05514777
 0.44654411 0.10196158 0.03549215]"|"[0.34082338 0.05428237 0.07485777 0.1687936  0.32608998 0.01479804
 0.03027046        nan 0.03138716 0.96505272]"|2026/2027|True|True
0|5795426|2026-08-31|2|Aston Villa|Arsenal|0.0|1.0|0.33|1.04|"[0.02623362 0.036901   0.03350775 0.03903482 0.14684315 0.03105452
 0.02059884]"|"[0.07336612 0.12661827 0.05443002 0.10586257 0.07807452 0.57257628
 0.02488125]"|2026/2027|True|True
0|5795441|2026-09-04|3|Ipswich Town|Liverpool|0.0|2.0|0.75|0.69|"[0.01505894 0.0358964  0.02412608 0.21562403 0.03376702 0.11402322
 0.04232969 0.02471172 0.0155532  0.06177319 0.01902483 0.04753638
 0.04714827 0.05687761]"|"[0.096062   0.11374848 0.08451509 0.05981453 0.03668239 0.01103595
 0.02317854 0.15467261 0.04277722 0.06363759]"|2026/2027|True|True
0|5795443|2026-09-05|3|Newcastle United|AFC Bournemouth|2.0|2.0|0.71|1.37|"[0.06050244        nan 0.04640422 0.03126302 0.33100915 0.01217411
 0.06555764 0.11040259 0.05012788]"|"[0.05813057 0.04346588 0.59575802 0.07811841 0.01843154 0.01323901
 0.03366776 0.32973874 0.01489673 0.0306102  0.00954392 0.02773995
 0.03860051 0.01689482 0.02569335 0.01646091 0.01897793]"|2026/2027|True|True
0|5795436|2026-09-05|3|Brentford|Sunderland|1.0|1.0|1.21|1.71|"[0.0336892  0.16024798 0.12824288 0.01358659 0.0178609  0.24008164
 0.04696226 0.11435679 0.06253309 0.03039177 0.25822362 0.10113506]"|"[0.10221478 0.0404994  0.10834831 0.07504637 0.02419993 0.17069772
 0.10117733 0.05935015 0.03216034 0.07120724 0.7884     0.05722927
 0.01291684 0.06679642]"|2026/2027|True|True
0|5795437|2026-09-05|3|Brighton & Hove Albion|Leeds United|1.0|1.0|2.19|2.49|"[0.01223169 0.02289812 0.02078701 0.01975062 0.09980665 0.06525523
 0.01967717 0.01074045 0.03647557 0.34846216 0.05041522 0.01481184
 0.15069002 0.10141443 0.03080461 0.06359077 0.41920605 0.03629202
 0.12361308 0.54718047]"|"[0.24501386 0.50270092 0.90231889 0.03405478 0.31087607 0.02597345
 0.32411355 0.10463461 0.07035261 0.09602796]"|2026/2027|True|True
0|5795439|2026-09-05|3|Fulham|Crystal Palace|2.0|3.0|3.14|1.97|"[0.03467783 0.20142914 0.0360398  0.07159511 0.03590602 0.12833814
 0.06937902 0.02365761 0.47962552 0.12406297 0.04321908 0.33021912
 0.02383516 0.17075181 0.14640056 0.11179715 0.12197521 0.12651044
 0.07057773 0.10032105 0.12079762 0.24854961 0.07908454 0.13349345
 0.12776975]"|"[0.04102569 0.02880578 0.01946814 0.13679394 0.07736184 0.04019341
 0.24745518 0.54414833 0.68808013 0.14891842]"|2026/2027|True|True
0|5795442|2026-09-05|3|Manchester City|Coventry City|1.0|0.0|2.12|1.37|"[0.17759658 0.01403004 0.01059762 0.13194914 0.13246892 0.03213998
 0.08448885 0.04179567 0.46220899 0.02183177 0.02186954 0.04594876
 0.29187727 0.61514586 0.04019341]"|"[0.31306171 0.03792513 0.28892925 0.08734626 0.02723455 0.10847707
 0.09553631 0.03962166 0.29593614 0.05716155 0.00547988 0.01070944]"|2026/2027|True|True
0|5795444|2026-09-05|3|Nottingham Forest|Tottenham Hotspur|0.0|0.0|0.92|1.06|"[0.08194268 0.02208921 0.04822163 0.16049851 0.02538834 0.09060976
 0.0626834  0.27301979 0.02661905 0.03409879 0.05551432 0.04153629]"|"[0.03825106 0.01595341 0.02153055 0.01903733 0.08621139 0.05015648
 0.52179915 0.05366611 0.07955393 0.00552466 0.17234704]"|2026/2027|True|True
0|5795440|2026-09-05|3|Hull City|Aston Villa|0.0|0.0|0.57|1.93|"[0.00806489 0.0177631  0.01496988 0.01653315 0.02530824 0.03713239
 0.04108117 0.01294029 0.04223684 0.05012998 0.30294093]"|"[0.22296645 0.07065721 0.02213502 0.01264562 0.14979067 0.01763972
 0.07267692 0.02502899 0.67551756 0.54209232 0.04941188 0.02640057
 0.04215492]"|2026/2027|True|True
0|4813374|2025-08-15|1|Liverpool|AFC Bournemouth|4.0|2.0|2.21|1.7|"[0.02093611 0.02487691 0.12759805 0.05045143 0.54871893 0.33906001
 0.12725939 0.22713313 0.12170811 0.03185808 0.00808146 0.00869381
 0.14420851 0.02665684 0.06779893 0.02001748 0.04923044 0.15560557
 0.10993491]"|"[0.24428187 0.10576315 0.2831921  0.0253944  0.03672236 0.1153914
 0.45479113 0.16026095 0.06495035 0.20790182]"|2025/2026|True|True
0|4813375|2025-08-16|1|Aston Villa|Newcastle United|0.0|0.0|0.2|1.43|[0.05278061 0.12068792 0.03017476]|"[0.48299462 0.04425946 0.01479651 0.35785121 0.09078684 0.02004484
 0.07861476 0.01771387 0.01877345 0.01316485 0.11390551 0.07991847
 0.03816526 0.01928887 0.03481685 0.00738683]"|2025/2026|True|True
0|4813376|2025-08-16|1|Brighton & Hove Albion|Fulham|1.0|1.0|1.48|0.76|"[0.01591273 0.03126302 0.07070936 0.03454845 0.02005053 0.7884
 0.08498968 0.02815572 0.09337939 0.30918181]"|"[0.12717108 0.06969148 0.17678852 0.16306081 0.01076305 0.08816819
 0.15349671]"|2025/2026|True|True
0|4813378|2025-08-16|1|Sunderland|West Ham United|3.0|0.0|0.75|0.56|"[0.25526389 0.04563305 0.04990941 0.02410175 0.13719922 0.06891193
 0.04993214 0.04161948 0.04401311 0.03683081]"|"[0.02696705 0.00891921 0.1257284  0.09929264 0.04787995 0.02578432
 0.02124623 0.04608985 0.06729539 0.02289359 0.03897681 0.03083165]"|2025/2026|True|True
0|4813379|2025-08-16|1|Tottenham Hotspur|Burnley|3.0|0.0|2.32|0.94|"[0.11576477 0.05404513 0.09604841 0.12153302 0.05170289 0.37731659
 0.11277966 0.3056643  0.03609748 0.14357372 0.0223225  0.44344869
 0.2108276  0.07995912 0.12754832 0.02378279]"|"[0.03734487 0.03064056 0.03555921 0.01354076 0.02326605 0.05263358
 0.04626953 0.03576028 0.03251744 0.03385574 0.16874817 0.33457842
 0.04772766 0.0431843 ]"|2025/2026|True|True
0|4813380|2025-08-16|1|Wolverhampton Wanderers|Manchester City|0.0|4.0|0.56|2.47|"[0.14584264 0.01997113 0.08119257 0.10012067 0.05383864 0.0554348
 0.01847342 0.03405434 0.04992545]"|"[0.19452707 0.68247938 0.03051493 0.01377837 0.02093459 0.87037289
 0.13520497 0.0993692  0.05654255 0.0296952  0.08858091 0.0562892
 0.0322318  0.12167767 0.03443488]"|2025/2026|True|True
0|4813381|2025-08-17|1|Chelsea|Crystal Palace|0.0|0.0|1.6|0.66|"[0.08437802 0.02420769 0.02972654 0.0918996  0.03904274 0.05821325
 0.0397016  0.02666755 0.08978231 0.0447121  0.0287575  0.04977654
 0.22297442 0.05331515 0.34125146 0.02149755 0.04995545 0.24929449
 0.05945504]"|"[0.00552466 0.07793482 0.01248603 0.27330917 0.01296453 0.12811993
 0.03236136 0.04578927 0.01614576 0.00569777 0.04695251]"|2025/2026|True|True
0|4813377|2025-08-17|1|Nottingham Forest|Brentford|3.0|1.0|1.83|1.49|"[0.06557659 0.05825207 0.3070243  0.0431065  0.02251096 0.10435677
 0.85552478 0.01535363 0.01966611 0.2965669  0.04037027]"|"[0.07991847 0.01809623 0.12978786 0.11378368 0.09985253 0.02283826
 0.028301   0.12824263 0.08300204 0.7884    ]"|2025/2026|True|True
0|4813382|2025-08-17|1|Manchester United|Arsenal|0.0|1.0|1.52|1.31|"[0.0928106  0.01314417 0.09561466 0.08836797 0.0255808  0.10775147
 0.04080376 0.05523466 0.05847583 0.04360485 0.07858722 0.09659141
 0.06959681 0.07677195 0.06384552 0.03088023 0.02743997 0.05416913
 0.19854215 0.03400831 0.04640224 0.1258017 ]"|"[0.90786177 0.0224035  0.0437117  0.04695356 0.01207801 0.03843881
 0.03063123 0.05693898 0.14831154]"|2025/2026|True|True
0|4813383|2025-08-18|1|Leeds United|Everton|1.0|0.0|2.13|0.8|"[0.12557302 0.02213335 0.01433992 0.02232529 0.18577626 0.0269167
 0.126313   0.04321222 0.10891526 0.01075818 0.03110274 0.02937916
 0.08756475 0.1155707  0.06923603 0.07880818 0.0261066  0.7884
 0.02126062 0.03026136 0.16870356]"|"[0.04703415 0.03931415 0.0141612  0.20178811 0.02539025 0.05844828
 0.4166936 ]"|2025/2026|True|True
0|4813394|2025-08-22|2|West Ham United|Chelsea|1.0|5.0|0.73|2.74|"[0.01458287 0.00880887 0.05747899 0.01941211 0.0748474  0.03377151
 0.07932125 0.04101959 0.04860621 0.05279099 0.10573132 0.19002858]"|"[0.32988375 0.08501142 0.35798654 0.0201083  0.8293162  0.14043939
 0.23868689 0.06080599 0.31336865 0.05790357 0.28746152 0.02171804]"|2025/2026|True|True
0|4813392|2025-08-23|2|Manchester City|Tottenham Hotspur|0.0|2.0|1.55|1.11|"[0.02002319 0.02032189 0.04160454 0.6069476  0.47085226 0.14012617
 0.02412854 0.04704735 0.15558521 0.02586064]"|"[0.05404529 0.02768021 0.37130785 0.13642904 0.03343154 0.04025333
 0.02614629 0.02712481 0.0338197  0.16679204 0.12118001 0.07954565]"|2025/2026|True|True
0|4813385|2025-08-23|2|AFC Bournemouth|Wolverhampton Wanderers|1.0|0.0|1.29|0.46|"[0.10666087 0.08217019 0.42037541 0.02422578 0.05425657 0.03487068
 0.11153185 0.18650532 0.02152649 0.02874683 0.05606318 0.0192607
 0.05091158 0.09409445]"|[0.06450855 0.10199638 0.01224009 0.13029541 0.10054818 0.0551549 ]|2025/2026|True|True
0|4813387|2025-08-23|2|Brentford|Aston Villa|1.0|0.0|1.21|1.19|"[0.06053685 0.60761303 0.41344684 0.03268062 0.05179998 0.06420194
 0.02774204 0.0996915  0.10618402]"|"[0.00797575 0.03148992 0.04622139 0.03767228 0.0726837  0.07658342
 0.0742002  0.04827265 0.15864886 0.04218496 0.20482576 0.02351551
 0.05290227 0.06075447 0.01819231 0.1408508  0.09509753]"|2025/2026|True|True
0|4813388|2025-08-23|2|Burnley|Sunderland|2.0|0.0|1.0|0.77|"[0.02291601 0.02455112 0.18940575 0.07620485 0.02446736 0.57910478
 0.07912809]"|"[0.30442211 0.22716111 0.05457516 0.02687891 0.02283939 0.02387418
 0.0338665  0.04142826 0.03818884]"|2025/2026|True|True
0|4813386|2025-08-23|2|Arsenal|Leeds United|5.0|0.0|2.88|0.17|"[0.01954426 0.0325641  0.04017058 0.43522316 0.21785872 0.01745072
 0.10565783 0.06031104 0.05728981 0.02239366 0.19992742 0.39563549
 0.24250996 0.07253476 0.09210341 0.0436449  0.03552405 0.7884    ]"|[0.03680955 0.03333795 0.09647864]|2025/2026|True|True
0|4813389|2025-08-24|2|Crystal Palace|Nottingham Forest|1.0|1.0|1.1|0.93|"[0.07692223 0.08669522 0.10479341 0.55047941 0.04238878 0.11307825
 0.08117219 0.04675045]"|"[0.11030538 0.01192529 0.04666519 0.11046961 0.11555471 0.26485777
 0.06804485 0.08641226 0.115376  ]"|2025/2026|True|True
0|4813390|2025-08-24|2|Everton|Brighton & Hove Albion|2.0|0.0|1.6|2.43|"[0.03420909 0.09721497 0.69147021 0.07991847 0.02108125 0.02029644
 0.25495341 0.00943223 0.17727956 0.14275481 0.06735535]"|"[0.0244698  0.1497644  0.77078635 0.01773774 0.07386602 0.01246826
 0.0128125  0.375478   0.04106751 0.02285587 0.08284114 0.7884
 0.06051517]"|2025/2026|True|True
0|4813391|2025-08-24|2|Fulham|Manchester United|1.0|1.0|1.76|1.76|"[0.15115869 0.02105796 0.03049292 0.15189312 0.01896485 0.2177538
 0.27647287 0.03764147 0.         0.11839057 0.02277968 0.01881094
 0.67379504 0.02785968]"|"[0.02151149 0.1284657  0.10896598 0.03031969 0.23541197 0.7884
 0.02825351 0.17841762 0.01073583 0.09616536]"|2025/2026|True|True
0|4813393|2025-08-25|2|Newcastle United|Liverpool|2.0|3.0|0.98|0.69|"[0.0422961  0.11921792 0.30170134 0.1016812  0.0476299  0.00938158
 0.1695351  0.04418814 0.13031632 0.01551726]"|[0.05123676 0.0230763  0.05840113 0.20478237 0.35532212]|2025/2026|True|True
0|4813397|2025-08-30|3|Chelsea|Fulham|2.0|0.0|2.35|1.02|"[0.01674762 0.09082822 0.01492507 0.20977037 0.05954424 0.59682566
 0.04951237 0.7884     0.35933357 0.04756782 0.02759605 0.0533642
 0.03573868]"|"[0.07910211 0.03361339 0.03797115 0.08372466 0.07445528 0.03816408
 0.07083062 0.12615085 0.41099086 0.03931415 0.02870201]"|2025/2026|True|True
0|4813400|2025-08-30|3|Manchester United|Burnley|3.0|2.0|3.63|1.2|"[0.02731295 0.02264934 0.07765359 0.08748034 0.13052367 0.03463624
 0.06230543 0.09306131 0.09619382 0.04175449 0.06217968 0.01591618
 0.14275481 0.50119978 0.20072474 0.10146338 0.56212854 0.02405506
 0.0951155  0.0456989  0.07269552 0.02391269 0.04490213 0.18065608
 0.09206809 0.7884    ]"|"[       nan 0.10785963 0.09427778 0.03493451 0.50778747 0.12805843
 0.38072553]"|2025/2026|True|True
0|4813402|2025-08-30|3|Sunderland|Brentford|2.0|1.0|1.54|1.2|"[0.07479706 0.07892748 0.01961699 0.04561661 0.04014808 0.05219601
 0.17029978 0.01381951 0.09813147 0.7884     0.0281438  0.13284861]"|"[0.07766748 0.08233373 0.01362756 0.7884     0.12311424 0.03126355
 0.08133794]"|2025/2026|True|True
0|4813403|2025-08-30|3|Tottenham Hotspur|AFC Bournemouth|0.0|1.0|0.19|1.59|[0.01196106 0.05606318 0.0512656  0.04585646 0.02204418]|"[0.1162587  0.07372513 0.16802067 0.06312989 0.03522149 0.05725027
 0.08895292 0.11309366 0.01374575 0.0118182  0.02325829 0.12309249
 0.13032004 0.14191823 0.02246207 0.10229497 0.0493072  0.19837035
 0.02564258 0.02838588]"|2025/2026|True|True
0|4813404|2025-08-30|3|Wolverhampton Wanderers|Everton|2.0|3.0|1.11|1.93|"[0.04162029 0.41966265 0.1293284  0.02820295 0.01182893 0.01752855
 0.01088426 0.26916629 0.03066134 0.02809789 0.02998266 0.09225175]"|"[0.63303512 0.06981225 0.21414343 0.5611828  0.17358159 0.05518785
 0.04735713 0.08075607 0.06537473 0.03154166]"|2025/2026|True|True
0|4813398|2025-08-30|3|Leeds United|Newcastle United|0.0|0.0|0.69|0.46|"[0.09827135 0.09268351 0.03522149 0.04894762 0.2185951  0.02279607
 0.01902155 0.08202338 0.01528965 0.05483602]"|"[0.23753929 0.02814225 0.02646746 0.03701072 0.0432262  0.0200859
 0.03507039 0.03267471]"|2025/2026|True|True
0|4813396|2025-08-31|3|Brighton & Hove Albion|Manchester City|2.0|1.0|2.3|1.82|"[0.05435571 0.07423709 0.02898446 0.7884     0.12549445 0.02446736
 0.06959496 0.02181678 0.0516941  0.28728437 0.05997047 0.71116138]"|"[0.15975854 0.08202338 0.17393632 0.05483713 0.05458733 0.79848766
 0.0254931  0.29964441 0.01847342 0.09265807 0.03864736 0.02167839]"|2025/2026|True|True
0|4813401|2025-08-31|3|Nottingham Forest|West Ham United|0.0|3.0|0.73|2.42|"[0.06857272 0.12153773 0.07743765 0.17802955 0.03320001 0.01692995
 0.0433743  0.10562398 0.0514952  0.02164314 0.01564244]"|"[0.03846722 0.06552868 0.12639393 0.19686152 0.04158723 0.05575351
 0.06080599 0.01848485 0.06695329 0.7884     0.36367267 0.59740514]"|2025/2026|True|True
0|4813399|2025-08-31|3|Liverpool|Arsenal|1.0|0.0|0.52|0.49|"[0.03381761 0.05345133 0.02459917 0.1458192  0.02059531 0.05204843
 0.03597106 0.03401414 0.12455632]"|"[0.05687497 0.01829085 0.05424711 0.09184948 0.03115287 0.05717092
 0.04359024 0.01811533 0.02649824 0.05799681 0.0295344 ]"|2025/2026|True|True
0|4813395|2025-08-31|3|Aston Villa|Crystal Palace|0.0|3.0|1.14|2.65|"[0.04221827 0.06847423 0.53942263 0.03659762 0.03034662 0.01366482
 0.04472993 0.00858067 0.03586004 0.13002804 0.14470787 0.03668239
 0.0092171 ]"|[0.7884     0.91407752 0.04849612 0.51504076 0.35913691 0.02445451]|2025/2026|True|True
0|4813406|2025-09-13|4|Arsenal|Nottingham Forest|3.0|0.0|1.84|0.2|"[0.12913024 0.18308304 0.02662377 0.13734719 0.04953465 0.03103119
 0.29742163 0.03606524 0.01912693 0.04149585 0.16512026 0.46463698
 0.03502644 0.06251302 0.07275535 0.08431   ]"|[0.04331325 0.03149088 0.02020028 0.01206558 0.0928575 ]|2025/2026|True|True
0|4813405|2025-09-13|4|AFC Bournemouth|Brighton & Hove Albion|2.0|1.0|1.45|0.62|"[0.05949952 0.05689086 0.03208016 0.07687567 0.04953509 0.05341816
 0.0352065  0.7884     0.04387604 0.0383841  0.05058626 0.04067896
 0.12201972]"|[0.05073206 0.37228286 0.04116374 0.09457637 0.0313772  0.01938656]|2025/2026|True|True
0|4813409|2025-09-13|4|Crystal Palace|Sunderland|0.0|0.0|1.77|0.36|"[0.02563147 0.02093611 0.58560443 0.10149039 0.11976659 0.03648569
 0.0212795  0.4891538  0.0092465  0.0313191  0.18582383 0.03200758
 0.02737221 0.09591629]"|[0.05321031 0.0367576  0.20371322 0.01105699 0.06144921 0.02873489]|2025/2026|True|True
0|4813410|2025-09-13|4|Everton|Aston Villa|0.0|0.0|2.08|0.54|"[0.28039739 0.07732639 0.08329509 0.11546736 0.07019321 0.31034008
 0.19776952 0.01502389 0.01912098 0.26566982 0.0515916  0.0418872
 0.06922138 0.02874898 0.07106438 0.05550788 0.07701717 0.01634694
 0.19963598 0.03560546]"|"[0.01620695 0.07991847 0.04840482 0.02777879 0.17200275 0.03285283
 0.0617543 ]"|2025/2026|True|True
0|4813411|2025-09-13|4|Fulham|Leeds United|1.0|0.0|0.85|0.79|[0.10689887 0.24528639 0.50059444 0.04443786 0.01847444]|"[0.30415079 0.03260153 0.02093728 0.04198664 0.13177299 0.09331395
 0.08935536 0.02913612 0.01715495 0.02937193        nan]"|2025/2026|True|True
0|4813413|2025-09-13|4|Newcastle United|Wolverhampton Wanderers|1.0|0.0|1.55|0.5|"[0.02877267 0.68337649 0.04149585 0.08991545 0.03319881 0.0429488
 0.15137684 0.03492572 0.04897966 0.06116416 0.04218496 0.03887773
 0.05437098 0.0321112  0.09117723 0.07926852]"|"[0.10739061 0.04109265 0.06301293 0.00975089 0.09817991 0.09435955
 0.04798015 0.04157092]"|2025/2026|True|True
0|4813414|2025-09-13|4|West Ham United|Tottenham Hotspur|0.0|3.0|0.6|1.29|"[0.24251126 0.01342828 0.02083995 0.12170811 0.01929806 0.20160337
 0.03191837]"|"[0.01901029 0.03055786 0.15305683 0.06723633 0.12560131 0.02043602
 0.12215272 0.09574349 0.0869728  0.05590509 0.03123978 0.11012202
 0.28237149 0.08814938]"|2025/2026|True|True
0|4813407|2025-09-13|4|Brentford|Chelsea|2.0|2.0|1.43|1.25|"[0.3036401  0.03330987 0.21122864 0.06141201 0.09797394 0.04043052
 0.67094928]"|"[0.14717402 0.01324176 0.0186577  0.0143339  0.10652748 0.03978033
 0.05547967 0.03626057 0.18085854 0.02744111 0.00920785 0.06188379
 0.05566227 0.32849637 0.06945381 0.08792823]"|2025/2026|True|True
0|4813408|2025-09-14|4|Burnley|Liverpool|0.0|1.0|0.13|2.65|[0.11026655 0.02439284 0.01006622]|"[0.01979802 0.16637936 0.49225253 0.05452315 0.03835066 0.04893418
 0.01289648 0.10076921 0.05355978 0.0216646  0.04633925 0.0260429
 0.07992026 0.06489787 0.04868375 0.02126485 0.03789529 0.02110633
 0.06340239 0.13764669 0.03844459 0.01674585 0.05465096 0.06030777
 0.06315247 0.07065303 0.7884    ]"|2025/2026|True|True
0|4813412|2025-09-14|4|Manchester City|Manchester United|3.0|0.0|2.63|1.52|"[0.02285388 0.13261962 0.09887344 0.05029858 0.32397583 0.9291802
 0.0538883  0.18375602 0.41696274 0.27487364 0.03540505 0.13651006
 0.02237213]"|"[0.02955441 0.02465261 0.0700161  0.02036321 0.04599407 0.01728497
 0.58144891 0.03381354 0.46983758 0.1201605  0.01823147 0.07598086]"|2025/2026|True|True
0|4813420|2025-09-20|5|Liverpool|Everton|2.0|1.0|0.9|0.7|"[0.13465057 0.03213974 0.1022444  0.04129699 0.07909466 0.30054772
 0.01785886 0.08558781 0.04326089 0.03281696 0.03330126]"|"[0.00921474 0.14202332 0.19598189 0.01046222 0.17759687 0.04421644
 0.07622632 0.03059963 0.0142354 ]"|2025/2026|True|True
0|4813417|2025-09-20|5|Brighton & Hove Albion|Tottenham Hotspur|2.0|2.0|1.32|1.22|"[0.74442035 0.02149615 0.08746019 0.01869302 0.03226183 0.07293902
 0.01602949 0.08955422 0.0661936         nan 0.04306627 0.10317314
 0.0243791 ]"|"[0.0700161  0.06731243 0.08026692 0.04553322 0.08666958 0.49989036
 0.06177758 0.04957807 0.1537483  0.06365854 0.02052702]"|2025/2026|True|True
0|4813418|2025-09-20|5|Burnley|Nottingham Forest|1.0|1.0|0.85|1.1|"[0.02024487 0.09003783 0.04775599 0.03931187 0.05858569 0.03829727
 0.14326943 0.02744103 0.08840426 0.08515603 0.09676592 0.16877587]"|"[0.02158358 0.00951978 0.0124535  0.01968913 0.04212289 0.29081953
 0.01692995 0.02181089 0.0387404  0.11654838 0.02011213 0.04085568
 0.1112268  0.04013086 0.23774996 0.01206786 0.04536621]"|2025/2026|True|True
0|4813423|2025-09-20|5|West Ham United|Crystal Palace|1.0|2.0|0.66|2.31|"[0.19287111 0.12573224 0.01727713 0.0381184  0.02581947 0.06994922
 0.07844175 0.06947999]"|"[0.01268731 0.25337058 0.04236954 0.0867021  0.20122549 0.61090958
 0.03150529 0.20463307 0.08575301 0.22916894 0.03337229 0.20592448
 0.07053903 0.04340153 0.0635376  0.07570764 0.01641711 0.04295878]"|2025/2026|True|True
0|4813424|2025-09-20|5|Wolverhampton Wanderers|Leeds United|1.0|3.0|1.78|0.48|"[0.68476111 0.01946975 0.16714562 0.08047404 0.0722923  0.03273137
 0.1386009  0.04193506 0.04302126 0.03348072 0.06225949 0.03522331
 0.09366789 0.24341007 0.01894891 0.0163025 ]"|[0.01541187 0.06163851 0.14021462 0.08506536 0.14773586 0.06438284]|2025/2026|True|True
0|4813421|2025-09-20|5|Manchester United|Chelsea|2.0|1.0|1.84|0.43|"[0.04676143 0.13518223 0.01867401 0.11368208 0.05522063 0.6215384
 0.02383909 0.07808495 0.35467726 0.32884783 0.06116373]"|[0.02745246 0.05460458 0.04495528 0.16935436 0.09296784]|2025/2026|True|True
0|4813419|2025-09-20|5|Fulham|Brentford|3.0|1.0|1.01|0.6|"[0.0449847  0.041367   0.03861778 0.07437033 0.22411297 0.02314596
 0.02594943 0.05443898 0.09596664 0.02129244 0.13146131 0.18058351
 0.0098025  0.04423707]"|"[0.05141759 0.13373694 0.05620326 0.08952108        nan 0.10157793
 0.09141021 0.02725797 0.05160074]"|2025/2026|True|True
0|4813415|2025-09-21|5|AFC Bournemouth|Newcastle United|0.0|0.0|0.46|0.14|"[0.06945974 0.0174591  0.00669856 0.02783801 0.07721237 0.04063969
 0.03169139 0.06126983 0.01411724 0.1102452  0.00502699]"|[0.13747819 0.01411104 0.02696191 0.04831682]|2025/2026|True|True
0|4813422|2025-09-21|5|Sunderland|Aston Villa|1.0|1.0|1.04|0.78|"[0.05118172 0.01535372 0.03700235 0.03211379 0.05228877 0.00889463
 0.05167038 0.10472541 0.06643849 0.27152175 0.06736436 0.04851668
 0.03012569 0.19878481]"|"[0.25015262 0.03920975 0.04873583 0.02001255 0.01824729 0.06408899
 0.02320273 0.10268246 0.02354562 0.02064197 0.04000631 0.13238114]"|2025/2026|True|True
0|4813416|2025-09-21|5|Arsenal|Manchester City|1.0|1.0|0.89|0.87|"[0.1192557  0.10065416 0.0680364  0.03553441 0.0561614  0.11292955
 0.04013942 0.0407067  0.05928282 0.04481423 0.01462719 0.19626227]"|[0.42625639 0.05456544 0.06806889 0.13948482 0.22093908]|2025/2026|True|True
0|4813426|2025-09-27|6|Brentford|Manchester United|3.0|1.0|2.02|2.08|"[0.18852739 0.21933103 0.06180609 0.48053339 0.44164068 0.41609144
 0.02869039 0.08549776 0.0863611  0.01277222]"|"[0.08821785 0.01734525 0.0443529  0.30682585 0.33666182 0.37886235
 0.01022351 0.04306308 0.0447121  0.01969829 0.03838531 0.7884
 0.15134262 0.12229065]"|2025/2026|True|True
0|4813427|2025-09-27|6|Chelsea|Brighton & Hove Albion|1.0|3.0|1.81|2.28|"[0.09029743 0.02287674 0.01634893 0.04149856 0.01476721 0.0467837
 0.10239467 0.96394789 0.02832031 0.02646427 0.03110587 0.01915912
 0.4061586 ]"|"[0.01003872 0.05360881 0.06136667 0.09764852 0.32745808 0.03064976
 0.05330301 0.41448411 0.28120977 0.030674   0.63727272 0.28676301]"|2025/2026|True|True
0|4813428|2025-09-27|6|Crystal Palace|Liverpool|2.0|1.0|2.92|2.14|"[0.57698315 0.23683466 0.1969734  0.08724053 0.50157487 0.0428004
 0.11190335 0.06251091 0.0444112  0.24267644 0.13513942 0.13846305
 0.02031854 0.02794909 0.10275566 0.43023917]"|"[0.13371104 0.04226254 0.03156122 0.02525123 0.07424979 0.08201166
 0.1098917  0.04179147 0.05720241 0.36751854 0.03597983 0.03290076
 0.11058812 0.05958841 0.29572845 0.04320268 0.03167517 0.27057415
 0.04589437 0.24526358]"|2025/2026|True|True
0|4813430|2025-09-27|6|Leeds United|AFC Bournemouth|2.0|2.0|1.84|0.82|"[0.25134075 0.05384814 0.30728114 0.24574386 0.05129153 0.13850568
 0.03848399 0.03014262 0.02928238 0.09430917 0.02331235 0.04857877
 0.0435978  0.09830344 0.13461196 0.036043   0.03701072 0.10814739
 0.06558404]"|"[0.02709788 0.05701723 0.03661006 0.16370152 0.06335689 0.02471644
 0.05713568 0.01425101 0.10785418 0.08357476 0.02597206 0.08629655]"|2025/2026|True|True
0|4813431|2025-09-27|6|Manchester City|Burnley|5.0|1.0|2.03|0.41|"[0.01627213 0.03265135 0.02726533 0.08387549 0.06945381 0.17345625
 0.04764259 0.27356252 0.09387369 0.01275863 0.02112492 0.01257575
 0.04430813 0.16933213 0.05569972 0.02908717 0.08669149 0.10655204
 0.04893183 0.15983957 0.46320125]"|"[       nan 0.02951543 0.02974501 0.04013086 0.09645853 0.10184001
 0.04317205 0.01976495 0.03562188 0.01881724        nan]"|2025/2026|True|True
0|4813433|2025-09-27|6|Nottingham Forest|Sunderland|0.0|1.0|1.68|1.66|"[0.05417676 0.10572534 0.03560546 0.05479048 0.18587103 0.01506911
 0.02735191 0.04390503 0.03049567 0.0235976  0.01748076 0.07462522
 0.14222023 0.19855703 0.05488865 0.02462111 0.15778746 0.05059845
 0.30077457 0.01769847 0.03583211 0.03489073]"|"[0.11261714 0.04722526 0.37475988 0.11829518 0.01122459 0.07051491
 0.0449784  0.05504082 0.05132131 0.13381466 0.63647318]"|2025/2026|True|True
0|4813434|2025-09-27|6|Tottenham Hotspur|Wolverhampton Wanderers|1.0|1.0|0.87|1.15|"[0.3209815  0.19797151 0.0212568  0.06551483 0.0309175  0.04242483
 0.0156949  0.02554718 0.0192572  0.06937264]"|"[0.0820199  0.01769159 0.01924817 0.04371734 0.07055856 0.06001558
 0.75164694 0.07033131 0.0812044 ]"|2025/2026|True|True
0|4813425|2025-09-28|6|Aston Villa|Fulham|3.0|1.0|1.11|0.92|"[0.02376052 0.32902509 0.01381707 0.28711513 0.02514667 0.05084695
 0.09270388 0.2688477  0.01995873]"|"[0.05875163 0.04308356 0.1556602  0.02494655 0.04048913 0.04731559
 0.14098662 0.34533265 0.06966585 0.02357944 0.10943118]"|2025/2026|True|True
0|4813432|2025-09-28|6|Newcastle United|Arsenal|1.0|2.0|0.61|2.04|"[0.02646582 0.03990772 0.05244682 0.28898284 0.03485453 0.09200962
 0.0403071  0.03751027]"|"[0.03584915 0.14002195 0.07256554 0.09097999 0.3327561  0.10312692
 0.07442074 0.0427698  0.01298964 0.01711664 0.10142038 0.46269476
 0.06847913 0.03437661 0.03588717 0.04287858 0.05765673 0.05455108
 0.04699269 0.21616894]"|2025/2026|True|True
0|4813429|2025-09-29|6|Everton|West Ham United|1.0|1.0|0.73|1.19|"[0.15092117 0.06951977 0.04769566 0.0381111  0.03784252 0.03735595
 0.04555003 0.08903453 0.09655654 0.01561119 0.03518481 0.05894949]"|"[0.04735713 0.15529895 0.09311096 0.14288799 0.07461158 0.01843141
 0.01751845 0.3227137  0.05109969 0.06488797 0.06934857 0.0123923
 0.03277849 0.09155067]"|2025/2026|True|True
0|4813435|2025-10-03|7|AFC Bournemouth|Fulham|3.0|1.0|1.12|0.88|"[0.03356188 0.02873489 0.03723405 0.02666007 0.0982297  0.16461068
 0.0789476  0.10113399 0.03837311 0.01491749 0.57394344]"|"[0.00967619 0.06365336 0.02380789 0.02134842 0.04437466 0.02485676
 0.00860938 0.4043048  0.03928257 0.10934602 0.04993214 0.08317679]"|2025/2026|True|True
0|4813441|2025-10-04|7|Leeds United|Tottenham Hotspur|1.0|2.0|1.68|0.53|"[0.04429741 0.07690071 0.13190247 0.05896207 0.08917082 0.77141851
 0.04600323 0.10257564 0.09183953 0.01694261 0.04961415 0.02398131
 0.02631702 0.03337856 0.05008807 0.13348208]"|"[0.06398667 0.03691762 0.03723447 0.15846775 0.01184505 0.11866257
 0.0626266  0.05654674 0.02912423]"|2025/2026|True|True
0|4813436|2025-10-04|7|Arsenal|West Ham United|2.0|0.0|2.77|0.49|"[0.09724265 0.06616735 0.07618621 0.02532334 0.0923575  0.34744087
 0.28726962 0.28435525 0.07733221 0.0226501  0.03285127 0.09504998
 0.28996035 0.00941706 0.07561625 0.02296933 0.0409652  0.7884
 0.07503184 0.08061459 0.02071621]"|[0.27053094 0.01163561 0.02318679 0.12575674]|2025/2026|True|True
0|4813442|2025-10-04|7|Manchester United|Sunderland|2.0|0.0|1.84|0.71|"[0.16298889 0.04828418 0.02589958 0.05695464 0.08549776 0.5944978
 0.2913782  0.05315086 0.02589693 0.07663174 0.0165047  0.06917397
 0.04746474 0.30457604 0.03302957]"|"[0.06454391 0.09066056 0.02067878 0.13407201 0.02674005 0.03961992
 0.07991847 0.21250477]"|2025/2026|True|True
0|4813439|2025-10-04|7|Chelsea|Liverpool|2.0|1.0|1.0|1.95|"[0.03662321 0.02117823 0.05126449 0.03455312 0.03453436 0.03055512
 0.02468144 0.03773796 0.01891108 0.01698079 0.32840207 0.36851099]"|"[0.46375582 0.18035999 0.109334   0.02594358 0.14789058 0.54796034
 0.02967098 0.03343302 0.14410192 0.04849724 0.04878748 0.16555776]"|2025/2026|True|True
0|4813437|2025-10-05|7|Aston Villa|Burnley|2.0|1.0|1.16|0.4|"[0.09134604 0.03681752 0.04401311 0.01627542 0.02827175 0.15381879
 0.03178751 0.10833026 0.17758022 0.054747   0.11619419 0.01456507
 0.03742941 0.13308705 0.11900125]"|[0.07239761 0.09010661 0.21186753 0.01850059 0.01494214]|2025/2026|True|True
0|4813440|2025-10-05|7|Everton|Crystal Palace|2.0|1.0|2.03|1.53|"[0.02572279 0.01917646 0.07525206 0.03965556 0.07704176 0.07386602
 0.16481002 0.7884     0.06382839 0.03773796 0.03528542 0.03456282
 0.29711211 0.4255113 ]"|"[0.07987721 0.04400072 0.02235907 0.0443911  0.20371205 0.04990421
 0.07265999 0.11056985 0.02276151 0.12614574 0.18134513 0.28645653
 0.03212219 0.05824214 0.24396546]"|2025/2026|True|True
0|4813443|2025-10-05|7|Newcastle United|Nottingham Forest|2.0|0.0|3.45|0.3|"[0.18312785 0.15305683 0.01952264 0.02377282 0.1384739  0.02975268
 0.13088225 0.30375725 0.04694096 0.02030365 0.02253626 0.28021508
 0.08131758 0.10719614 0.46658498 0.52471334 0.7884     0.13165912]"|[0.06532136 0.03127895 0.02961501 0.04526079 0.06385349]|2025/2026|True|True
0|4813444|2025-10-05|7|Wolverhampton Wanderers|Brighton & Hove Albion|1.0|1.0|0.56|0.92|[0.06547537 0.02971785 0.06681617 0.03042013 0.31360048 0.04866949]|"[0.02310361 0.08466084 0.06131202        nan 0.02677137 0.04826687
 0.09068794 0.03208113 0.06175749 0.08702233 0.02945241 0.0633854
 0.03522149 0.05281474 0.02931087 0.00541707 0.11721321 0.07234789]"|2025/2026|True|True
0|4813438|2025-10-05|7|Brentford|Manchester City|0.0|1.0|0.7|0.85|[0.05981453 0.45959222 0.01685589 0.02105027 0.10967585 0.0282377 ]|"[0.02041847 0.05641267 0.22216617 0.01408121 0.04289722 0.02096681
 0.10032105 0.12445144 0.15085138 0.03000006]"|2025/2026|True|True
0|4813451|2025-10-18|8|Nottingham Forest|Chelsea|0.0|3.0|2.35|1.67|"[0.08097568 0.09770193 0.41271228 0.42163005 0.02638933 0.17287616
 0.01931924 0.61667985 0.02110638 0.04828194 0.05112763 0.23265034]"|"[0.03002255 0.02000305 0.07153674 0.21763909 0.02980294 0.00586633
 0.50616598 0.12208056 0.03773796 0.14971538 0.02564299 0.11114208
 0.08215931 0.01777554 0.06263208 0.01976265 0.1648162 ]"|2025/2026|True|True
0|4813445|2025-10-18|8|Brighton & Hove Albion|Newcastle United|2.0|1.0|0.91|1.45|"[0.04754297 0.02099027 0.05847583 0.0199377  0.03206138 0.46839261
 0.02742411 0.02291587 0.00897697 0.04805319 0.02109983 0.02810926
 0.11045234]"|"[0.13148673 0.05056684 0.24832472 0.07327618 0.02786869 0.06695329
 0.10234658 0.03738469 0.03763103 0.12964106 0.1219774  0.20778534
 0.12352674 0.01263773 0.05142571 0.02694188]"|2025/2026|True|True
0|4813446|2025-10-18|8|Burnley|Leeds United|2.0|0.0|0.45|2.63|[0.0183548  0.03472976 0.37579241 0.02522049]|"[0.07754434 0.30864146 0.04467854 0.10095114 0.05251458 0.09144278
 0.04341359 0.05385946 0.13700697 0.07052932 0.42352757 0.04313986
 0.02078101 0.12400575 0.69329089 0.14664228 0.1381299  0.01482443
 0.04054793]"|2025/2026|True|True
0|4813447|2025-10-18|8|Crystal Palace|AFC Bournemouth|3.0|3.0|4.44|2.03|"[0.04253719 0.05766921 0.23714317 0.20689622 0.25829807 0.09225718
 0.03045412 0.12305279 0.01126252 0.70229495 0.03908506 0.72175348
 0.29664832 0.08655649 0.11068252 0.03880665 0.03001552 0.03018332
 0.7884     0.56907076]"|"[0.95852375 0.0495558  0.08646725 0.1522039  0.00777695 0.06582558
 0.69334418 0.03200923]"|2025/2026|True|True
0|4813450|2025-10-18|8|Manchester City|Everton|2.0|0.0|2.38|0.81|"[0.02098888 0.09710365 0.02472588 0.07440833 0.0238348  0.20591059
 0.36310843 0.0868921  0.0292104  0.06117253 0.17770201 0.07731083
 0.05323756 0.03681752 0.18922564 0.28351703 0.08025108 0.14161487
 0.38070211]"|[0.84418321 0.01408271 0.02965399 0.15750879 0.0297708 ]|2025/2026|True|True
0|4813452|2025-10-18|8|Sunderland|Wolverhampton Wanderers|2.0|0.0|0.65|0.83|"[0.04952725 0.02058931 0.18873152 0.22054127 0.05780387 0.02974501
 0.04229349 0.03663141]"|"[0.05623256 0.01678284 0.03854791 0.06970899 0.0565094  0.02947425
 0.0756051  0.02867015 0.06168392 0.25667083 0.03565792        nan
 0.0208604  0.02641626 0.01228297 0.03226289 0.00954352]"|2025/2026|True|True
0|4813448|2025-10-18|8|Fulham|Arsenal|0.0|1.0|0.44|1.87|"[0.05131499 0.04767903 0.04991549 0.04839333 0.09410395 0.00467597
 0.03088006 0.04953088 0.02739009]"|"[0.03913849 0.01785884 0.00901191 0.17930941 0.23823622 0.02544571
 0.04260563 0.03281489 0.07792491 0.28041059 0.19579132 0.03425736
 0.12715    0.07713722 0.09328175 0.43846336]"|2025/2026|True|True
0|4813453|2025-10-19|8|Tottenham Hotspur|Aston Villa|1.0|2.0|0.75|0.32|"[0.07549912 0.1166     0.02234616 0.09942439 0.24236695 0.03897081
 0.03409295 0.041497   0.13386521 0.06311675]"|"[0.0083411  0.03001384 0.03192873 0.05397746 0.02989773 0.03861406
 0.04477607 0.07786594]"|2025/2026|True|True
0|4813449|2025-10-19|8|Liverpool|Manchester United|1.0|2.0|2.75|1.34|"[0.20968504 0.12351561 0.03920975 0.09215488 0.07150097 0.24004097
 0.024091   0.07141161 0.09324902 0.0499841  0.02189524 0.24501412
 0.05042381 0.06643093 0.04556863 0.07076489 0.92875695 0.29711211
 0.01086184]"|"[0.22932401 0.15946864 0.13065422 0.13080031 0.02598235 0.02340564
 0.0404008  0.00627628 0.0540044  0.02315075 0.0884176  0.42698261]"|2025/2026|True|True
0|4813454|2025-10-20|8|West Ham United|Brentford|0.0|2.0|0.35|2.37|"[0.0512481  0.02985799 0.02437786 0.07512657 0.07680035 0.06867523
 0.05521725]"|"[0.06586708 0.0424443  0.03205181 0.09582011 0.0561491  0.0598143
 0.06705827 0.35973448 0.08109357 0.09932157 0.04491381 0.09474393
 0.02521286 0.13228402 0.1323172  0.01945742 0.21334411 0.09154783
 0.26985583 0.03826691 0.04948176 0.30248883]"|2025/2026|True|True
0|4813461|2025-10-24|9|Leeds United|West Ham United|2.0|1.0|1.49|0.65|"[0.10729129 0.36141786 0.25366995 0.06736436 0.12691925 0.13964605
 0.08792602 0.09459225 0.02965964 0.10381795 0.07817278 0.03135161
 0.04455681]"|"[0.07056717 0.02851505 0.23823622 0.08816819 0.09316081 0.01704833
 0.02296836 0.01678284 0.07443323]"|2025/2026|True|True
0|4813459|2025-10-25|9|Chelsea|Sunderland|1.0|2.0|0.89|1.31|"[0.04054249 0.11508691 0.01161465 0.02355702 0.19391069 0.02659008
 0.12407792 0.02037636 0.02896729 0.07796901 0.07020701 0.01785584
 0.02667646 0.07308035 0.02742061 0.01707926]"|"[0.05413553 0.04226891 0.04089662 0.73546714 0.09431528 0.02328194
 0.02630328 0.14614379 0.02928577 0.11558658]"|2025/2026|True|True
0|4813463|2025-10-25|9|Newcastle United|Fulham|2.0|1.0|2.14|1.53|"[0.33098477 0.05251222 0.0075579  0.0632166  0.01606527 0.38346279
 0.020391   0.06034475 0.35052249 0.03376446 0.17173472 0.05969365
 0.07488754 0.01945527 0.03719489 0.11026655 0.3648935  0.02205209]"|"[0.02317908 0.09372516 0.04713989 0.03751754 0.05848417 0.07337135
 0.02307421 0.09546671 0.3680504  0.53056943 0.12585847 0.05291221]"|2025/2026|True|True
0|4813462|2025-10-25|9|Manchester United|Brighton & Hove Albion|4.0|2.0|1.29|1.12|"[0.08812295 0.03621161 0.05113224 0.0193366  0.02024106 0.16875783
 0.18146177 0.06280652 0.05081505 0.17560308 0.03326473 0.07995535
 0.31533355]"|"[0.10798369 0.03073844 0.07403094 0.03772178 0.20879011 0.04086066
 0.01569104 0.0456163  0.1269781  0.03662321 0.03940763 0.03421918
 0.02539188 0.02114304 0.11759698 0.14895453 0.00774706]"|2025/2026|True|True
0|4813458|2025-10-25|9|Brentford|Liverpool|3.0|2.0|2.75|2.3|"[0.01230505 0.28595576 0.08380876 0.07305415 0.02225135 0.05197301
 0.04505667 0.01757321 0.67480826 0.08148067 0.10751089 0.07405818
 0.04884484 0.7884     0.17380577 0.0875804  0.12413823]"|"[0.24137685 0.09742509 0.18093413 0.19563584 0.03736263 0.04046537
 0.5970462  0.167478   0.13480358 0.01617731 0.02383134 0.03691791
 0.03648569 0.10953471 0.15386838 0.06740893 0.13156317 0.02949576]"|2025/2026|True|True
0|4813455|2025-10-26|9|AFC Bournemouth|Nottingham Forest|2.0|0.0|0.58|0.37|"[0.06199985 0.02108125 0.09114607 0.03197685 0.08462193 0.03881214
 0.00209625 0.05543433 0.03337361 0.02446736 0.02981526 0.02199836
 0.08109366]"|"[0.03158559 0.02616007 0.05235214 0.01643704 0.08509512 0.06498937
 0.07203113 0.02259816]"|2025/2026|True|True
0|4813456|2025-10-26|9|Arsenal|Crystal Palace|1.0|0.0|0.92|0.45|"[0.03812041 0.0539379  0.02171719 0.09908188 0.21427928 0.05744464
 0.01981321 0.12790978 0.27079877 0.05172446]"|"[0.02909891 0.03784177 0.02066381 0.23864244 0.13734506 0.02516047
 0.00824135]"|2025/2026|True|True
0|4813457|2025-10-26|9|Aston Villa|Manchester City|1.0|0.0|0.81|1.18|"[0.02104162 0.06007065 0.0550261  0.14064851 0.06103744 0.0703732
 0.13051631 0.0361374  0.24756461]"|"[0.03363157 0.15689714 0.05423775 0.09080075 0.0368592  0.04019488
 0.03091715 0.04033039 0.0453977  0.02066721 0.04884413 0.0416096
 0.12552731 0.21481301 0.06835492 0.08163922 0.03267471 0.0202152 ]"|2025/2026|True|True
0|4813464|2025-10-26|9|Wolverhampton Wanderers|Burnley|2.0|3.0|2.28|1.43|"[0.11352447 0.32766891 0.06521671 0.0861079  0.04410736 0.7884
 0.49327669 0.05550555 0.02295891 0.06277239 0.03721585 0.01510294
 0.03434481 0.08138508 0.04914497]"|"[0.01628917 0.05756082 0.10138449 0.56004304 0.08331643 0.0973454
 0.03904702 0.03084357 0.03737773 0.0094358  0.37171236]"|2025/2026|True|True
0|4813460|2025-10-26|9|Everton|Tottenham Hotspur|0.0|3.0|1.74|1.72|"[0.18795595 0.10356521 0.06761063 0.08269014 0.10581302 0.55914354
 0.0379975  0.08432355 0.09929148 0.0360718  0.36060634 0.01364578]"|"[0.29078391 0.04069168 0.12201972 0.47587475 0.10692537 0.26492232
 0.42156452]"|2025/2026|True|True
0|4813465|2025-11-01|10|Brighton & Hove Albion|Leeds United|3.0|0.0|3.07|0.5|"[0.00678778 0.14415105 0.03570639 0.83493525 0.02684786 0.08494152
 0.03729674 0.25071102 0.1723779  0.02630361 0.06525523 0.88405424
 0.36728019 0.13170244]"|[0.06324076 0.19051562 0.02586285 0.13221841 0.08516517]|2025/2026|True|True
0|4813466|2025-11-01|10|Burnley|Arsenal|0.0|2.0|0.42|2.42|[0.02012997 0.27403077 0.05926459]|"[0.87117505 0.1576218  0.05758118 0.27890804 0.30253419 0.24435434
 0.2402498  0.12077522 0.02762095 0.02843614 0.04185817 0.05112452]"|2025/2026|True|True
0|4813467|2025-11-01|10|Crystal Palace|Brentford|2.0|0.0|0.7|0.54|"[0.09764852 0.08454873 0.03171146 0.0274951  0.04635115 0.26795766
 0.05018936 0.04895    0.01915471 0.02571767]"|"[0.05947065 0.16807134        nan 0.12145677 0.12435181 0.05648656
 0.00701071]"|2025/2026|True|True
0|4813468|2025-11-01|10|Fulham|Wolverhampton Wanderers|3.0|0.0|1.39|0.24|"[0.22012188 0.01555321 0.01621165 0.04385733 0.01752653 0.05179654
 0.01500171 0.02446736 0.07021094 0.11170528 0.05661272 0.03301887
 0.04638111 0.12923647 0.37194413 0.09502798 0.0511502  0.02017392
 0.03214075]"|[0.03919568 0.02072441 0.03656755 0.06887686        nan 0.07468356]|2025/2026|True|True
0|4813471|2025-11-01|10|Nottingham Forest|Manchester United|2.0|2.0|1.93|1.12|"[0.07995912 0.1229258  0.01704072 0.05654558 0.02335967 0.02578464
 0.13097148 0.13545413 0.07458283 0.77823967 0.06453267 0.10430478
 0.0550434  0.04174873 0.05947676 0.05049678 0.10782486]"|"[0.15827422 0.03547236 0.04010553 0.12358509 0.02586064 0.077601
 0.02371895 0.12584408 0.01872991 0.0923321  0.02460295 0.02240414
 0.28862801 0.03032445 0.04185817 0.02528442 0.01611796 0.08658966]"|2025/2026|True|True
0|4813473|2025-11-01|10|Tottenham Hotspur|Chelsea|0.0|1.0|0.1|3.68|[0.02328524 0.05167158 0.04282689]|"[0.02973399 0.0192572  0.04748377 0.23111849 0.72990137 0.16156454
 0.03668239 0.43964088 0.03218558 0.51786757 0.01920213 0.0687777
 0.11913936 0.50943786 0.72267932]"|2025/2026|True|True
0|4813469|2025-11-01|10|Liverpool|Aston Villa|2.0|0.0|1.19|0.41|"[0.03353567 0.03027046 0.02453877 0.07496554 0.03177301 0.18925805
 0.05622234 0.05515736 0.13062374 0.02661322 0.13827349 0.10244683
 0.0118287  0.12826273 0.08930745 0.06261132]"|"[0.03552591 0.01551404 0.01546255 0.05998796 0.01490681 0.09215259
 0.01991123 0.04672407 0.07952699 0.02791469]"|2025/2026|True|True
0|4813474|2025-11-02|10|West Ham United|Newcastle United|3.0|1.0|1.75|0.52|"[0.05256256 0.02900464 0.06818226 0.0188937  0.03881105 0.01483005
 0.02441318 0.1664276  0.05251132 0.01835882 0.23746395 0.0349352
 0.17276938 0.94597656 0.88850045]"|"[0.05330576 0.03364199 0.01307286 0.05981453 0.02732331 0.03127316
        nan 0.06064135 0.06146428 0.01541187 0.02855925 0.02812592
 0.05167413]"|2025/2026|True|True
0|4813470|2025-11-02|10|Manchester City|AFC Bournemouth|3.0|1.0|2.22|0.72|"[0.05667993 0.03013782 0.40618733 0.15050504 0.05137627 0.31213978
 0.23846368 0.45046243 0.04076932 0.08097004 0.09343992 0.04970232
 0.0309175  0.14550878 0.07928313]"|"[0.2723282  0.01118581 0.01688657 0.11438628 0.11372711 0.0143336
 0.05311529 0.03230353]"|2025/2026|True|True
0|4813472|2025-11-03|10|Sunderland|Everton|1.0|1.0|1.22|0.89|"[0.02656567 0.04357912 0.02742052 0.1080975  0.03466379 0.02478474
 0.13700697 0.03152004 0.04281256 0.01637815 0.06192418 0.04131576
 0.04917566 0.15998784 0.13041453 0.09428032 0.19468366]"|"[0.02762815 0.14100908 0.03969606 0.10911331 0.02798951 0.05228481
 0.47473708 0.01586061]"|2025/2026|True|True
0|4813483|2025-11-08|11|Tottenham Hotspur|Manchester United|2.0|2.0|0.92|0.63|"[0.03509859 0.0893656  0.01132044 0.30996183 0.0519065  0.01419616
 0.09577488 0.18041076 0.02712215 0.10845327]"|[0.10713647 0.21020477 0.05050021 0.29514486 0.10254632]|2025/2026|True|True
0|4813479|2025-11-08|11|Everton|Fulham|2.0|0.0|1.44|0.4|"[0.14792262 0.18267262 0.03366786 0.03702429 0.04631652 0.04825819
 0.16408406 0.20248452 0.02882838 0.11517444 0.15869662 0.05609671
 0.03504995 0.18296628]"|"[0.03006961 0.06095827 0.17472745 0.01962862 0.01901014 0.01703373
 0.04973182 0.034577  ]"|2025/2026|True|True
0|4813484|2025-11-08|11|West Ham United|Burnley|3.0|2.0|3.02|1.06|"[0.0727673  0.03474059 0.05047647 0.18104777 0.02993618 0.08203207
 0.73697263 0.04088981 0.03259921 0.01838874 0.02641964 0.0415213
 0.75316387 0.03562618 0.98894662]"|"[0.04628785 0.02882047 0.01886262 0.04962119 0.03426874 0.11938796
 0.07048869 0.03050891 0.03934874 0.02124798 0.06999967 0.04814817
 0.04650237 0.03931187 0.01462559 0.38551047]"|2025/2026|True|True
0|4813482|2025-11-08|11|Sunderland|Arsenal|2.0|2.0|0.44|1.91|[0.04659738 0.09227329 0.03666424 0.0605342  0.07804073 0.10938639]|"[0.03568066 0.02313438 0.06131676 0.18878931 0.1592707  0.13404085
 0.08160073 0.10522652 0.22226588 0.15664607 0.06004161 0.04544326
 0.06027234 0.04835333 0.01286422 0.23033209 0.37547758]"|2025/2026|True|True
0|4813477|2025-11-08|11|Chelsea|Wolverhampton Wanderers|3.0|0.0|3.31|0.17|"[0.03942295 0.48753312 0.04100979 0.04371994 0.04772604 0.01358878
 0.01466199 0.13068756 0.0185736  0.09033421 0.0809601  0.62394911
 0.05792661 0.20053068 0.0458615  0.65946877 0.12598096 0.20499803
 0.37272796 0.03247335]"|[0.0276696  0.10048388 0.06886667]|2025/2026|True|True
0|4813475|2025-11-09|11|Aston Villa|AFC Bournemouth|4.0|0.0|1.7|1.61|"[0.00935427 0.03185763 0.01260679 0.14897655 0.05109512 0.04963207
 0.05752039 0.46663126 0.02604979 0.05420768 0.02820704 0.16850218
 0.02444983 0.06600373 0.05924    0.44428805]"|"[0.2260858  0.14326236 0.03084991 0.02853053 0.01427524 0.04470564
 0.05600412 0.02165154 0.11194444 0.05443615 0.7884     0.08978195]"|2025/2026|True|True
0|4813476|2025-11-09|11|Brentford|Newcastle United|3.0|1.0|2.35|0.44|"[0.01528897 0.04513893 0.07863943 0.00925594 0.06405345 0.0559317
 0.17285256 0.26046932 0.05388238 0.03044476 0.7884     0.02875041
 0.36412475 0.34779799 0.03944807]"|[0.05223607 0.2690444  0.02547152 0.01907117 0.05518096]|2025/2026|True|True
0|4813478|2025-11-09|11|Crystal Palace|Brighton & Hove Albion|0.0|0.0|0.75|0.39|"[0.07699963 0.07732639 0.03895215 0.02206054 0.06055315 0.10588308
 0.06849862 0.1153969  0.03573272 0.14613293]"|"[0.09808601 0.01620695 0.03740745 0.06129736 0.09070575 0.03709691
 0.03587053]"|2025/2026|True|True
0|4813481|2025-11-09|11|Nottingham Forest|Leeds United|3.0|1.0|2.55|0.69|"[0.05742657 0.03501643 0.10386006 0.01961666 0.07681619 0.31078503
 0.03139387 0.08892472 0.07358144 0.02897062 0.33433568 0.54793328
 0.7884     0.05388238]"|"[0.09572115 0.03230925 0.02331757 0.13692972 0.0556156  0.04769123
 0.01788918 0.04389177 0.06866017 0.21583134]"|2025/2026|True|True
0|4813480|2025-11-09|11|Manchester City|Liverpool|3.0|0.0|1.51|0.61|"[0.7884     0.1461229  0.04368525 0.05415355 0.01726338 0.03305173
 0.10165203 0.05572806 0.02335311 0.03551663 0.06850432 0.07709964
 0.0468265  0.01893386]"|"[0.04292252 0.01886698 0.06525523 0.04695591 0.28678778 0.02620444
 0.25449267]"|2025/2026|True|True
0|4813488|2025-11-22|12|Burnley|Chelsea|0.0|2.0|0.44|1.72|"[0.02576348 0.02446495 0.04250498 0.09985866 0.03283949 0.01379699
 0.09758192 0.0746884 ]"|"[0.02463332 0.02562289 0.02696347 0.05869356 0.33600542 0.02659108
 0.07535635 0.12455632 0.03552855 0.02201356 0.02887623 0.02904495
 0.03046109 0.13299067 0.7397787 ]"|2025/2026|True|True
0|4813485|2025-11-22|12|AFC Bournemouth|West Ham United|2.0|2.0|4.05|0.65|"[0.15141694 0.0389955  0.22204086 0.02645313 0.01999412 0.02829753
 0.06945548 0.07501227 0.05861194 0.07850983 0.13220167 0.02250556
 0.7884     0.01974113 0.05418362 0.61321461 0.14549787 0.30660453
 0.15236998 0.32330033 0.37483138 0.02311278 0.18634957 0.06220103
 0.0421165  0.01792788 0.04387834 0.02045733]"|[0.03532569 0.02211065 0.35163066 0.10880704 0.11729067]|2025/2026|True|True
0|4813487|2025-11-22|12|Brighton & Hove Albion|Brentford|2.0|1.0|1.22|1.91|"[0.04529198 0.04193272 0.0705976  0.05918007 0.02189386 0.03579637
 0.05161671 0.02241472 0.14584264 0.03337677 0.47452423 0.05948947
 0.10867771 0.04526764]"|"[0.01648497 0.02508288 0.7884     0.01523804 0.02575202 0.05984851
 0.13892511 0.07312042 0.7884     0.04628076]"|2025/2026|True|True
0|4813489|2025-11-22|12|Fulham|Sunderland|1.0|0.0|2.16|0.17|"[0.05470582 0.07524715 0.08070325 0.16777298 0.08516926 0.06039807
 0.03612584 0.02344633 0.02593551 0.08868707 0.03445328 0.02277981
 0.01819018 0.14475346 0.08484314 0.03285258 0.14172389 0.06406751
 0.07256903 0.07646841 0.03249434 0.46900979 0.15483029 0.1105071 ]"|[0.04212866 0.02282124 0.11934194 0.01861988]|2025/2026|True|True
0|4813491|2025-11-22|12|Liverpool|Nottingham Forest|0.0|3.0|1.93|1.58|"[0.2928035  0.1767053  0.01551068 0.17692365 0.17692858 0.03644607
 0.06290811 0.04187443 0.06487253 0.05295727 0.01920925 0.04291823
 0.06321822 0.19419061 0.01535372 0.0267658  0.10003752 0.05009419
 0.12237947 0.04612305 0.15138848]"|"[0.03385197 0.01802672 0.02867315 0.13033448 0.4358913  0.03062828
 0.12863554 0.06573408 0.03945957 0.06774552 0.02883585 0.17008376
 0.18511614 0.02895628 0.21898834]"|2025/2026|True|True
0|4813494|2025-11-22|12|Wolverhampton Wanderers|Crystal Palace|0.0|2.0|1.79|1.27|"[0.0330624  0.09883346 0.6462965  0.04686217 0.09375095 0.00609905
 0.82359201 0.109334  ]"|"[0.36334753 0.04642662 0.05470738 0.10420875 0.05441037 0.28480759
 0.06893928 0.20317008 0.02082821 0.074049  ]"|2025/2026|True|True
0|4813493|2025-11-22|12|Newcastle United|Manchester City|2.0|1.0|2.24|2.49|"[0.19136937 0.28399736 0.17870893 0.78825033 0.10261054 0.13016783
 0.07725993 0.43140978 0.46898189]"|"[0.69361329 0.0313703  0.04669191 0.17816043 0.03835066 0.01956308
 0.65288472 0.31583804 0.07036839 0.05897015 0.07917063 0.04275729
 0.07798421 0.03205976 0.0499793  0.04870026 0.05439822]"|2025/2026|True|True
0|4813490|2025-11-23|12|Leeds United|Aston Villa|1.0|2.0|1.79|1.58|"[0.18835786 0.78648674 0.21197492 0.15305527 0.05795795 0.06491619
 0.09435506 0.01917707 0.18002874 0.04813772 0.09221737 0.0182957
 0.02240193 0.0203582 ]"|"[0.01834931 0.07814538 0.25775081 0.08718468 0.03987439 0.03025131
 0.1251685  0.04626525 0.0968955  0.033564   0.0627462  0.11854422
 0.08676044 0.49567416]"|2025/2026|True|True
0|4813486|2025-11-23|12|Arsenal|Tottenham Hotspur|4.0|1.0|1.93|0.07|"[0.26172653 0.11583513 0.06266511 0.03056619 0.04114714 0.03056619
 0.21560794 0.08629655 0.05428333 0.04618166 0.07477812 0.10111579
 0.0507835  0.01186688 0.34267247 0.18419009 0.21827585]"|[0.0274617  0.02686052 0.01868424]|2025/2026|True|True
0|4813492|2025-11-24|12|Manchester United|Everton|0.0|1.0|1.71|0.21|"[0.04841397 0.03138716 0.05764049 0.12096869 0.02628113 0.0645142
 0.01688144 0.03107228 0.04131009 0.03809141 0.04961924 0.03509859
 0.02568057 0.0809216  0.03171146 0.01923062 0.04067086 0.18181038
 0.17827183 0.02755159 0.10474251 0.06417855 0.02175833 0.20380086
 0.16623776]"|[0.04204978 0.07302299 0.09750292]|2025/2026|True|True
0|4813496|2025-11-29|13|Brentford|Burnley|3.0|1.0|3.06|0.95|"[0.02360747 0.24195704 0.08870278 0.09908139 0.21167685 0.08724794
 0.0544549  0.04761143 0.09109106 0.40106329 0.1712691  0.7884
 0.24173057 0.51485628]"|[0.03444204 0.04226733 0.05126893 0.01518082 0.7884     0.01496326]|2025/2026|True|True
0|4813500|2025-11-29|13|Manchester City|Leeds United|3.0|2.0|3.1|1.54|"[0.25450632 0.32588321 0.11753578 0.11395093 0.02768244 0.02523841
 0.51532596 0.66003001 0.02979171 0.03354092 0.07078645 0.02931226
 0.09011815 0.37702158 0.06311675 0.1342677  0.13272408 0.0972741 ]"|"[0.0579849  0.03702092 0.15092935 0.14387488 0.05514064 0.7884
 0.89059615 0.00842504 0.11799014]"|2025/2026|True|True
0|4813502|2025-11-29|13|Sunderland|AFC Bournemouth|3.0|2.0|1.28|1.7|"[0.08349268 0.05204354 0.03583211 0.03490402 0.7884     0.02108125
 0.02921952 0.03052644 0.02398068 0.17978923 0.07162501 0.12405952]"|"[0.07461113 0.55522168 0.29527557 0.03053749 0.04218196 0.10211975
 0.04419353 0.29073751 0.03476349 0.07497229 0.03646491 0.01850116
 0.06340501 0.03034662 0.03428803 0.05360881 0.05173687 0.03144386]"|2025/2026|True|True
0|4813499|2025-11-29|13|Everton|Newcastle United|1.0|4.0|0.99|1.91|"[0.0432648  0.21351315 0.09348983 0.02364838 0.02435364 0.06907252
 0.37477794 0.07740628 0.02508152 0.04510783]"|"[0.06683491 0.22278284 0.06327979 0.08896324 0.12955989 0.042743
 0.50323659 0.21110834 0.07234789 0.09159795 0.16738051 0.02935149
 0.21606959]"|2025/2026|True|True
0|4813503|2025-11-29|13|Tottenham Hotspur|Fulham|1.0|2.0|0.86|0.45|"[0.0202919  0.05422546 0.07514496 0.05560996 0.03213974 0.02045173
 0.09721721 0.08007032 0.04064823 0.02505327 0.08684512 0.01869773
 0.0836532  0.17442888]"|"[0.06002007 0.06264344 0.06668279 0.04069168 0.0869275  0.09373346
 0.03847302]"|2025/2026|True|True
0|4813498|2025-11-30|13|Crystal Palace|Manchester United|1.0|2.0|1.83|1.19|"[0.02411176 0.12868263 0.14364117 0.03642779 0.07585312 0.12793237
 0.1819535  0.7884     0.08606108 0.015528   0.05966911 0.03939541
 0.05244751 0.05886264]"|"[0.33558217 0.49153402 0.06379312 0.13539453 0.04565581 0.01098603
 0.02612102 0.03163345 0.01785146 0.02790859 0.02615439 0.05140422
 0.06824374 0.02480827]"|2025/2026|True|True
0|4813495|2025-11-30|13|Aston Villa|Wolverhampton Wanderers|1.0|0.0|0.94|0.49|"[0.03259023 0.05398404 0.0309175  0.01535363 0.04629002 0.01785217
 0.08339953 0.01614576 0.050931   0.03735024 0.0575101  0.08662992
 0.30006546 0.02955931 0.05823941 0.02034734]"|"[0.05470683 0.03602644 0.116905   0.04238541 0.04045068 0.01411258
 0.02850993 0.03705132 0.02827162]"|2025/2026|True|True
0|4813501|2025-11-30|13|Nottingham Forest|Brighton & Hove Albion|0.0|2.0|0.89|2.0|"[0.03353823 0.03288268 0.06420194 0.03891477 0.07475472 0.11774762
 0.06851987 0.01108213 0.02089597 0.02396801 0.09366177 0.10593048
 0.07053596 0.01955713 0.03777733 0.01593254 0.02687181 0.01869302
 0.01346783]"|"[0.11577727 0.32864419 0.03772966 0.08874308 0.03598563 0.01805487
 0.01704072 0.07816452 0.09082402 0.08169121 0.02152656 0.05389646
 0.55886149 0.07353829 0.1821136  0.13633788 0.0877988 ]"|2025/2026|True|True
0|4813504|2025-11-30|13|West Ham United|Liverpool|0.0|2.0|0.29|1.24|"[0.01664155 0.05755269 0.03353856 0.02046878 0.01107059 0.10081493
 0.06705827]"|"[0.0434906  0.03691791 0.52049792 0.01729931 0.05710882 0.01692995
 0.16671647 0.0385404  0.3432956 ]"|2025/2026|True|True
0|4813497|2025-11-30|13|Chelsea|Arsenal|1.0|1.0|0.79|1.26|"[0.07080128 0.08999585 0.03012573 0.08118621 0.01614398 0.2433771
 0.05756156 0.03727419 0.11509604 0.02875041 0.02440674]"|"[0.1337202  0.13126245 0.02384789 0.28435525 0.03477006 0.05606318
 0.3095414  0.08992022]"|2025/2026|True|True
0|4813505|2025-12-02|14|AFC Bournemouth|Everton|0.0|1.0|0.5|1.44|[0.12086458 0.11903611 0.15130754 0.08832897 0.02401939]|"[0.02623362 0.02914397 0.17420101 0.03435015 0.36009997 0.00984172
 0.01579413 0.18284968 0.1479426  0.18081243 0.11000524 0.06521279
 0.10312692]"|2025/2026|True|True
0|4813509|2025-12-02|14|Fulham|Manchester City|4.0|5.0|0.91|2.22|"[0.06254759 0.03540495 0.02552795 0.16355374 0.05949529 0.
 0.05291709 0.03722347 0.15821309 0.04597456 0.04307535 0.18652754
 0.04051971]"|"[0.03662321 0.63140631 0.14999495 0.05472893 0.11462374 0.16634411
 0.61659461 0.0571357  0.39127642 0.0421238  0.21484619]"|2025/2026|True|True
0|4813513|2025-12-02|14|Newcastle United|Tottenham Hotspur|2.0|2.0|2.04|0.75|"[0.06453514 0.0468804  0.06114963 0.08957653 0.06460042 0.05432054
 0.01482021 0.03593389 0.18011446 0.21756084 0.03112892 0.01797527
 0.06470374 0.05810079 0.03214804 0.0651271  0.12351716 0.03222933
 0.7884    ]"|"[0.02978823 0.14996676 0.02471318 0.08153086 0.02499815 0.24528639
 0.06165383 0.09092761]"|2025/2026|True|True
0|4813506|2025-12-03|14|Arsenal|Brentford|2.0|0.0|1.77|0.35|"[0.02453248 0.19484837 0.04274558 0.03957202 0.09354103 0.03170026
 0.08861867 0.06310639 0.06300335 0.02885916 0.4062438  0.01992646
 0.12125905 0.36780524 0.23705432]"|[0.0133531  0.02928514 0.17967758 0.01320991 0.05150798 0.02085026]|2025/2026|True|True
0|4813507|2025-12-03|14|Brighton & Hove Albion|Aston Villa|3.0|4.0|2.21|2.41|"[0.62210029 0.31677216 0.06451906 0.05939807 0.08440413 0.13781345
 0.06621033 0.06408695 0.09411335 0.04101842 0.08204386 0.06218302
 0.01739935 0.03897778 0.35764086 0.0969146 ]"|"[0.06678934 0.066398   0.0755535         nan 0.02203698 0.52679229
 0.27343106 0.20356424 0.3582812  0.060149   0.15305683 0.01937949
 0.35301521 0.31777415 0.02153888]"|2025/2026|True|True
0|4813508|2025-12-03|14|Burnley|Crystal Palace|0.0|1.0|0.95|0.59|"[0.06077465 0.03109005 0.05620953 0.09546671 0.02035881 0.07359681
 0.17061365 0.16186653 0.19438046 0.06182882 0.02754629]"|[0.17641781 0.38817766 0.10952548]|2025/2026|True|True
0|4813514|2025-12-03|14|Wolverhampton Wanderers|Nottingham Forest|0.0|1.0|0.91|0.74|[0.01756053 0.69650143 0.04427672 0.03215946 0.09178635]|"[0.03145673 0.05471623 0.03595464 0.24818003 0.02861336 0.04144862
 0.03219195 0.06071059 0.09202882 0.11834743]"|2025/2026|True|True
0|4813510|2025-12-03|14|Leeds United|Chelsea|3.0|1.0|2.79|0.96|"[0.06677021 0.03076169 0.06929787 0.01468105 0.08849029 0.11192155
 0.09712863 0.02700678 0.0069919  0.10036276 0.02239544 0.441479
 0.3177453  0.29585525 0.98862106 0.04989624 0.05658245]"|"[0.07366429 0.04941065 0.04209329 0.03872265 0.06231996 0.01676521
 0.15898423 0.1580511  0.04203277 0.06261132 0.08625905 0.03297567
 0.06042245 0.07735869]"|2025/2026|True|True
0|4813511|2025-12-03|14|Liverpool|Sunderland|1.0|1.0|1.64|0.42|"[0.01494214 0.01362428 0.53039044 0.03509859 0.02160458 0.0199087
 0.01747005 0.05302475 0.05200435 0.02335765 0.02570662 0.01320433
 0.01535363 0.06013877 0.09764246 0.06041753 0.07230917 0.0544688
 0.0969146  0.02794439 0.04325547 0.02203867 0.07693446]"|"[0.01663696 0.0627552  0.0356814  0.02749358 0.01933765 0.03378985
 0.02280618 0.0202919  0.         0.18204457]"|2025/2026|True|True
0|4813512|2025-12-04|14|Manchester United|West Ham United|1.0|1.0|1.8|0.79|"[0.04795527 0.01428398 0.56611603 0.09624036 0.05099928 0.05522237
 0.03885401 0.02208587 0.0466578  0.00952093 0.26752558 0.03041978
 0.16924794 0.01267106 0.04777767 0.10466881 0.27206653]"|"[0.1155859  0.04755263 0.03143956 0.04423106 0.07241579 0.0418496
 0.02988185 0.03418204 0.14629708 0.239732   0.04965796]"|2025/2026|True|True
0|4813516|2025-12-06|15|Aston Villa|Arsenal|2.0|1.0|2.16|1.92|"[0.57542396 0.14538977 0.04001877 0.10584618 0.12391321 0.04803845
 0.08856963 0.19310325 0.0397717  0.03291074 0.0145377  0.31201833
 0.37136683 0.08844223 0.09895224]"|"[0.06365336 0.0747646  0.40636778 0.01905546 0.32020503 0.0741992
 0.02168112 0.12725343 0.31232798 0.04997017 0.06783491 0.02525702
 0.07642074 0.23300549 0.05136313]"|2025/2026|True|True
0|4813515|2025-12-06|15|AFC Bournemouth|Chelsea|0.0|0.0|1.42|0.92|"[0.06210307 0.0463434  0.03723549 0.03494578 0.87734115 0.02431851
 0.01737939 0.03688905 0.11963736 0.01710057 0.16619341 0.02691429
 0.03436915]"|"[0.04856315 0.14431629 0.04690978 0.02090361 0.07966573 0.225045
 0.07247941 0.04727628 0.16192202 0.04858406 0.02757565]"|2025/2026|True|True
0|4813518|2025-12-06|15|Everton|Nottingham Forest|3.0|0.0|1.12|0.53|"[0.04382609 0.08323622 0.35646063 0.06486531 0.04687591 0.11438695
 0.10261054 0.09433178 0.02107897 0.10054416 0.08764663]"|"[       nan 0.03350294 0.04366045 0.03662334 0.07169257 0.02921134
 0.28871384 0.0304521 ]"|2025/2026|True|True
0|4813521|2025-12-06|15|Manchester City|Sunderland|3.0|0.0|2.42|0.71|"[0.02576348 0.03996893 0.27837232 0.0186577  0.02772631 0.17451257
 0.01502389 0.10294186 0.03919568 0.17967916 0.08802418 0.42936531
 0.08966512 0.35984561 0.28179294 0.13121016 0.10196578 0.04373953]"|"[0.01880595 0.05268198 0.39275458 0.0807581  0.05051722 0.06102607
 0.03618896 0.01591336]"|2025/2026|True|True
0|4813522|2025-12-06|15|Newcastle United|Burnley|2.0|1.0|1.77|1.61|"[0.20555091 0.01324181 0.02928831 0.03862308 0.00579471 0.04203596
 0.10228877 0.07791768 0.09883346 0.7884     0.02259029 0.09147907
 0.10511815 0.01250943 0.02434746 0.06627287 0.04291461]"|"[0.13227051 0.01967314 0.07386602 0.02546247 0.05414747 0.23589374
 0.04539868 0.7884     0.22757784]"|2025/2026|True|True
0|4813523|2025-12-06|15|Tottenham Hotspur|Brentford|2.0|0.0|2.18|0.29|"[0.0540535  0.09347905 0.01744114 0.86443001 0.0285113  0.02366362
 0.12425193 0.13898183 0.03457192 0.29125619 0.05915829 0.0265672
 0.10065504 0.29907116 0.0273843 ]"|[0.05534218 0.01347521 0.09420555 0.06746995]|2025/2026|True|True
0|4813520|2025-12-06|15|Leeds United|Liverpool|3.0|3.0|1.51|1.91|"[0.04811723 0.03245206 0.08037796 0.05471623 0.07514971 0.03897681
 0.7884     0.15114656 0.02878588 0.03397859 0.07692621 0.1696143 ]"|"[0.02419575 0.03107674 0.01913238 0.03899405 0.04822405 0.0500956
 0.05447776 0.08404551 0.2107814  0.48196509 0.37784392 0.06566914
 0.04803837 0.03847244 0.49277619 0.0286508 ]"|2025/2026|True|True
0|4813517|2025-12-07|15|Brighton & Hove Albion|West Ham United|1.0|1.0|1.87|1.14|"[0.02006019 0.01473232 0.01570367 0.54298639 0.04055961 0.11228472
 0.01689776 0.04726869 0.02779005 0.32232675 0.01461752 0.13480358
 0.01541187 0.02555242 0.05449051 0.06209897 0.02520921 0.11239439
 0.07797581 0.03071516 0.08274908 0.07267613]"|"[0.0810788  0.03559639 0.01749632 0.21469767 0.05008547 0.03357083
 0.04892246 0.01662804 0.06489786 0.27702999 0.06856928 0.11430236
 0.05998796 0.18192285]"|2025/2026|True|True
0|4813519|2025-12-07|15|Fulham|Crystal Palace|1.0|2.0|0.76|1.65|"[0.06457667 0.02863756 0.04327255 0.20849204 0.09295354 0.10985304
 0.02738099 0.01021961 0.02542148 0.02863768 0.02589693 0.09127581]"|"[0.03558721 0.33699146 0.25279886 0.11803543 0.05639151 0.0150306
 0.10830316 0.25638214 0.13236348 0.15941218 0.2223132 ]"|2025/2026|True|True
0|4813524|2025-12-08|15|Wolverhampton Wanderers|Manchester United|1.0|4.0|0.41|4.24|"[0.01620695 0.05443357 0.36637127 0.02442439 0.04485614 0.01363069
 0.03563767 0.02599662]"|"[0.20274025 0.03507554 0.01503622 0.04662532 0.01431731 0.04307488
 0.03178526 0.01214882 0.11677409 0.1717753  0.1877823  0.07152782
 0.08358935 0.03690724 0.06930459 0.11254477 0.01586061 0.10744129
 0.94880414 0.03891737 0.15618762 0.51676267 0.0180855  0.24248254
 0.16089579 0.05340777 0.7884    ]"|2025/2026|True|True
0|4813528|2025-12-13|16|Chelsea|Everton|2.0|0.0|2.2|1.03|"[0.05166011 0.49308565 0.03217531 0.09895845 0.07600591 0.02433934
 0.0153762  0.01726338 0.30843854 0.22187626 0.25836885 0.14064851
 0.24976972 0.05573785 0.03779611 0.06336251 0.05296386]"|"[0.02951543 0.0251654  0.04425946 0.0364758  0.32801691 0.02117352
 0.01372575 0.34253684 0.07138682 0.08795048 0.04107438]"|2025/2026|True|True
0|4813530|2025-12-13|16|Liverpool|Brighton & Hove Albion|2.0|0.0|1.89|1.9|"[0.20806742 0.09430917 0.06470974 0.04830737 0.07096072 0.01773243
 0.06851613 0.05470914 0.07317169 0.03610286 0.04306942 0.0261539
 0.0447121  0.08625472 0.18054764 0.28088176 0.15401229 0.33384794]"|"[0.01887642 0.03121258 0.02040809 0.58076608 0.05479998 0.13791777
 0.10427867 0.45737591 0.0465512  0.18680358 0.03809879 0.07709964
 0.09932067 0.04667057]"|2025/2026|True|True
0|4813527|2025-12-13|16|Burnley|Fulham|2.0|3.0|2.46|2.23|"[0.05032783 0.26709503 0.61777306 0.04975992 0.36569598 0.0807472
 0.02730057 0.07853998 0.11571975 0.1062815  0.11131451 0.03654737
 0.05219496 0.06287476 0.06916533 0.39358029]"|[0.69836682 0.39154997 0.44356626 0.05779646 0.18178634 0.18943912]|2025/2026|True|True
0|4813525|2025-12-13|16|Arsenal|Wolverhampton Wanderers|2.0|1.0|1.39|0.31|"[0.18908624 0.08454873 0.03199899 0.15290399 0.03608333 0.06557972
 0.05158458 0.08946437 0.0536735  0.03483803 0.02396415 0.08451235
 0.04462537 0.03086114 0.03428803 0.12372961]"|[0.14833374 0.07579793        nan 0.08764663 0.        ]|2025/2026|True|True
0|4813529|2025-12-14|16|Crystal Palace|Manchester City|0.0|3.0|1.88|1.19|"[0.13892542 0.47084901 0.06970899 0.06514331 0.15464789 0.02183929
 0.04868253 0.03849705 0.09291717 0.16874591 0.08440413 0.16361469
 0.11118007 0.05200228 0.02524741 0.17626712]"|"[0.03563927 0.18819575 0.04875065 0.0533906  0.0920321  0.7884
 0.03243039]"|2025/2026|True|True
0|4813532|2025-12-14|16|Nottingham Forest|Tottenham Hotspur|3.0|0.0|2.32|0.33|"[0.09242518 0.17979141 0.08695615 0.07102537 0.82689548 0.54117197
 0.12936263 0.0214722  0.0809216  0.02721469 0.03420909 0.03797224
 0.10873976 0.06175749 0.03413242]"|[0.06337178 0.04951404 0.03446762 0.05327634 0.1065779  0.0265978 ]|2025/2026|True|True
0|4813533|2025-12-14|16|Sunderland|Newcastle United|1.0|0.0|0.3|0.24|[0.0776174  0.02598088 0.13193241 0.02853813 0.03180309]|"[0.01899759        nan 0.02406003 0.05981453 0.02300955 0.09624181
 0.02001802]"|2025/2026|True|True
0|4813534|2025-12-14|16|West Ham United|Aston Villa|2.0|3.0|1.03|0.63|"[0.12919626 0.         0.04089055 0.65078479 0.02335311 0.01123468
 0.00986019 0.03465344 0.03631397 0.0486471  0.04044027]"|"[0.03863777 0.46284795 0.05358344 0.03610859 0.0193994  0.02757239
 0.08900137]"|2025/2026|True|True
0|4813526|2025-12-14|16|Brentford|Leeds United|1.0|1.0|0.72|1.52|"[0.05405895 0.03931866 0.13767792 0.04239757 0.22053148 0.03198079
 0.09213798]"|"[0.0191412  0.06360941 0.21857026 0.21162418 0.05249303 0.03417892
 0.04327255 0.02544196 0.05483291 0.03679783 0.05646833 0.06390997
 0.06445246 0.02955782 0.0875804  0.03400324 0.3902182  0.0316115 ]"|2025/2026|True|True
0|4813531|2025-12-15|16|Manchester United|AFC Bournemouth|4.0|4.0|3.4|1.94|"[0.03884964 0.01697184 0.04151485 0.06635197 0.1494814  0.09228156
 0.02886965 0.96775556 0.09430917 0.04240267 0.02015114 0.08569228
 0.21955964 0.16170052 0.05120938 0.10308911 0.19248468 0.08935659
 0.02345343 0.13986818 0.04070441 0.07258848 0.63103467 0.01137719
 0.01690644]"|"[0.14434813 0.62378293 0.02875041 0.03030351 0.12636948 0.09423379
 0.01993888 0.28632095 0.11998623 0.02699874 0.22724058 0.16802067
 0.02201542 0.10878876]"|2025/2026|True|True
0|4813542|2025-12-20|17|Newcastle United|Chelsea|2.0|2.0|2.31|1.22|"[0.44276163 0.41583526 0.5094465  0.22754018 0.02713418 0.50638074
 0.00841227 0.03251744 0.03862051 0.18729551 0.09375399]"|"[0.03231245 0.08180462 0.04569886 0.06906782 0.04184936 0.10964552
 0.12183969 0.48789415 0.0482051  0.04661163 0.04924962 0.0438189
 0.0412523 ]"|2025/2026|True|True
0|4813535|2025-12-20|17|AFC Bournemouth|Burnley|1.0|1.0|1.41|0.38|"[0.08036547 0.04927662 0.04003517 0.0361526  0.03624577 0.02056428
 0.0697933  0.04013942 0.0701289  0.03398174 0.48944673 0.03033987
 0.05020674 0.02433934 0.31755731 0.01947794]"|[0.02769465 0.02951697 0.02402463 0.30115265]|2025/2026|True|True
0|4813537|2025-12-20|17|Brighton & Hove Albion|Sunderland|0.0|0.0|1.13|1.38|"[0.01632625 0.0525206  0.09402949 0.02582308 0.17086887 0.06300335
 0.06795369 0.03975658 0.07232498 0.03548529 0.19343989 0.06244868
 0.05418983 0.06035712 0.02150967 0.09781148]"|"[0.02121364 0.22273518 0.03941497 0.09659376 0.12079762 0.10892101
 0.08099984 0.11766059 0.22730413 0.0812066  0.03781227 0.16185434
 0.04490213 0.03210002]"|2025/2026|True|True
0|4813541|2025-12-20|17|Manchester City|West Ham United|3.0|0.0|2.1|0.98|"[0.02996046 0.15696137 0.19386312 0.06619155 0.21305193 0.01669335
 0.01186108 0.12695764 0.13847426 0.1103268  0.05709087 0.49593255
 0.02242825 0.26278621 0.01738547 0.09918483 0.11090552]"|"[0.14127803 0.15060665 0.40094569 0.12129965 0.07795928 0.03511138
 0.21453688]"|2025/2026|True|True
0|4813544|2025-12-20|17|Wolverhampton Wanderers|Brentford|0.0|2.0|1.27|1.28|"[0.09056191 0.00879301 0.191873   0.03621715 0.00986773 0.05531815
 0.02048445 0.06676489 0.7884    ]"|"[0.15980779 0.23537076 0.1782867  0.1279674  0.09638862 0.29975581
 0.24989899]"|2025/2026|True|True
0|4813543|2025-12-20|17|Tottenham Hotspur|Liverpool|1.0|2.0|1.07|0.66|"[0.11206745 0.04309245 0.04311734 0.02254029 0.27283862 0.10310653
 0.01274486 0.00951497 0.06246413 0.03030206 0.13332881 0.09733877
 0.03424404 0.05559725 0.0351675 ]"|"[0.12101432 0.08539179 0.02063979 0.03175467 0.0279754  0.08301235
 0.25553703 0.03691295]"|2025/2026|True|True
0|4813538|2025-12-20|17|Everton|Arsenal|0.0|1.0|0.2|2.0|[0.05180446 0.09915154 0.01895629 0.01151905 0.01227563]|"[0.09337556 0.0558874  0.7884     0.02357341 0.06892162 0.0555937
 0.17196488 0.02957939 0.28555578 0.457605   0.04762452 0.03213803
 0.02387961]"|2025/2026|True|True
0|4813540|2025-12-20|17|Leeds United|Crystal Palace|4.0|1.0|2.67|1.57|"[0.00741773 0.05707068 0.07234789 0.09568463 0.15425594 0.62757838
 0.85448194 0.03628641 0.06054179 0.01783733 0.33922812 0.025108
 0.10907317 0.1275387  0.06423919 0.19923285 0.29421666 0.03764306
 0.01256154 0.07653833]"|"[0.09435506 0.03566956 0.03737031 0.05233634 0.06078995 0.06739353
 0.06695329 0.7884     0.36939964]"|2025/2026|True|True
0|4813536|2025-12-21|17|Aston Villa|Manchester United|2.0|1.0|1.54|1.33|"[0.10983884 0.15308525 0.02695848 0.91129726 0.04080376 0.02759969
 0.02897563 0.06700949 0.03337461 0.01207287 0.03530255 0.06018737]"|"[0.03430997 0.32161656 0.03739659 0.10456529 0.15910965 0.03605954
 0.01843141 0.0289032  0.05727236 0.01690644 0.39186782 0.05981453
 0.00853023 0.01896594 0.04038458]"|2025/2026|True|True
0|4813539|2025-12-22|17|Fulham|Nottingham Forest|1.0|0.0|1.5|0.67|"[0.04470547 0.0253808  0.04218416 0.03849487 0.02920214 0.03602105
 0.09265644 0.11047282 0.7884     0.02670359 0.31076214]"|"[0.03772178 0.20804101 0.03163151 0.00720799 0.01586842 0.01903733
 0.16163835 0.02491485 0.10929853 0.01451136 0.0216771  0.01607909]"|2025/2026|True|True
0|4813551|2025-12-26|18|Manchester United|Newcastle United|1.0|0.0|1.27|1.18|"[0.21201852 0.11267029 0.01808124 0.06921692 0.05566011 0.03521299
 0.02264934 0.16693991 0.49935651 0.07873458]"|"[0.05840138 0.03413263 0.02852425 0.0999121  0.03576867 0.03818579
 0.06630737 0.01386545 0.07184274 0.07796901 0.13900374 0.08971132
 0.12778257 0.1065779  0.1586249  0.03140675]"|2025/2026|True|True
0|4813552|2025-12-27|18|Nottingham Forest|Manchester City|1.0|2.0|0.55|1.45|"[0.02519652 0.01593401 0.29564908 0.06933815 0.03500832 0.07933832
 0.07622879]"|"[0.05722422 0.08449812 0.07369414 0.03944133 0.01975209 0.09796263
 0.41309711 0.08777849 0.04253889 0.03726754 0.08760192 0.24040209
 0.01440539 0.08284418 0.03960246 0.03428147]"|2025/2026|True|True
0|4813545|2025-12-27|18|Arsenal|Brighton & Hove Albion|2.0|1.0|3.08|0.85|"[0.2996251  0.08499108 0.06135039 0.10708428 0.04343969 0.11055693
 0.0634931  0.15707475 0.01418015 0.05055541 0.10597192 0.24611045
 0.08683787 0.42170262 0.44721794 0.10375961 0.05324345 0.03423304
 0.05882274 0.02338864 0.02136054 0.48663577 0.03570642 0.14819406]"|"[0.07890821        nan 0.04689997 0.02511823 0.12162717 0.12028281
 0.14098662 0.08365393 0.23224789]"|2025/2026|True|True
0|4813546|2025-12-27|18|Brentford|AFC Bournemouth|4.0|1.0|3.66|2.72|"[0.0624703  0.34833008 0.16316697 0.02270989 0.21451867 0.30427858
 0.26132894 0.01963362 0.06447034 0.06777601 0.58010167 0.77502668
 0.02562286 0.11216101 0.53321612]"|"[0.03279447 0.03483665        nan 0.09781148 0.25965151 0.05546206
 0.03423841 0.02568507 0.15962303 0.33017346 0.67984444 0.01631468
 0.1021787  0.01941036 0.05260051 0.56548864 0.11421324 0.02675141
 0.03052644 0.0294694  0.0488844 ]"|2025/2026|True|True
0|4813547|2025-12-27|18|Burnley|Everton|0.0|0.0|1.41|0.85|"[0.03597983 0.02179951 0.33971426 0.05003871 0.05607503 0.03574881
 0.48806968 0.05425675 0.01993701 0.02922264 0.05773704 0.04453844
 0.05769869 0.07332042 0.02386507 0.02258425]"|"[0.02986307 0.02019432 0.05399575 0.06453514 0.04955338 0.06265111
 0.22656502 0.01623863 0.05437634 0.08271967 0.03162893 0.03480689
 0.07025258 0.02899625 0.02212964]"|2025/2026|True|True
0|4813550|2025-12-27|18|Liverpool|Wolverhampton Wanderers|2.0|1.0|1.54|1.07|"[0.12964991 0.03298781 0.09775224 0.02812413 0.01851979 0.0298137
 0.12870379 0.66277331 0.08278909 0.100415   0.0809661  0.02785661
 0.09198382 0.03130895]"|"[0.04849629 0.03056483 0.0080329  0.07167154 0.1520282  0.75403571
 0.01960756 0.14092031 0.05238714]"|2025/2026|True|True
0|4813554|2025-12-27|18|West Ham United|Fulham|0.0|1.0|0.91|1.62|"[0.03607379 0.02459362 0.13772629 0.05468073 0.09843577 0.02341501
 0.03459704 0.13122918 0.19808219 0.12430605 0.04820089]"|"[0.06261132 0.03823275 0.07301514 0.0360866  0.07995912 0.02029974
 0.14938574 0.02946111 0.03555254 0.02645313 0.02755585 0.16802067
 0.06797192 0.01971112 0.05922891 0.22634658 0.50447428]"|2025/2026|True|True
0|4813548|2025-12-27|18|Chelsea|Aston Villa|1.0|2.0|2.14|1.19|"[0.05897015 0.10295973 0.05646084 0.09488678 0.45684096 0.09774046
 0.0570426  0.92994684 0.0548824  0.05700024 0.02466279 0.06450428
 0.05953099 0.02819801]"|"[0.02678001 0.01961333 0.17726797 0.20177056 0.26466998 0.11625919
 0.06740195 0.03507935 0.19925302 0.04418521 0.09519369]"|2025/2026|True|True
0|4813553|2025-12-28|18|Sunderland|Leeds United|1.0|1.0|0.7|2.17|"[0.01644397 0.00997884 0.1019449  0.21604143 0.19522752 0.03959898
 0.07708564 0.04498889]"|"[0.09781148 0.13484952 0.07102537 0.01951301 0.13509154 0.03611114
 0.3955853  0.42588973 0.13809131 0.06476609 0.19578519 0.04076175
 0.05283536 0.0190747  0.08575767 0.2079878  0.0460743 ]"|2025/2026|True|True
0|4813549|2025-12-28|18|Crystal Palace|Tottenham Hotspur|0.0|1.0|1.47|0.88|"[0.05351359 0.04597818 0.01919781 0.24009769 0.09162337 0.03300395
 0.03279616 0.07561625 0.020976   0.02703873 0.37808567 0.14200914
 0.22539818 0.01778245 0.06751141]"|"[0.01103478 0.25828066 0.32575068 0.01571394 0.11551203 0.07958766
 0.03589612 0.03878989]"|2025/2026|True|True
0|4813557|2025-12-30|19|Burnley|Newcastle United|1.0|3.0|1.09|2.31|"[0.05418777 0.03325029 0.09935038 0.04711669 0.04040431 0.0575101
 0.01903335 0.01992302 0.10374258 0.12666366 0.12705581 0.18301053
 0.05360359 0.02937339 0.10547645]"|"[0.06028027 0.04406447 0.56715745 0.38543099 0.68209827 0.18280265
 0.04538571 0.03815233 0.05219496 0.03030527 0.2874192  0.04046829
 0.02742061 0.01401961 0.04944576 0.02470002 0.16150182 0.28539863
 0.02700891 0.06832696]"|2025/2026|True|True
0|4813558|2025-12-30|19|Chelsea|AFC Bournemouth|2.0|2.0|2.31|3.14|"[0.7884     0.24488546 0.0380816  0.05475204 0.06067879 0.03057927
 0.05606318 0.0224035  0.08984916 0.31503233 0.03308859 0.06365336
 0.02083593 0.03662149 0.17605086 0.05712143 0.22428699]"|"[0.01011413 0.03112337 0.25156549 0.54043806 0.03961078 0.04145658
 0.54501915 0.05279323 0.03932539 0.82489538 0.11931629 0.02787552
 0.22080754 0.02517771 0.07561625 0.05418777 0.23879705]"|2025/2026|True|True
0|4813562|2025-12-30|19|Nottingham Forest|Everton|0.0|2.0|1.55|1.26|"[0.0279754  0.03994508 0.03829442 0.13433081 0.03251767 0.02456192
 0.07092439 0.03398748 0.02753456 0.02048478 0.04444428 0.09598897
 0.15584752 0.06604458 0.02452948 0.26757357 0.20644914 0.03537408
 0.08799089 0.03739046 0.08132834]"|"[0.03285838 0.08744603 0.1117678  0.05669511 0.04665748 0.02248856
 0.27209729 0.04484238 0.04098403 0.02519385 0.51650733]"|2025/2026|True|True
0|4813564|2025-12-30|19|West Ham United|Brighton & Hove Albion|2.0|2.0|2.06|2.94|"[0.51658636 0.13332684 0.03172256 0.04581945 0.2217972  0.7884
 0.11805705 0.01182382 0.0907844  0.11884917]"|"[0.04720479 0.05966911 0.05431501 0.02512019 0.04013292 0.7884
 0.7884     0.01959077 0.62875623 0.05738773 0.10188477 0.08202077
 0.15364236 0.02587099 0.03339805 0.03565534]"|2025/2026|True|True
0|4813555|2025-12-30|19|Arsenal|Aston Villa|4.0|1.0|3.04|2.52|"[0.11002549 0.07030714 0.02815479 0.08282983 0.03412568 0.04109452
 0.09181004 0.40770528 0.54190177 0.20111573 0.05504125 0.07019844
 0.06716153 0.09318538 0.08804351 0.08924152 0.28817797 0.07069805
 0.11511939 0.04198119 0.02196839 0.43375158]"|"[0.34326735 0.00903305 0.13121572 0.01038348 0.10932577 0.11302799
 0.86576891 0.10794473 0.8536045  0.77955025 0.06161359]"|2025/2026|True|True
0|4813561|2025-12-30|19|Manchester United|Wolverhampton Wanderers|1.0|1.0|0.84|1.16|"[0.02478663 0.08760968 0.05644701 0.04703612 0.1225767  0.05683854
 0.04377308 0.09026995 0.01885854 0.02750948 0.0281099  0.05786376
 0.05576314 0.08529931 0.03475004]"|"[0.06700949 0.05717199 0.13739775 0.08485328 0.04029185 0.06658035
 0.02135993 0.24982604 0.51764369 0.0330111  0.01974113]"|2025/2026|True|True
0|4813559|2026-01-01|19|Crystal Palace|Fulham|1.0|1.0|1.93|1.76|"[0.36915192 0.04578149 0.71141833 0.0902117  0.02128411 0.04087011
 0.03494937 0.22848636 0.04920618 0.28226516 0.03991601]"|"[0.33443913 0.01824649 0.09402835 0.04843041 0.02477958 0.02666596
 0.12388828 0.02467513 0.05418983 0.1083778  0.08072689 0.03222208
 0.04978216 0.13097849 0.03673054 0.35966465 0.21364571]"|2025/2026|True|True
0|4813560|2026-01-01|19|Liverpool|Leeds United|0.0|0.0|2.08|0.69|"[0.03267471 0.08688834 0.37335661 0.18816867 0.01802665 0.02488206
 0.78209871 0.08289881 0.04834932 0.09366789 0.0353261  0.01549584
 0.07387055 0.133867   0.02137602 0.01416943 0.02804536 0.02081664
 0.03655464]"|[0.01549665 0.49782151 0.109232   0.07208144]|2025/2026|True|True
0|4813556|2026-01-01|19|Brentford|Tottenham Hotspur|0.0|0.0|0.92|0.86|"[0.10350285 0.02511116 0.05521217 0.21607462 0.07488883 0.2513414
 0.19762397]"|"[0.10708569 0.14407733 0.10300491 0.10320578 0.05089566 0.01272308
 0.15861379 0.05270258 0.1300091 ]"|2025/2026|True|True
0|4813563|2026-01-01|19|Sunderland|Manchester City|0.0|0.0|0.88|2.24|"[0.27314854 0.08768489 0.04696226 0.14110482 0.01786524 0.07563002
 0.02445392 0.12778468 0.07748735 0.0108945 ]"|"[0.03536504 0.23230891 0.34103703 0.08503489 0.09041959 0.47844577
 0.06552409 0.23061533 0.23146486 0.17544742 0.05062405 0.12504549
 0.04007187 0.0683476 ]"|2025/2026|True|True
0|4813566|2026-01-03|20|Aston Villa|Nottingham Forest|3.0|1.0|1.59|0.89|"[0.61329693 0.05892761 0.08628967 0.03976262 0.09592913 0.04460637
 0.07857804 0.10135035 0.09256338 0.02008327 0.46034151]"|"[0.01505537 0.03007779 0.01055731 0.01222912 0.01353268 0.21092092
 0.39727452 0.01149662 0.09607525 0.0893347 ]"|2025/2026|True|True
0|4813567|2026-01-03|20|Brighton & Hove Albion|Burnley|2.0|0.0|1.45|0.3|"[0.25070211 0.04361592 0.06159046 0.02610121 0.0195135  0.06700164
 0.07778319 0.01980375 0.12022453 0.0330111  0.14259198 0.46592093
 0.01946203 0.04732552 0.05470965]"|[0.05810228 0.12631953 0.02395992 0.0363194  0.03694062]|2025/2026|True|True
0|4813574|2026-01-03|20|Wolverhampton Wanderers|West Ham United|3.0|0.0|1.87|0.25|"[0.5730505  0.7884     0.20221585 0.02280783 0.01761572 0.03554188
 0.03063343 0.12746178 0.02016452 0.03584456 0.01632101]"|[0.01877692 0.15090403 0.03637869 0.0611239  0.02897103 0.02303674]|2025/2026|True|True
0|4813565|2026-01-03|20|AFC Bournemouth|Arsenal|2.0|3.0|1.43|1.13|"[0.72772378 0.02237248 0.11438077 0.03349802 0.02784567 0.11582939
 0.0349253  0.0622679  0.03783874 0.02371874 0.07505638 0.02197729
 0.02792399 0.02496226 0.01378755]"|"[0.0273637  0.0722982  0.1900332  0.16798453 0.0311571  0.0966885
 0.43295059 0.01751304 0.02081168 0.03424335 0.01756641 0.02133386]"|2025/2026|True|True
0|4813570|2026-01-04|20|Leeds United|Manchester United|1.0|1.0|0.9|1.58|"[0.11453925 0.00389902 0.01450473 0.02459406 0.16499515 0.0150039
 0.29504713 0.13081688 0.07517482 0.0419726  0.01848838]"|"[0.01820406 0.11864594 0.00926086 0.02184318 0.07074238 0.02797588
 0.31172779 0.06907361 0.02101935 0.05981453 0.08829123 0.35471541
 0.05839698 0.32882303 0.02638347]"|2025/2026|True|True
0|4813568|2026-01-04|20|Everton|Brentford|2.0|4.0|0.89|2.66|"[0.03836527 0.21478868 0.09990785 0.019166   0.07723229 0.04540707
 0.03067202 0.0751358  0.04860163 0.01414949 0.04394351 0.03152804
 0.05686285 0.09399457]"|"[0.46163142 0.08363416 0.07260454 0.19034061 0.36453372 0.2776953
 0.40593871 0.21330805 0.01064748 0.17004377 0.40585139]"|2025/2026|True|True
0|4813572|2026-01-04|20|Newcastle United|Crystal Palace|2.0|0.0|2.08|0.7|"[0.14518403 0.20275262 0.04714829 0.05922002 0.1512205  0.0558022
 0.263935   0.02175287 0.46137488 0.02064598 0.38917994 0.42689753]"|"[0.03677339 0.03940432 0.04645955 0.02788533 0.13450843 0.11084041
 0.17587781 0.0438989  0.04079009 0.02589099 0.04150519]"|2025/2026|True|True
0|4813573|2026-01-04|20|Tottenham Hotspur|Sunderland|1.0|1.0|1.18|0.44|"[0.01242259 0.01535372 0.04019341 0.03767176 0.05409108 0.14043565
 0.46478185 0.13031311 0.02686944 0.03452418 0.13616399 0.05577559
 0.03257424]"|"[0.03091431 0.02270254 0.06351852 0.03327991 0.05197586 0.01273184
 0.06458918 0.08877978 0.02070236 0.02207158]"|2025/2026|True|True
0|4813569|2026-01-04|20|Fulham|Liverpool|2.0|2.0|0.74|1.37|"[0.14976439 0.07306322 0.06960303 0.0626834  0.02703934 0.20203009
 0.10930675 0.03006464]"|"[0.05256563 0.034557   0.09339667 0.25672224 0.05253809 0.05586305
 0.3942391  0.01696181 0.05464277 0.36005199]"|2025/2026|True|True
0|4813571|2026-01-04|20|Manchester City|Chelsea|1.0|1.0|1.02|1.85|"[0.15323596 0.10005616 0.06721293 0.05878198 0.08787296 0.09290577
 0.02862724 0.04866629 0.08835182 0.08396567 0.12904936 0.03420909
 0.02891348 0.01549158]"|"[0.19115268 0.40215221 0.04636408 0.12635252 0.13451578 0.28453097
 0.87465107 0.04008139]"|2025/2026|True|True
0|4813584|2026-01-06|21|West Ham United|Nottingham Forest|1.0|2.0|0.95|1.38|"[0.04507127 0.0311571  0.09605577 0.03597156 0.15205234 0.09119432
 0.02717023 0.01971557 0.0359311  0.1280089  0.03069556 0.20690355
 0.0317311  0.02125551]"|"[0.01640719 0.03041715        nan 0.03470263 0.02193955 0.02620437
 0.02045965 0.05215937 0.06780076 0.0701934  0.12715502 0.02736405
 0.09225718 0.7884    ]"|2025/2026|True|True
0|4813575|2026-01-07|21|AFC Bournemouth|Tottenham Hotspur|3.0|2.0|1.27|1.25|"[0.02759969 0.0131764  0.09051286 0.67338729 0.06457303 0.12373209
 0.0575101  0.04695251 0.13881481 0.03494242 0.01991986]"|"[0.02083417 0.0184249  0.04645873 0.05591088 0.01628904 0.02047912
 0.08283146 0.03956695 0.29457313 0.09811257 0.09187952 0.02551576
 0.28031603 0.02135774 0.08860692 0.04085457]"|2025/2026|True|True
0|4813577|2026-01-07|21|Brentford|Sunderland|3.0|0.0|3.24|1.72|"[0.02230623 0.09683701 0.01941175 0.03956556 0.89948624 0.08847851
 0.02716701 0.0725468  0.57391238 0.22012204 0.06536322 0.0548959
 0.29357547 0.06566949 0.0557218  0.06788961 0.1376901  0.44260296]"|"[0.05764536 0.13081786 0.02160069 0.02930314 0.09785081 0.15939905
 0.21171908 0.7884     0.17963815 0.02185944 0.10235247]"|2025/2026|True|True
0|4813579|2026-01-07|21|Crystal Palace|Aston Villa|0.0|0.0|1.5|1.74|"[0.16121653 0.14542654 0.12297276 0.02855002 0.26146117 0.05966911
 0.1330677  0.03065396 0.22702686 0.07271174 0.26480588]"|"[0.02571143 0.43274277 0.27408117 0.03556291 0.06622535 0.03117214
 0.24461815 0.0424536  0.02979372 0.09781148 0.14290638 0.05096006
 0.0355549  0.12609243 0.10361999]"|2025/2026|True|True
0|4813580|2026-01-07|21|Everton|Wolverhampton Wanderers|1.0|1.0|0.89|0.73|"[0.06728745 0.05296208 0.16492009 0.01878905 0.01690644 0.263935
 0.07958774 0.040469   0.02064222 0.02079525 0.04112117 0.00990883
 0.09192134]"|"[0.02423592 0.02962296 0.01499297 0.06240383 0.03334346 0.0372398
 0.05638549 0.02393648 0.18898432 0.09492559 0.02150967 0.03816408
 0.09960375]"|2025/2026|True|True
0|4813581|2026-01-07|21|Fulham|Chelsea|2.0|1.0|1.2|2.39|"[0.127451   0.09463332 0.02509372 0.12656642 0.07435126 0.05410137
 0.02144322 0.0194035  0.03765493 0.08146007 0.02396801 0.13212301
 0.03226437 0.23714544 0.05875744 0.08780041]"|"[0.16139685 0.83058274 0.05112442 0.02416541 0.03378315 0.04150146
 0.03784177 0.19030604 0.66709554 0.03078122 0.05161011 0.05633449
 0.28415555 0.06362015]"|2025/2026|True|True
0|4813582|2026-01-07|21|Manchester City|Brighton & Hove Albion|1.0|1.0|2.55|1.16|"[0.1610748  0.07702181 0.02062103 0.0291452  0.04294105 0.7884
 0.08024304 0.04763518 0.1863375  0.03159741 0.04460674 0.07477613
 0.25557852 0.07746553 0.07227965 0.14834754 0.10069174 0.21134186
 0.04819556 0.02850728 0.03103276]"|[0.09042902 0.20951658 0.0146377  0.07991847 0.18505424 0.57632971]|2025/2026|True|True
0|4813578|2026-01-07|21|Burnley|Manchester United|2.0|2.0|0.24|2.55|"[0.03023562 0.02890196 0.02468582 0.03178761 0.0615266  0.06987024
 0.03351669]"|"[0.04290577        nan 0.03191232 0.16965698 0.00971525 0.09600343
 0.01929482 0.0374135  0.0553387  0.09688341 0.11358891 0.1642911
 0.03779601 0.05416145 0.42306238 0.01046044 0.01209123 0.05906994
 0.26977211 0.17552222 0.02558005 0.09595906 0.08461099 0.06323804
 0.04201332 0.21495375 0.03436585 0.04284706 0.02821805 0.01916986
 0.01666471]"|2025/2026|True|True
0|4813583|2026-01-07|21|Newcastle United|Leeds United|4.0|3.0|2.43|1.89|"[0.02167269 0.08996321 0.0351675  0.12164824 0.0309175  0.39249143
 0.05332867 0.15801519 0.11924353 0.16552119 0.03805217 0.03509859
 0.13625869 0.11749406 0.7884     0.04109977 0.08481341 0.02557309]"|"[0.27023092 0.06306225 0.10479341 0.04114714 0.06620557 0.08771463
 0.7884     0.03527468 0.08977684 0.11378343 0.0368225  0.09650473
 0.02950316 0.0686931 ]"|2025/2026|True|True
0|4813576|2026-01-08|21|Arsenal|Liverpool|0.0|0.0|0.57|0.31|"[0.05876437 0.01545761 0.02744015 0.02072912 0.04263685 0.11614236
 0.13117485 0.04142497 0.12016355]"|"[0.01935304 0.0328794  0.0532153  0.03511138 0.05828348 0.04180417
 0.02156278 0.05417371]"|2025/2026|True|True
0|4813590|2026-01-17|22|Manchester United|Manchester City|2.0|0.0|2.27|0.45|"[0.1514588  0.02673396 0.10295668 0.09887514 0.0346742  0.60867375
 0.37991479 0.32511836 0.03312336 0.36624479 0.16150889]"|"[0.06312715 0.03100951 0.09794421 0.04945327 0.08326053 0.05298978
 0.0877715 ]"|2025/2026|True|True
0|4813587|2026-01-17|22|Chelsea|Brentford|2.0|0.0|1.59|1.52|[0.05181358 0.07992026 0.07244314 0.55136526 0.7884     0.05424516]|"[0.03773959 0.08971795 0.04695172 0.08407699 0.23676252 0.15731618
 0.13795081 0.37519315 0.03200758 0.09525069 0.07120612 0.00909253
 0.05099174 0.0453758  0.04641898]"|2025/2026|True|True
0|4813588|2026-01-17|22|Leeds United|Fulham|1.0|0.0|1.43|0.39|"[0.02323039 0.0581953  0.03181921 0.25961244 0.05902853 0.20544565
 0.08226056 0.11233556 0.0312268  0.04170947 0.14724113 0.05274634
 0.15832637 0.1674466 ]"|"[0.06169502 0.04719851 0.11194919 0.04114446 0.02788555 0.04439649
 0.0307861  0.01436673]"|2025/2026|True|True
0|4813589|2026-01-17|22|Liverpool|Burnley|1.0|1.0|3.18|0.4|"[0.02526932 0.03979029 0.04216083 0.01692995 0.07456255 0.04162029
 0.12445752 0.7884     0.03552684 0.04204703 0.04529473 0.03063155
 0.03012801 0.0700069  0.10117478 0.13802654 0.06595175 0.34611818
 0.09702229 0.06779893 0.03254178 0.02723941 0.01644076 0.02543877
 0.06140973 0.08708426 0.19601795 0.05489733 0.39195144 0.01664351
 0.02536243 0.02502915]"|"[0.01551404 0.03511805 0.03694972 0.09595906 0.03976044 0.07948883
 0.09369778]"|2025/2026|True|True
0|4813592|2026-01-17|22|Sunderland|Crystal Palace|2.0|1.0|1.71|0.61|"[0.03287123 0.11577727 0.12545708 0.3878431  0.01117276 0.04236423
 0.06951261 0.0737913  0.04769479 0.11903408 0.14013045 0.61179572
 0.06260915]"|[0.16168712 0.04934637 0.04739201 0.1763196  0.02891604 0.041321  ]|2025/2026|True|True
0|4813593|2026-01-17|22|Tottenham Hotspur|West Ham United|1.0|2.0|1.44|2.85|"[0.11086843 0.1085771  0.01692845 0.27407157 0.1221951  0.0403074
 0.06028103 0.03607937 0.01983367 0.04012066 0.00912795 0.10472132
 0.12250364 0.12464    0.0379107  0.03041268 0.01101242 0.03505404
 0.06731896 0.06693773 0.03691791]"|"[0.14932375 0.17407063 0.2274186  0.50715578 0.02675166 0.10737289
 0.06930725 0.16061562 0.08465456 0.03367244 0.08190241 0.09633399
 0.0502823  0.09854444 0.02712517 0.28752705 0.6639697 ]"|2025/2026|True|True
0|4813591|2026-01-17|22|Nottingham Forest|Arsenal|0.0|0.0|0.34|2.1|[0.18009821 0.01315707 0.00697736 0.0447121  0.03018808 0.0651983 ]|"[0.15918899 0.06713184 0.13451761 0.02951903 0.06414002 0.03128621
 0.21620886 0.099481   0.11602516 0.13236564 0.50854766 0.13707903
 0.20703039 0.09215283 0.10347624]"|2025/2026|True|True
0|4813594|2026-01-18|22|Wolverhampton Wanderers|Newcastle United|0.0|0.0|0.29|0.94|[0.08246391 0.02996193 0.06012785 0.0525868  0.03208016 0.02968246]|"[0.07911661 0.07325839 0.02092726 0.06627502 0.04309665 0.02196906
 0.081755   0.04905483 0.04323155 0.16607943 0.20178811 0.10297059]"|2025/2026|True|True
0|4813585|2026-01-18|22|Aston Villa|Everton|0.0|1.0|1.44|0.51|"[0.11921982 0.0191412  0.19184981 0.49059153 0.02774215 0.01870653
 0.09628052 0.03144386 0.02960236 0.03336855 0.11890129 0.02717473
 0.02376584 0.0381178  0.06816032 0.04905753 0.00942996 0.04817259]"|"[0.1287242  0.0953185  0.01525614 0.03608386 0.03444261 0.02362997
 0.01620695 0.04849629 0.11332444]"|2025/2026|True|True
0|4813586|2026-01-19|22|Brighton & Hove Albion|AFC Bournemouth|1.0|1.0|1.02|1.29|"[0.01551404 0.04647423 0.05532755 0.15653153 0.07970494 0.02245574
 0.04101124 0.08124829 0.08334923 0.07250334 0.02730329 0.09598897
 0.04546075 0.08050849 0.0381681  0.05749704 0.02544196]"|"[0.02540809 0.01867347 0.04808484 0.04062974 0.7884     0.07545078
 0.10744049 0.10770094 0.01503785 0.04099838 0.01884178]"|2025/2026|True|True
0|4813604|2026-01-24|23|West Ham United|Sunderland|3.0|1.0|1.52|0.67|"[0.11041475 0.04836369 0.11928044 0.7884     0.17270741 0.01647269
 0.02328194 0.0213939  0.01665141 0.02499809 0.04698065 0.02896407
 0.10493807]"|"[0.0600099  0.109631   0.02972409 0.0415233  0.00969989 0.29997832
 0.14381279]"|2025/2026|True|True
0|4813598|2026-01-24|23|Burnley|Tottenham Hotspur|2.0|2.0|1.44|2.05|"[0.0469257  0.04695172 0.50154501 0.06218633 0.01960243 0.05889982
 0.45207307 0.38986808 0.03035979]"|"[0.03749056 0.03931187 0.05069287 0.08950984 0.0304191  0.03961647
 0.03795451 0.21467334 0.06650739 0.05291807 0.20824069 0.39170751
 0.03192671 0.02632413 0.30694926 0.03465265 0.3053652  0.09181004]"|2025/2026|True|True
0|4813601|2026-01-24|23|Fulham|Brighton & Hove Albion|2.0|1.0|1.05|1.59|"[0.02767665 0.05013225 0.0192572  0.26940012 0.08432738 0.01481041
 0.02905255 0.04155895 0.23645587 0.15817459 0.08549776 0.03306492]"|"[0.04827888 0.26166868 0.31492451 0.07092239 0.02065028 0.04601598
 0.11139584 0.07725575 0.40167305 0.0575101  0.2038863  0.02283798
 0.03723405]"|2025/2026|True|True
0|4813602|2026-01-24|23|Manchester City|Wolverhampton Wanderers|2.0|0.0|0.86|0.61|"[0.02872642 0.12401665 0.2007935  0.07478655 0.1263795  0.05220263
 0.07039083 0.03640992 0.07539882 0.02759302 0.04426667]"|"[0.02476351 0.0346988  0.04898755 0.08289881 0.09692307 0.00972413
 0.02133887 0.08424954 0.10104946 0.0376001  0.04572959]"|2025/2026|True|True
0|4813595|2026-01-24|23|AFC Bournemouth|Liverpool|3.0|2.0|2.35|0.93|"[0.05441396 0.25565544 0.42611256 0.04687591 0.0711683  0.25389197
 0.02898498 0.61889106 0.11170528 0.16020767 0.30840561 0.16501671]"|"[0.04399475 0.02628439 0.03919663 0.01288613 0.21548946 0.13366523
 0.04655827 0.03406249 0.02483329 0.12096669 0.04179366 0.04919235
 0.05266729 0.08765052]"|2025/2026|True|True
0|4813597|2026-01-25|23|Brentford|Nottingham Forest|0.0|2.0|1.81|0.78|"[0.37589365 0.65308487 0.0739878  0.06293366 0.03592712 0.13142246
 0.02610832 0.0586153  0.25429365 0.13641815]"|"[0.13257499 0.01296509 0.04277932 0.02173073 0.10829433 0.08341995
 0.13449867]"|2025/2026|True|True
0|4813599|2026-01-25|23|Crystal Palace|Chelsea|1.0|3.0|1.77|2.2|"[0.42299092 0.08502097 0.14166462 0.03358625 0.02779005 0.10806615
 0.00508946 0.05417353 0.04308606 0.1287497  0.08826809 0.38836971
 0.25579426]"|"[0.06594073 0.03319475 0.0548281  0.26308089 0.08724748 0.13895893
 0.02679579 0.09419867 0.31223595 0.7884    ]"|2025/2026|True|True
0|4813603|2026-01-25|23|Newcastle United|Aston Villa|0.0|2.0|2.18|1.16|"[0.53928268 0.04378282 0.17908268 0.0454132  0.05869323 0.02167971
 0.52805692 0.44630226 0.05940414 0.05391382 0.03261859 0.03493765
 0.02740922 0.08418351 0.02067273]"|"[0.02033949 0.16341066 0.10022228 0.01072108 0.05155506 0.04634612
 0.07901012 0.02625566 0.01692845 0.02547302 0.10573415 0.07285246
 0.0254226  0.41787648]"|2025/2026|True|True
0|4813596|2026-01-25|23|Arsenal|Manchester United|2.0|3.0|1.19|0.71|"[0.02471137 0.0692023  0.03130884 0.06470974 0.22620192 0.09858501
 0.0799234  0.01625681 0.01841034 0.02033087 0.05264322 0.06142158
 0.03183823 0.02168372 0.37643126]"|"[0.0186577  0.02385155        nan 0.03739722 0.09301414 0.11309862
 0.04103931 0.03797115 0.07123648 0.03851483 0.24439701]"|2025/2026|True|True
0|4813600|2026-01-26|23|Everton|Leeds United|1.0|1.0|0.7|1.38|"[0.02033203 0.05851031 0.01616336 0.05249566 0.26299092 0.07449587
 0.0147601  0.03105198 0.13724905 0.08443131]"|"[0.03516199 0.17844567 0.01792081 0.04084    0.0413389  0.1350176
 0.03956725 0.55900264 0.02571061 0.0540753  0.0852059  0.07856311
 0.04014702 0.06036455]"|2025/2026|True|True
0|4813606|2026-01-31|24|Brighton & Hove Albion|Everton|1.0|1.0|1.44|1.2|"[0.02775567 0.09822091 0.09588116 0.26211342 0.07787889 0.18752143
 0.42854652 0.06251302 0.14963359 0.02163056 0.02755745]"|"[0.05622341 0.017974   0.26462087 0.09378207 0.06523674 0.08480059
 0.58959764]"|2025/2026|True|True
0|4813608|2026-01-31|24|Leeds United|Arsenal|0.0|4.0|0.15|2.19|[0.0231054  0.06437842 0.02592947]|"[0.06159658 0.11430633 0.00579471 0.15680183 0.14404008 0.40414837
 0.02224109 0.22902769 0.2830933  0.24558097 0.08109357 0.10796504
 0.14470652 0.0152842  0.17788284]"|2025/2026|True|True
0|4813614|2026-01-31|24|Wolverhampton Wanderers|AFC Bournemouth|0.0|2.0|1.38|1.36|"[0.03927629 0.04871505 0.03006811 0.01977235 0.034153   0.02436634
 0.30294812 0.0648507  0.016351   0.06294873 0.19337505 0.12218352
 0.1146983  0.06575923 0.02135371 0.05247555 0.1792687 ]"|"[0.02406012 0.05792661 0.03851764 0.18445604 0.0409224  0.02864357
 0.06196319 0.05488726 0.79469538]"|2025/2026|True|True
0|4813607|2026-01-31|24|Chelsea|West Ham United|3.0|2.0|2.7|1.12|"[0.05477224 0.04314778 0.04149345 0.06966972 0.08167468 0.10285132
 0.49591932 0.02996672 0.66851646 0.80883694 0.04093539 0.11296475
 0.2013361  0.48901179]"|"[0.08594655 0.02440317 0.05995908 0.06136774 0.14119722 0.09053352
 0.03372362 0.07284016 0.24048342 0.09235059 0.19660753]"|2025/2026|True|True
0|4813609|2026-01-31|24|Liverpool|Newcastle United|4.0|1.0|2.28|0.36|"[0.05820768 0.31124547 0.02522049 0.03286706 0.26594824 0.11100162
 0.04182073 0.03772399 0.07688515 0.3714278  0.02859249 0.03465256
 0.2175104  0.3964214  0.08243097 0.05251375 0.13770959]"|"[0.03585492 0.04505677 0.01824547 0.01305666 0.13463919 0.0291452
 0.06563849 0.02842816]"|2025/2026|True|True
0|4813605|2026-02-01|24|Aston Villa|Brentford|0.0|1.0|2.4|0.38|"[0.33353367 0.07116209 0.09781148 0.34916437 0.09381472 0.08391771
 0.01792531 0.22524123 0.13844693 0.02442023 0.0295143  0.01601235
 0.01966066 0.1597919  0.09073834 0.02412805 0.02947434 0.06878205
 0.06571738 0.03691295 0.10072283 0.01770619 0.03528693 0.07449389
 0.02701431 0.02471277 0.16162151]"|[0.03421918 0.11943251 0.01128099 0.10861057 0.03221463 0.07064706]|2025/2026|True|True
0|4813610|2026-02-01|24|Manchester United|Fulham|3.0|2.0|1.79|1.94|"[0.05939871 0.03815447 0.1719019  0.05080568 0.21450852 0.42244872
 0.03607771 0.10672332 0.02798951 0.0803469  0.23439382 0.26961291
 0.14475346]"|"[0.03690377 0.35353541 0.02612337 0.02040809 0.03096785 0.04729783
 0.02922313 0.05104323 0.19099888 0.06877709 0.21814874 0.05291207
 0.7884     0.02734393]"|2025/2026|True|True
0|4813611|2026-02-01|24|Nottingham Forest|Crystal Palace|1.0|1.0|0.49|1.9|"[0.20915204 0.05628833 0.02515493 0.01424948 0.05587765 0.05329189
 0.0158617  0.0360866  0.07995912]"|"[0.15900312 0.0792875  0.04893183 0.05297405 0.04961415 0.3460544
 0.0888458  0.7884     0.0348651  0.04323758 0.07982696 0.0816831
 0.03058589 0.01588233]"|2025/2026|True|True
0|4813613|2026-02-01|24|Tottenham Hotspur|Manchester City|2.0|2.0|1.05|2.08|"[0.04720287 0.05148869 0.13483422 0.08376402 0.07547176 0.08282014
 0.20922749 0.14912833 0.07221124 0.02392309 0.03125698 0.2297091 ]"|"[0.04838945 0.05950414 0.07576465 0.09415789 0.02620122 0.58757955
 0.07042699 0.09975923 0.21250966 0.21093941 0.04099862 0.20360008
 0.06071372 0.19680497 0.0969146 ]"|2025/2026|True|True
0|4813612|2026-02-02|24|Sunderland|Burnley|3.0|0.0|1.52|0.06|"[0.10005322 0.01184779 0.07434834 0.06116416 0.16424698 0.09899625
 0.03391594 0.18378136 0.16283947 0.02571143 0.20927706 0.01973864
 0.0200993  0.06138803]"|[0.         0.00428705 0.00851522 0.00919787 0.01567911 0.020268  ]|2025/2026|True|True
0|4813620|2026-02-06|25|Leeds United|Nottingham Forest|3.0|1.0|2.5|1.33|"[0.16909306 0.03014262 0.09034867 0.2628971  0.63989329 0.09737854
 0.64473802 0.05628291 0.03663487 0.37872666 0.03941894 0.11431867
 0.04398664 0.24459441]"|"[0.10980861 0.03824474 0.14726979 0.01870679 0.06869178 0.03236014
 0.04170947 0.02214503 0.05981453 0.01790151 0.06976309 0.42858389
 0.15581752 0.03190266 0.03692085 0.05156396]"|2025/2026|True|True
0|4813622|2026-02-07|25|Manchester United|Tottenham Hotspur|2.0|0.0|1.78|0.49|"[0.04727389 0.0123155  0.09781148 0.01506911 0.03411659 0.16710699
 0.02217195 0.03738059 0.08254937 0.19268145 0.02792265 0.05009419
 0.02951543 0.03804415 0.18548043 0.01964579 0.00575814 0.02071978
 0.27048221 0.13351035 0.03633671 0.05269978 0.19730797]"|"[0.16416611 0.04731316 0.03622552 0.07977764 0.13741626 0.01789627
 0.02103738]"|2025/2026|True|True
0|4813615|2026-02-07|25|AFC Bournemouth|Aston Villa|1.0|1.0|2.06|0.59|"[0.06152796 0.09669494 0.04343645 0.3220939  0.468355   0.03409526
 0.09697498 0.05981453 0.03163718 0.12692742 0.05827314 0.01669443
 0.02260591 0.08924152 0.05569061 0.06377541 0.08019742 0.13079339
 0.04849629 0.17310235]"|"[0.13854679 0.07169799 0.04708627 0.09515476 0.06726974 0.15068039
 0.02242628]"|2025/2026|True|True
0|4813616|2026-02-07|25|Arsenal|Sunderland|3.0|0.0|1.49|0.19|"[0.12366977 0.0218232  0.02923107 0.03329378 0.03266606 0.03554702
 0.01307537 0.02922795 0.03654124 0.05161209 0.07064234 0.31050771
 0.02424626 0.03360429 0.60655552 0.03993753]"|[0.05296484 0.00433118 0.03763609 0.04410299 0.02252943]|2025/2026|True|True
0|4813618|2026-02-07|25|Burnley|West Ham United|0.0|2.0|1.34|0.69|"[0.01944756 0.10385971 0.09753593 0.03501102 0.0175668  0.033914
 0.02532334 0.06593906 0.01812843 0.12814929 0.01752324 0.06011011
 0.29841349 0.20463307 0.07579325 0.01269762 0.01640719 0.10680686]"|[0.36450785 0.22116059 0.0348848  0.03299758 0.01424948 0.02676413]|2025/2026|True|True
0|4813619|2026-02-07|25|Fulham|Everton|1.0|2.0|1.97|1.88|"[0.25647417 0.29480064 0.19074214 0.09267031 0.01784646 0.03841127
 0.25501996 0.18994173 0.437491   0.03472962 0.07282907        nan
 0.05620606 0.02182412]"|"[0.02730403 0.15222196        nan 0.02498069 0.0251114  0.08622089
 0.06575555 0.31109706 0.02600722 0.10535191 0.13152617 0.02803515
 0.24195704 0.09614348 0.27993149 0.19963129 0.07992026]"|2025/2026|True|True
0|4813624|2026-02-07|25|Wolverhampton Wanderers|Chelsea|1.0|3.0|1.06|3.44|"[0.04106875 0.08119462 0.03984892 0.48183706 0.04675999 0.01744872
 0.05117185 0.04296572 0.15051998 0.03177102 0.05142473]"|"[0.7884     0.02188196 0.11224246 0.0784976  0.52400845 0.03338157
 0.03072657 0.18353018 0.7884     0.21771541 0.03366905 0.04735713
 0.45562917 0.048338   0.07501739]"|2025/2026|True|True
0|4813623|2026-02-07|25|Newcastle United|Brentford|2.0|3.0|2.24|1.79|"[0.01976495 0.04319669 0.02936759 0.24979995 0.22291912 0.31914142
 0.02453566 0.09428148 0.0740663  0.03479541 0.0653769  0.04204535
 0.7884     0.05878865 0.02453063 0.15243278]"|"[0.02047912 0.02155089 0.17763561 0.04793581 0.33494654 0.7884
 0.05075645 0.09862486 0.10870786 0.02475216 0.11418615]"|2025/2026|True|True
0|4813617|2026-02-08|25|Brighton & Hove Albion|Crystal Palace|0.0|1.0|0.74|1.16|"[0.07692645 0.07590743 0.18064377 0.02681232 0.20688912 0.02609827
 0.15105286]"|"[0.02506939 0.03416495 0.47105512 0.26948354 0.04390052 0.11603199
 0.1973121 ]"|2025/2026|True|True
0|4813621|2026-02-08|25|Liverpool|Manchester City|1.0|2.0|1.0|2.75|"[0.04472914 0.04012214 0.02934293 0.1323687  0.01926904 0.03991574
 0.32001045 0.1617689  0.01817997 0.04656499 0.03496268 0.02351651
 0.05034669 0.01201501 0.03056539]"|"[0.38738942 0.02751803 0.32588261 0.04216015 0.05630843 0.04432051
 0.07521954 0.07731475 0.06733895 0.01917646 0.05183286 0.02653274
 0.46163142 0.7884     0.12954919 0.11237316 0.05531836]"|2025/2026|True|True
0|4813627|2026-02-10|26|Chelsea|Leeds United|2.0|2.0|3.13|1.44|"[0.01992646 0.03516934 0.07161995 0.02408902 0.16238376 0.0336892
 0.13322549 0.02215314 0.04095698 0.05412113 0.7884     0.08023228
 0.04719299 0.08717441 0.17079057 0.22713348 0.15403759 0.20051196
 0.77687103]"|[0.00965808 0.7884     0.61109751 0.0318246 ]|2025/2026|True|True
0|4813629|2026-02-10|26|Everton|AFC Bournemouth|1.0|2.0|2.94|1.34|"[0.02744111 0.6817897  0.13927911 0.7884     0.15609048 0.17415218
 0.0420392  0.04010831 0.10367072 0.13521092 0.03573649 0.03658294
 0.24435553 0.02579995 0.160209   0.17227703]"|"[0.00924308 0.02699874 0.02579008 0.04203438 0.10656207 0.01483651
 0.0191412  0.28906417 0.70692676 0.03680406 0.06075447]"|2025/2026|True|True
0|4813633|2026-02-10|26|Tottenham Hotspur|Newcastle United|1.0|2.0|1.85|2.48|"[0.04414219 0.04855902 0.03735429 0.11669452 0.03505404 0.30881721
 0.01174131 0.03176029 0.11744821 0.566486   0.10556655 0.01987328
 0.04179101 0.03570359 0.10587656 0.17383587]"|"[0.5479486  0.05973856 0.13041453 0.06318151 0.03271927 0.05460057
 0.37422195 0.15679401 0.06532031 0.05407093 0.29073855 0.0171193
 0.05673381 0.0734913  0.11840463 0.14414211 0.03381492 0.08165846
 0.03646871 0.08697172 0.02045728]"|2025/2026|True|True
0|4813634|2026-02-10|26|West Ham United|Manchester United|1.0|1.0|1.11|0.57|"[0.02970538 0.01418246 0.48486361 0.01190284 0.07639326 0.154937
 0.32834747]"|"[0.0135757  0.1690046  0.02395826 0.03046456 0.02958182 0.06630605
 0.0636168  0.08744935 0.09073476]"|2025/2026|True|True
0|4813625|2026-02-11|26|Aston Villa|Brighton & Hove Albion|1.0|0.0|0.81|0.56|"[0.08594054 0.01582506 0.02388718 0.02223696 0.07239763 0.07052044
 0.02508385 0.10338961 0.01664155 0.01925262 0.0192572  0.04283204
 0.03252582 0.13800146 0.03657155]"|"[0.02708556 0.05380934 0.08653238 0.02892812 0.16004795 0.03499459
 0.06097183 0.04199784 0.06721293 0.        ]"|2025/2026|True|True
0|4813630|2026-02-11|26|Manchester City|Fulham|3.0|0.0|1.37|1.42|"[0.0331163  0.07052434 0.0431658  0.02518915 0.08261146 0.02023659
 0.03555254 0.54718047 0.2620126  0.0934396  0.08354456 0.02380789
 0.04749709]"|"[0.04615501 0.07796901 0.4019537  0.05614254 0.03807817 0.04819556
 0.03189006 0.10667478 0.03563694 0.11157884 0.02743997 0.09709355
 0.07142843 0.26757613]"|2025/2026|True|True
0|4813631|2026-02-11|26|Nottingham Forest|Wolverhampton Wanderers|0.0|0.0|2.55|0.42|"[0.06228508 0.01816453 0.05187522 0.02151856 0.02128878 0.01007902
 0.24226534 0.02855183 0.0881006  0.05084695 0.08744935 0.47246465
 0.09155067 0.03056539 0.0453855  0.05109969 0.02440005 0.08105343
 0.02155089 0.02894149 0.03657003 0.03370784 0.01738113 0.03374908
 0.06545836 0.0796563  0.3419331  0.01340387 0.33049393 0.02306047
 0.0136191  0.03121405 0.0620791  0.02549504 0.02788304]"|"[0.03709198 0.11778439 0.01877035 0.01877505 0.01702376 0.13680649
 0.0726452 ]"|2025/2026|True|True
0|4813628|2026-02-11|26|Crystal Palace|Burnley|2.0|3.0|1.8|0.53|"[0.05267128 0.20228651 0.0422257  0.08033037 0.0990937  0.0187931
        nan 0.06158136 0.0486992  0.21043405 0.0392391  0.04374459
 0.01623723 0.0238989  0.38650653 0.05787333 0.07480121 0.02799977
 0.0423853  0.05383858 0.11013588 0.10416401]"|"[0.17086887 0.03208029 0.0510043  0.06139283 0.03103405 0.05596836
 0.03067602 0.07199518]"|2025/2026|True|True
0|4813632|2026-02-11|26|Sunderland|Liverpool|0.0|1.0|0.63|2.53|"[0.10443078 0.041104   0.03419869 0.03119285 0.01943099 0.0205407
 0.17245275 0.07374369 0.03317419 0.04372179 0.05391052]"|"[0.02032321 0.05423775 0.01664953 0.05830389 0.32237935 0.02104613
 0.0819854  0.05773704 0.03293964 0.12223551 0.32645121 0.06783463
 0.01353014 0.02464869 0.09522016 0.03862113 0.19545564 0.34894505
 0.0761771  0.23553404 0.16807964 0.03177559 0.11850609]"|2025/2026|True|True
0|4813626|2026-02-12|26|Brentford|Arsenal|1.0|1.0|1.51|0.6|"[0.20326445 0.15105087 0.05936261 0.04564422 0.1324629  0.09135666
 0.08072181 0.36813149 0.04967077 0.10665583 0.17459205 0.0438804 ]"|"[0.10405117 0.15023319 0.02348019 0.04853639 0.04398713 0.15050994
 0.0838044 ]"|2025/2026|True|True
0|4813684|2026-02-18|31|Wolverhampton Wanderers|Arsenal|2.0|2.0|0.29|1.6|[0.04505667 0.01575265 0.02800861 0.03700051 0.16482297]|"[0.54793328 0.02799928 0.01873341 0.35732618 0.063045   0.03969094
 0.06894512 0.31305823 0.01877035 0.15408428]"|2025/2026|True|True
0|4813635|2026-02-21|27|Aston Villa|Leeds United|1.0|1.0|1.46|1.35|"[0.0286058  0.03996079 0.08465759 0.05748184 0.15315664 0.3501665
 0.05419768 0.01493541 0.09203184 0.04741614 0.02424468 0.07240897
 0.04457234 0.01911815 0.24837697 0.12880144]"|"[0.03890775 0.0206603  0.31649876 0.01349553 0.04385733 0.03689397
 0.06564113 0.00504969 0.02757239 0.3499583  0.04353615 0.09877408
 0.06071604 0.26678932]"|2025/2026|True|True
0|4813636|2026-02-21|27|Brentford|Brighton & Hove Albion|0.0|2.0|1.6|1.09|"[0.01614576 0.04151781 0.27973312 0.04592591 0.20335656 0.02590785
 0.02768803 0.08855601 0.05223633 0.33029908 0.0204285  0.19763359
 0.27242303]"|"[0.04956361 0.03847627 0.18020415 0.03202898 0.11423897 0.0196015
 0.1516697  0.0388851  0.36061883 0.10261054 0.0091322 ]"|2025/2026|True|True
0|4813637|2026-02-21|27|Chelsea|Burnley|1.0|1.0|1.99|0.85|"[0.90524858 0.08628967 0.08423904 0.0267617  0.20335166 0.08287733
 0.08481341 0.11172234 0.22556442 0.06753647 0.04205249 0.06706947]"|"[0.03884205 0.03440659 0.08457556 0.10581302 0.02130529 0.06657866
 0.03302088 0.01843141 0.15724698 0.10556605 0.07661638 0.10307007]"|2025/2026|True|True
0|4813644|2026-02-21|27|West Ham United|AFC Bournemouth|0.0|0.0|3.27|0.65|"[0.37422195 0.47881374 0.53803134 0.00483853 0.01082279 0.01233777
 0.06014751 0.04212289 0.05591906 0.05175949 0.02335311 0.21359071
 0.27320176 0.06779816 0.63506424 0.07829865 0.03835066 0.31429198
 0.08343125 0.09674866]"|"[0.02432958 0.02240917 0.13478456 0.07958122 0.03332689 0.02525862
 0.09850948 0.04120866 0.10985304 0.02281388]"|2025/2026|True|True
0|4813640|2026-02-21|27|Manchester City|Newcastle United|2.0|1.0|1.35|0.62|"[0.10451686 0.04532504 0.12438647 0.05792661 0.18149379 0.04987143
 0.04729541 0.11200902 0.04866949 0.06453514 0.20527892 0.0192569
 0.0447121  0.44444662 0.10202696]"|"[0.16035075 0.01114402 0.03058974 0.05559006 0.04723081 0.01758956
 0.03134448 0.0495977  0.01202951 0.01477661 0.01886855 0.01230093
 0.16204543]"|2025/2026|True|True
0|4813638|2026-02-22|27|Crystal Palace|Wolverhampton Wanderers|1.0|0.0|2.0|1.63|"[0.19411781 0.03335495 0.0445981  0.08850866 0.37065083 0.08513828
 0.05357275 0.01791283 0.07932987 0.04976582 0.11420515 0.24690238
 0.05690897 0.56263715]"|"[0.08707211 0.23853841 0.0320716  0.09342717 0.09912539 0.02528452
 0.7884     0.15330887 0.0129351  0.03070729 0.0519426  0.01996032]"|2025/2026|True|True
0|4813641|2026-02-22|27|Nottingham Forest|Liverpool|0.0|1.0|1.19|1.73|"[0.44378495 0.02256257 0.01672946 0.08136529 0.02115385 0.02833209
 0.01088309 0.03419869 0.05217041 0.02841948 0.02858284 0.02629692
 0.05465921 0.05052827 0.18942866 0.03905026 0.04925565 0.01305164]"|"[0.03580808 0.03539467 0.10948917 0.02289581 0.04159811 0.26012883
 0.02054003 0.56091213 0.13309282 0.58598387]"|2025/2026|True|True
0|4813642|2026-02-22|27|Sunderland|Fulham|1.0|3.0|1.85|1.88|"[0.0403687  0.01947894 0.04151209 0.02842816 0.03169613 0.39580861
 0.28447884 0.7884     0.08675461 0.01956037 0.02308661 0.08654642]"|"[0.02896729 0.12211863 0.08967368 0.01656283 0.16981424 0.23898424
 0.7884     0.05209618 0.14149114 0.11916853 0.07213566 0.04080376]"|2025/2026|True|True
0|4813643|2026-02-22|27|Tottenham Hotspur|Arsenal|1.0|4.0|0.76|2.07|[0.04735713 0.25185162 0.0585808  0.21452895 0.11261291 0.00879891]|"[0.06305727 0.06985174 0.02211065 0.24367705 0.05981453 0.03187478
 0.20438763 0.18085259 0.01772656 0.04257235 0.00971007 0.0154892
 0.15263018 0.05951972 0.25971094 0.37620229 0.0300838  0.04779569
 0.09313029 0.0865096 ]"|2025/2026|True|True
0|4813639|2026-02-23|27|Everton|Manchester United|0.0|1.0|0.63|1.27|"[0.01046736 0.02768765 0.08870478 0.01894027 0.03673055 0.05822643
 0.03536504 0.18668489 0.08040638 0.03438807 0.01610503 0.0408556 ]"|"[0.14630295 0.15521015 0.01922445 0.04116686 0.012511   0.03103276
 0.03311458 0.36778671 0.01490405 0.03223609 0.41208676]"|2025/2026|True|True
0|4813654|2026-02-27|28|Wolverhampton Wanderers|Aston Villa|2.0|0.0|0.86|1.03|"[0.03424404 0.16144286 0.02253666 0.15083575 0.01850468 0.05281548
 0.06838945 0.07552905 0.27702862]"|"[0.07708564 0.04449221 0.12667775 0.0923321  0.06353021 0.05686896
 0.12564258 0.03856911 0.09545782 0.03960945 0.0575101  0.07686858
 0.11323448 0.01788676]"|2025/2026|True|True
0|4813645|2026-02-28|28|AFC Bournemouth|Sunderland|1.0|1.0|1.71|1.42|"[0.15429975 0.01565799 0.0164094  0.45817557 0.0522637  0.03299686
 0.07817182 0.03578436 0.10669143 0.15289247 0.01586061 0.1339359
 0.02220325 0.13480322 0.04351174 0.01334814 0.05944728 0.11564924
 0.01451887 0.00948627 0.05405585]"|"[0.02672094 0.02898368 0.90267593 0.01805794 0.16290557 0.17975068
 0.09205894 0.0964368 ]"|2025/2026|True|True
0|4813648|2026-02-28|28|Burnley|Brentford|3.0|4.0|0.97|2.25|"[0.02038641 0.036043   0.06769698 0.04637754 0.06296044 0.03695342
 0.23705542 0.23563458 0.09247407 0.12425029 0.06944328 0.08004212]"|"[0.03125111 0.11170346 0.05122101 0.28086033 0.4189387  0.7128641
 0.1554012  0.07790557 0.06705827        nan 0.06205062 0.02672094
 0.0483251  0.02459058 0.20537452 0.03082621 0.05207825]"|2025/2026|True|True
0|4813651|2026-02-28|28|Liverpool|West Ham United|5.0|2.0|1.84|1.86|"[0.05142054 0.04436642 0.19579132 0.01873146 0.02632045 0.15206565
 0.05020674 0.15614606 0.08654058 0.04566342 0.23828787 0.12455632
 0.02942998 0.05739469 0.02704091 0.11786433 0.36967593 0.04356184]"|"[0.18668489 0.17280689 0.06575923 0.02001069 0.13745064 0.80237329
 0.0186577  0.02698956 0.13345793 0.04987365 0.13179719        nan]"|2025/2026|True|True
0|4813653|2026-02-28|28|Newcastle United|Everton|2.0|3.0|1.03|2.13|"[0.0617478  0.08190308 0.03293004 0.08549776 0.01306465 0.03323416
 0.01757321 0.05136134 0.33169731 0.02731667 0.0828134  0.02062103
 0.02576048 0.02999445 0.07303488 0.05271886 0.02461432]"|"[0.03713632 0.03330807 0.03767285 0.021667   0.50287873 0.04809367
 0.01902377 0.23189478 0.80860537]"|2025/2026|True|True
0|4813650|2026-02-28|28|Leeds United|Manchester City|0.0|1.0|1.49|2.0|"[0.57226825 0.07910369 0.06292012 0.30322739 0.01285397 0.02796938
 0.0223058  0.3392311  0.01523628 0.08562306 0.01409908 0.01894032
 0.0341073  0.10241018]"|"[0.03596389 0.13327076 0.31891504 0.67054242 0.09325134 0.03505404
 0.03539958 0.11877709 0.05695314 0.18890706 0.10493807 0.20929272
 0.0209676  0.01568581]"|2025/2026|True|True
0|4813647|2026-03-01|28|Brighton & Hove Albion|Nottingham Forest|2.0|1.0|1.32|0.79|"[0.03214988 0.0264762  0.23433143 0.50045365 0.10071912 0.03357362
 0.08007836 0.03560546 0.11507628 0.01347174 0.01651212 0.01047875
 0.04029501 0.02098628]"|"[0.01938326 0.03626057 0.05302298 0.04819733 0.07518525 0.08307497
 0.06093375 0.08722571 0.05622426 0.0544688  0.08868447 0.06314553
 0.06684627]"|2025/2026|True|True
0|4813649|2026-03-01|28|Fulham|Tottenham Hotspur|2.0|1.0|2.28|0.88|"[0.23903805 0.25355938 0.13728403 0.08438579 0.0345582  0.04177524
 0.15647329 0.01446501 0.10483397 0.19909129 0.09880494 0.05255443
 0.4615927  0.12573504 0.03213974 0.13459747 0.02551934 0.08386882]"|"[0.0315043  0.06114743 0.02335311 0.03119605 0.07991847 0.13087243
 0.07992934 0.05939807 0.01451413 0.11429089 0.02192377 0.15394229
 0.07800765]"|2025/2026|True|True
0|4813652|2026-03-01|28|Manchester United|Crystal Palace|2.0|1.0|2.16|0.38|"[0.00660292 0.04685267 0.06634564 0.05694657 0.05997946 0.10971586
 0.08738582 0.03566203 0.02385173 0.7884     0.043144   0.10537577
 0.01996179 0.23763765 0.04762732 0.02875041 0.03560065 0.24787326
 0.0743347  0.03927629]"|"[0.0720595  0.01991258 0.02134574 0.11444078 0.13132177 0.01967308
 0.11748735 0.0127982 ]"|2025/2026|True|True
0|4813646|2026-03-01|28|Arsenal|Chelsea|2.0|1.0|1.09|1.07|"[0.07991847 0.03065396 0.01875181 0.26163557 0.0444112  0.13218433
 0.03091431 0.12781373        nan 0.01223342 0.0309973  0.26802537
 0.05103197]"|"[0.02928711 0.43590653 0.02722025 0.04055116 0.12074126 0.20741387
 0.14435789 0.0194674  0.04628785]"|2025/2026|True|True
0|4813655|2026-03-03|29|AFC Bournemouth|Brentford|0.0|0.0|1.92|0.4|"[0.02438936 0.03662321 0.16189481 0.26102406 0.60319453 0.01776064
 0.12849754 0.02476744 0.44031087 0.01479954 0.04132938 0.03684621
 0.13317373]"|[0.03905589 0.02911795 0.11477854 0.0953347  0.13405521]|2025/2026|True|True
0|4813658|2026-03-03|29|Everton|Burnley|2.0|0.0|1.3|0.79|"[0.0374966  0.08754485 0.04179101 0.13419597 0.0171039  0.06376869
 0.04253943 0.01161654 0.02415886 0.09483878 0.25337058 0.40966991
 0.04337864 0.04492023]"|[0.06346269 0.03156929 0.04704187 0.55259168 0.01809247]|2025/2026|True|True
0|4813660|2026-03-03|29|Leeds United|Sunderland|0.0|1.0|1.15|0.86|"[0.04344252 0.02997375 0.07398665 0.06986449 0.12548696 0.07811596
 0.02745038 0.07001392 0.03683239 0.11392134 0.05722912 0.13417272
 0.10845788 0.02643298 0.01146328 0.05267087 0.00917546 0.08160497]"|[0.01191574 0.07035261 0.7884    ]|2025/2026|True|True
0|4813664|2026-03-03|29|Wolverhampton Wanderers|Liverpool|2.0|1.0|0.44|2.56|[0.30522293 0.06596141 0.02700891 0.07970494]|"[0.0601538  0.04484628 0.05589624 0.01555658 0.05093696 0.03713743
 0.01277654 0.04358431 0.2965734  0.70141888 0.53874099 0.03884935
 0.02179306 0.02510193 0.08292034 0.03006961 0.07758518 0.25337481
 0.1361935  0.03607038]"|2025/2026|True|True
0|4813656|2026-03-04|29|Aston Villa|Chelsea|1.0|4.0|0.78|3.6|"[0.14597304 0.08525897 0.11215881 0.05267701 0.05161671 0.06064135
 0.03440798 0.01007382 0.25057611]"|"[0.3414878  0.04644205 0.18668489 0.07026213 0.04154288 0.04391199
 0.0199451  0.06343662 0.90926296 0.04385733 0.3991411  0.09868542
 0.87884969 0.08277866 0.37455371]"|2025/2026|True|True
0|4813657|2026-03-04|29|Brighton & Hove Albion|Arsenal|0.0|1.0|0.82|0.47|"[0.15990846 0.03152004 0.14540339 0.01595042 0.03055512 0.0328639
 0.07114055 0.0666234  0.0833141  0.02474165 0.15784679]"|"[0.01409773 0.07217397 0.11072242 0.05851577 0.0312827  0.14434117
 0.03739836]"|2025/2026|True|True
0|4813659|2026-03-04|29|Fulham|West Ham United|0.0|1.0|0.89|1.09|"[0.0324287  0.05971414 0.0648836  0.02175336 0.15888721 0.09220301
 0.01606732 0.19315493 0.01755041 0.02642104 0.11762244 0.04161681
 0.04611899]"|"[0.10079687 0.07673593 0.05642228 0.08508778 0.08688221 0.02129749
 0.46936938 0.11121981 0.01902377]"|2025/2026|True|True
0|4813661|2026-03-04|29|Manchester City|Nottingham Forest|2.0|2.0|2.12|0.97|"[0.0394535  0.04936005 0.01897791 0.03303351 0.0340021  0.13359931
 0.06968664 0.03531852 0.00979485 0.10238259 0.02463141 0.20380086
 0.03264786 0.26718935 0.0431065  0.24037112 0.09599029 0.05955167
 0.13881481 0.14480914 0.4048875 ]"|"[0.03854692 0.09483845 0.24780171 0.02955836 0.32773113 0.02329837
 0.0420172  0.05689195 0.11089083]"|2025/2026|True|True
0|4813662|2026-03-04|29|Newcastle United|Manchester United|2.0|1.0|2.48|1.48|"[0.05672631 0.03113072 0.06938617 0.09781148 0.01959749 0.11971764
 0.1298279  0.7884     0.02330356 0.50996572 0.59079212 0.04550193]"|"[0.10261054 0.13838719 0.02937687 0.02241056 0.32865599 0.05847904
 0.07304959 0.05569061 0.25890437 0.09550866 0.02988517 0.18139862
 0.09155067 0.02291392]"|2025/2026|True|True
0|4813663|2026-03-05|29|Tottenham Hotspur|Crystal Palace|1.0|3.0|1.09|1.78|"[0.03494413 0.03139743 0.05204843 0.38782483 0.04535995 0.08494542
 0.07992026 0.05082311 0.02627031 0.0483329  0.1273059  0.11869198]"|"[0.05836141 0.05574173 0.7884     0.26469281 0.22001058 0.05996096
 0.03478182 0.06908761 0.18993831]"|2025/2026|True|True
0|4813667|2026-03-14|30|Burnley|AFC Bournemouth|0.0|0.0|1.4|2.55|"[0.06681401 0.01897643 0.01901321 0.03622416 0.04384179 0.26483157
 0.08522595 0.10444842 0.14343955 0.05702615 0.05643166 0.27937859
 0.03404314 0.02231794 0.03060515]"|"[0.29607522 0.08580355 0.13985908 0.04669834 0.02724825 0.02638667
 0.06004924 0.06252366 0.01515174 0.034671   0.13328511 0.06216533
 0.03485838 0.07601339 0.05568659 0.01585296 0.23827481 0.02843614
 0.23224789 0.01713336 0.50123233 0.3632212 ]"|2025/2026|True|True
0|4813673|2026-03-14|30|Sunderland|Brighton & Hove Albion|0.0|1.0|0.9|1.68|"[0.11452413 0.00898769 0.06887072 0.01920661 0.01041272 0.0984152
 0.0558022  0.04691367 0.12573504 0.02167971 0.07115161 0.13049728
 0.04790369 0.07496554]"|"[0.65594447 0.04619687 0.04232664 0.09670357 0.13149625 0.19935301
 0.07674687 0.01231311 0.02118485 0.01691141 0.26177403 0.11662332]"|2025/2026|True|True
0|4813665|2026-03-14|30|Arsenal|Everton|2.0|0.0|2.7|1.05|"[0.04368054 0.01632978 0.07417052 0.04307729 0.06206085 0.05592896
 0.01039628 0.02178594 0.05628332 0.03755194 0.03621513 0.02283939
 0.01105825 0.01771554 0.01866919 0.01940222 0.02942177 0.04634129
 0.02604257 0.02019352 0.02623362 0.05641647 0.99497354 0.03869536
 0.91279739]"|"[0.28772205 0.02088389 0.60406989 0.0447121  0.01586061 0.03609107
 0.10908251 0.01580442 0.062052  ]"|2025/2026|True|True
0|4813668|2026-03-14|30|Chelsea|Newcastle United|0.0|1.0|1.39|1.41|"[0.04901012 0.02197683 0.04349718 0.11716459 0.06124728 0.0282006
 0.08332703 0.02258416 0.10021697 0.03522149 0.07991847 0.08930745
 0.0809216  0.04622126 0.05304787 0.04369302 0.08119257 0.16043639
 0.08527666 0.0375996  0.02466763 0.04177183]"|"[0.93133116 0.16418473 0.02495071 0.08109366 0.02666007 0.10397319
 0.04960755]"|2025/2026|True|True
0|4813674|2026-03-14|30|West Ham United|Manchester City|1.0|1.0|0.54|2.03|[0.2680856]|"[0.05100984 0.03644666 0.05499219 0.0293244  0.117793   0.02699874
 0.06374887 0.05347503 0.03178493 0.14028907 0.02871925 0.06158794
 0.08352011 0.13211006 0.07571319 0.02336028 0.03581395 0.10227785
 0.07214413 0.22539818 0.06246853 0.22407043 0.21065553 0.08593263]"|2025/2026|True|True
0|4813669|2026-03-15|30|Crystal Palace|Leeds United|0.0|0.0|0.67|1.12|"[0.06853621 0.0386197  0.05341731 0.12798817 0.04280425 0.0112179
 0.03536504 0.0230174  0.04122892 0.01540007 0.10974509 0.10632691]"|"[0.01470659 0.04063555 0.04412992 0.10081194 0.04594876 0.05654255
 0.7884     0.01900692 0.01558499 0.0190747 ]"|2025/2026|True|True
0|4813671|2026-03-15|30|Manchester United|Aston Villa|3.0|1.0|1.1|1.0|"[0.02396174 0.04342206 0.0318018  0.04365491 0.10706174 0.02635356
 0.04791468 0.03001443 0.04345798 0.05255514 0.06939553 0.05733925
 0.17716771 0.07515918 0.23978898 0.03488685]"|"[0.13802373 0.05915829 0.02466866 0.04803859 0.36110923 0.03897681
 0.19228768 0.11311891 0.03404627]"|2025/2026|True|True
0|4813672|2026-03-15|30|Nottingham Forest|Fulham|0.0|0.0|0.95|1.03|"[0.06862522 0.03450599 0.06555072 0.06335539 0.0129911  0.02410551
 0.08202338 0.01012699 0.4101854  0.04860482 0.12693591]"|[0.35504127 0.07805508 0.06774552 0.39064741 0.05942883 0.08290844]|2025/2026|True|True
0|4813670|2026-03-15|30|Liverpool|Tottenham Hotspur|1.0|1.0|1.7|1.18|"[0.08765426 0.04191544 0.05792661 0.0227046  0.11833873 0.10184092
 0.11249673 0.02032189 0.01887793 0.14083825 0.10540702 0.12278962
 0.06368411 0.10053705 0.17999293 0.04293492 0.35848182]"|"[0.01599266 0.01790548 0.1676757  0.05137627 0.27448323 0.04609128
 0.02690316 0.06453514 0.02753502 0.07351328 0.02130046 0.36457157
 0.02951218]"|2025/2026|True|True
0|4813666|2026-03-16|30|Brentford|Wolverhampton Wanderers|2.0|2.0|2.56|1.34|"[0.06465655 0.37297016 0.38956887 0.89982665 0.56912971 0.03736263
 0.0632349  0.08803363 0.1626125  0.06718122]"|"[0.17437765 0.01501282 0.04730229 0.02568697 0.08764476 0.07454918
 0.17086056 0.01985801 0.04110521 0.05672899 0.38910964 0.18260075
 0.05018382]"|2025/2026|True|True
0|4813675|2026-03-20|31|AFC Bournemouth|Manchester United|2.0|2.0|1.8|1.77|"[0.36640239 0.01606421 0.20702569 0.04136693 0.04809145 0.03694638
 0.02131879 0.02649566 0.0642212         nan 0.01525626 0.02709825
 0.02257063 0.01690644 0.7884     0.0594225  0.046733  ]"|"[0.12372565 0.03688163 0.06976688 0.06798393 0.06607982 0.01739116
 0.09413651 0.02447602 0.0205295  0.06275393 0.12493018 0.15894532
 0.7884     0.02250196]"|2025/2026|True|True
0|4813677|2026-03-21|31|Brighton & Hove Albion|Liverpool|2.0|1.0|2.17|1.03|"[0.24286292 0.29244229 0.04333709 0.02289398 0.02742061 0.02156556
 0.14660138 0.76099217 0.04414624 0.23100652 0.03958914 0.0703732
 0.01798375 0.04522882 0.07187001 0.09897561]"|"[0.01774499 0.01147696 0.07068031 0.04131802 0.06345113 0.37208155
 0.01710011 0.0394034  0.06112777 0.07882149 0.07134928 0.03447792]"|2025/2026|True|True
0|4813679|2026-03-21|31|Fulham|Burnley|3.0|1.0|3.15|1.24|"[0.05285089 0.0150386  0.08910253 0.05569261 0.05478401 0.08164673
 0.08137695 0.03302034 0.5485059  0.20907216 0.30348703 0.15102111
 0.01462125 0.1618568  0.0605742  0.05080568 0.08044694 0.08935659
 0.7884     0.07683723 0.11262814 0.1058265 ]"|"[0.1750679  0.04472993 0.28461254 0.02393761 0.31930104 0.24702799
 0.02612961 0.0245881  0.09889203]"|2025/2026|True|True
0|4813678|2026-03-21|31|Everton|Chelsea|3.0|0.0|1.18|0.93|"[0.10276604 0.15880217 0.02796324 0.14408535 0.01226164 0.10578367
 0.02777673 0.07309567 0.23034449 0.04235495]"|"[0.03746295 0.0643344  0.05211276 0.08091711 0.05861758 0.05191914
 0.03920215 0.25231054 0.13701379 0.03033821 0.0841089  0.04228352]"|2025/2026|True|True
0|4813680|2026-03-21|31|Leeds United|Brentford|0.0|0.0|0.52|0.46|"[0.1401739  0.0237274  0.02868362 0.01852961 0.02505157 0.01607695
 0.03117582 0.03662321 0.02887602 0.02048228 0.01992206 0.05304129
 0.01684006 0.06512771]"|[0.04274021 0.04735713 0.00962508 0.16838033 0.11552151 0.10236458]|2025/2026|True|True
0|4813682|2026-03-22|31|Newcastle United|Sunderland|1.0|2.0|1.29|2.44|"[0.03379566 0.09653405 0.39546439 0.027459   0.06071604 0.13522647
 0.04662869 0.0475722  0.03518936 0.01454889 0.05192108 0.18175104
 0.0455974  0.0491036  0.03261292 0.03511138]"|"[0.01769433 0.01482802 0.06739353 0.08468667 0.04881305 0.05189637
 0.12656929 0.42825392 0.20148773 0.03288478 0.16729467 0.14898604
 0.00982054 0.03947825 0.04884484 0.88793236 0.60748541]"|2025/2026|True|True
0|4813676|2026-03-22|31|Aston Villa|West Ham United|2.0|0.0|1.69|0.85|"[0.01415321 0.01852961 0.04443821 0.01850726 0.08058595 0.02985461
 0.17005698 0.0151907  0.37300679 0.07796182 0.06016842 0.0923321
 0.03494392 0.15068793 0.04661163 0.01957176 0.02314384 0.04664648
 0.02779137 0.0438804  0.30573025 0.02317768 0.01808861]"|"[0.12276937 0.04037027 0.03133564 0.09980355 0.08558217 0.12131949
 0.08501361 0.21933103 0.04460801]"|2025/2026|True|True
0|4813683|2026-03-22|31|Tottenham Hotspur|Nottingham Forest|0.0|3.0|1.25|1.34|"[0.07169257 0.09690416 0.01421526 0.08307497 0.02731615 0.01848786
 0.0809216  0.0538252  0.1041645  0.38087261 0.01363668 0.07991847
 0.080884   0.15960443]"|"[0.02676764 0.04345331 0.09617092 0.06037074 0.05415469 0.52549678
 0.01206316 0.52006185]"|2025/2026|True|True
0|4813694|2026-04-10|32|West Ham United|Wolverhampton Wanderers|4.0|0.0|2.35|0.59|"[0.24864706 0.14043939 0.01447175 0.03498034 0.01621651 0.15252914
 0.11625206 0.10355859 0.13272807 0.05087203 0.04330471 0.03293964
 0.01109489 0.4941512  0.0693596  0.11124276 0.2318573  0.34604511]"|"[0.01891979 0.0116727  0.08468594 0.03718206 0.04019341 0.08324318
 0.03770483 0.03721404 0.04020266 0.06191324 0.01054903 0.04407329
 0.01535372 0.06266573]"|2025/2026|True|True
0|4813685|2026-04-11|32|Arsenal|AFC Bournemouth|1.0|2.0|2.32|1.19|"[0.3472316  0.02482257 0.03236972 0.7884     0.01986729 0.61713988
 0.02882173 0.05275628 0.02068759 0.05102731 0.10141656 0.08289881
 0.02311842 0.06942804 0.0642212 ]"|"[0.74303675 0.06571195 0.03910316 0.03846893 0.05025819 0.02390054
 0.36839837 0.0106182 ]"|2025/2026|True|True
0|4813686|2026-04-11|32|Brentford|Everton|2.0|2.0|2.84|1.53|"[0.7884     0.04591793 0.11201569 0.06324886 0.0128409  0.27024737
 0.02928577 0.05913657 0.04063827 0.13047571 0.26183844 0.05012855
 0.03256505 0.01922184 0.09403639 0.3499448  0.53015518]"|"[0.0218232  0.0634291  0.09858661 0.55146611 0.06204169 0.06690456
 0.05728981 0.01535372 0.20396218 0.05531815 0.04673337 0.03665716
 0.10635255 0.16429418]"|2025/2026|True|True
0|4813687|2026-04-11|32|Burnley|Brighton & Hove Albion|0.0|2.0|0.88|1.93|"[0.34274325 0.22396208 0.20335656 0.02803244 0.03919568 0.0205872
 0.04764259 0.02002829 0.05875599 0.03621807]"|"[0.29913941 0.0870502  0.07241616 0.02089544 0.14881752 0.60893512
 0.31580764 0.01726338 0.06631383 0.0360398  0.13450985 0.02292444
 0.10330358]"|2025/2026|True|True
0|4813690|2026-04-11|32|Liverpool|Fulham|2.0|0.0|1.59|1.04|"[0.15772602 0.0280534  0.06532092 0.02080005 0.03419261 0.17642771
 0.03835066 0.03533584 0.05278852 0.19944771 0.26415372 0.08202338
 0.03910316 0.19303553 0.02741204 0.0309478  0.10678593 0.10261054]"|"[0.05086933 0.02184941 0.0855546  0.02184941 0.01607909 0.08958253
 0.02944651 0.03056451 0.18708345 0.01342892 0.01933669 0.01724733
 0.0427639  0.13308559 0.05490218 0.03582181 0.03101634 0.05726911
 0.09983234]"|2025/2026|True|True
0|4813689|2026-04-12|32|Crystal Palace|Newcastle United|2.0|1.0|2.56|1.13|"[0.05744509 0.04946284 0.37070078 0.18172032 0.0200619  0.09558817
 0.6320225  0.04183314 0.29275343 0.7884     0.06219402]"|"[0.04843942 0.03754339 0.77212757 0.04619005 0.03959374 0.16114542
 0.01817281]"|2025/2026|True|True
0|4813692|2026-04-12|32|Nottingham Forest|Aston Villa|1.0|1.0|1.15|1.02|"[0.06105628 0.02363207        nan 0.02288267 0.01460821 0.04470518
 0.12979756 0.06199007 0.2002611  0.04695251 0.32800436 0.02847115
 0.02035352 0.14532457 0.02958209 0.04451249]"|"[0.04236671 0.0921018  0.06724399 0.0200756  0.02152592 0.06066621
 0.01605361 0.11436488 0.26077709 0.14814042 0.02566712 0.1559404 ]"|2025/2026|True|True
0|4813693|2026-04-12|32|Sunderland|Tottenham Hotspur|1.0|0.0|1.33|0.84|"[0.43354884 0.14465973 0.06250035 0.0720452  0.2399468  0.06033077
 0.01841719 0.01776203 0.035795   0.02677884 0.02090502 0.04589437
 0.16404274]"|"[0.04574561 0.06294754 0.02143382 0.05284153 0.06479925 0.39082623
 0.04273082 0.05082766 0.04692929 0.02909861 0.02781877]"|2025/2026|True|True
0|4813688|2026-04-12|32|Chelsea|Manchester City|0.0|3.0|1.14|2.29|"[0.06142533 0.09505447 0.0480563  0.04671067 0.10318442 0.09171417
 0.11643762 0.03355985 0.02204206 0.01076305 0.52423018 0.10078578]"|"[0.08825725 0.06930304 0.18385015 0.17034027 0.06131382 0.31982419
 0.03429333 0.42778409 0.0770615  0.32707304 0.03515419 0.09541914
 0.02781586 0.04163617 0.07456255 0.08518646 0.14918926 0.02233691]"|2025/2026|True|True
0|4813691|2026-04-13|32|Manchester United|Leeds United|1.0|2.0|1.27|2.57|"[0.02266065 0.02822939 0.07482013 0.02104042 0.00739406 0.01496984
 0.09985133 0.04728221 0.0168232  0.06871627 0.16838282 0.01241462
 0.05795503 0.06543294 0.04553    0.13927136 0.02570706 0.16964132
 0.17370616 0.00902205]"|"[0.63968158 0.13768654 0.03861389 0.14071018 0.09764246 0.02222984
 0.08953383 0.2513414  0.58644134 0.13637206 0.03310643 0.0251097
 0.25087693 0.02632033 0.09580679]"|2025/2026|True|True
0|4813696|2026-04-18|33|Brentford|Fulham|0.0|0.0|1.43|0.77|"[0.12880121 0.04856184 0.02894088 0.09030198 0.07433598 0.04807733
 0.06678605 0.15457168 0.07682106 0.01602624 0.29803056 0.19237934
 0.20528364]"|"[0.04529519 0.063245   0.07571051 0.0328528  0.02939346 0.0845395
 0.10190593 0.27388152 0.01638136 0.02461638 0.02667256]"|2025/2026|True|True
0|4813700|2026-04-18|33|Leeds United|Wolverhampton Wanderers|3.0|0.0|2.82|0.57|"[0.1933804  0.25996453 0.09190489 0.08411244 0.03456552 0.04001729
 0.38922217 0.29796913 0.32970825 0.03024537 0.02901307 0.08172648
 0.01965531 0.0164293  0.07308039 0.7884     0.06095827]"|"[0.05379426 0.14413424 0.07358143 0.12532979 0.01937386 0.0792096
 0.10914084]"|2025/2026|True|True
0|4813702|2026-04-18|33|Newcastle United|AFC Bournemouth|1.0|2.0|1.59|2.99|"[0.14449133 0.03899405 0.02576348 0.06551702 0.16405047 0.02744731
 0.2907044  0.07323193 0.1008631  0.07692435 0.17412795 0.4090904 ]"|"[0.00929477 0.08549776 0.01272308 0.03587053 0.12076701 0.03397833
 0.91631919 0.91859967 0.1131575  0.00904488 0.49099922 0.37920386]"|2025/2026|True|True
0|4813704|2026-04-18|33|Tottenham Hotspur|Brighton & Hove Albion|2.0|2.0|1.09|0.82|"[0.00688277 0.02802993 0.04044787 0.06704564 0.1159862  0.48908034
 0.06614487 0.00906243 0.06609128 0.11529138 0.04197361 0.03841083
 0.04210652]"|"[0.15588899 0.04380886 0.04141596 0.06398901 0.09174307 0.04745004
 0.05332902 0.0997392  0.13613982 0.08350443]"|2025/2026|True|True
0|4813697|2026-04-18|33|Chelsea|Manchester United|0.0|1.0|1.57|0.29|"[0.05633935 0.03702092 0.17733629 0.1121714  0.06414727 0.08480479
 0.02657704 0.19522615 0.09742509 0.18507552 0.03509859 0.09402789
 0.0785134  0.02612849 0.02942361 0.08388658 0.03061324 0.03112531
 0.04591635 0.030457   0.0469424 ]"|[0.03036555 0.16563457 0.04346115 0.02623362]|2025/2026|True|True
0|4813695|2026-04-19|33|Aston Villa|Sunderland|4.0|3.0|2.84|1.73|"[0.27148914 0.25574392 0.00953686 0.02146146 0.60492313 0.42791718
 0.14001432 0.05593548 0.07330824 0.20398562 0.06638149 0.04055116
 0.50162941 0.05367164 0.11463791]"|"[0.04939444 0.01652255 0.04917375 0.08150292 0.08381531 0.04700089
 0.08193797 0.65444905 0.0138653  0.650446  ]"|2025/2026|True|True
0|4813699|2026-04-19|33|Everton|Liverpool|1.0|2.0|0.79|1.45|"[0.04909921 0.06108451 0.02484767 0.13198796 0.08465183 0.52679229
 0.02576623 0.03535943 0.04909921 0.01614576]"|"[0.01491198 0.24089009 0.52032429 0.02308704 0.12034138 0.03662321
 0.0318246  0.04992108 0.02412128 0.05033348 0.02546443 0.04634729
 0.03581274 0.23084678]"|2025/2026|True|True
0|4813703|2026-04-19|33|Nottingham Forest|Burnley|4.0|1.0|1.19|0.36|"[0.03776061 0.15459476 0.07705267 0.04205866 0.20499976 0.3438412
 0.07371859 0.03341529 0.0290958  0.19440213]"|[0.03791437 0.16768749 0.0741547  0.05119357]|2025/2026|True|True
0|4813701|2026-04-19|33|Manchester City|Arsenal|2.0|1.0|1.36|1.62|"[0.32809237 0.0161821  0.02566384 0.09471609 0.07452673 0.05288798
 0.03251903 0.04502229 0.11151711 0.11174903 0.06319261 0.08703431
 0.24517472 0.04353973 0.0439046 ]"|"[0.09610894 0.04918391 0.23153399 0.47433484 0.34219289 0.0447121
 0.01860999 0.18908195 0.12413823]"|2025/2026|True|True
0|4813698|2026-04-20|33|Crystal Palace|West Ham United|0.0|0.0|0.73|0.61|"[0.11175811 0.31901118 0.05622907 0.04278745 0.05689195 0.02169325
 0.03208113 0.01347284 0.07355043]"|"[0.12077522 0.11974153 0.14444995 0.10563848 0.04373153 0.02095157
 0.01002575 0.03790075 0.01038607]"|2025/2026|True|True
0|4813707|2026-04-21|34|Brighton & Hove Albion|Chelsea|3.0|0.0|2.14|0.37|"[0.15062334 0.11426484 0.04416635 0.05418362 0.07960372 0.8235544
 0.01781522 0.09206508 0.20230599 0.03556404 0.11153027 0.03476361
 0.07310303 0.05976188 0.24412885]"|[0.03557801 0.04920972 0.11581595 0.06249022 0.08446064 0.0220707 ]|2025/2026|True|True
0|4813705|2026-04-22|34|AFC Bournemouth|Leeds United|2.0|2.0|1.65|0.81|"[0.15628523 0.03032827 0.05596836 0.02657704 0.15837646 0.08692366
 0.01684903 0.19167593 0.06904567 0.04105977 0.19326957        nan
 0.04780718 0.10493807 0.04735713 0.06143284 0.23105128 0.13152617]"|"[0.03675846 0.07679126 0.11621275 0.07230324 0.04358688 0.09102952
 0.09005817 0.02114238 0.12195207 0.11001685]"|2025/2026|True|True
0|4813708|2026-04-22|34|Burnley|Manchester City|0.0|1.0|0.63|3.36|"[0.09892539 0.10956839 0.13217291 0.07154483 0.04419395 0.00964719
 0.02058237 0.01922034 0.11997887]"|"[0.05039041 0.47019395 0.06322204 0.38318053 0.10558148 0.04977947
 0.06869016 0.10330358 0.04432446 0.03238251 0.04845315 0.04532655
 0.02830425 0.09979586 0.17462672 0.18334375 0.02530855 0.10221114
 0.02313438 0.20878188 0.05154356 0.02478672 0.08935659 0.21608299
 0.04240267 0.55799335 0.04240267 0.05450273]"|2025/2026|True|True
0|4813712|2026-04-24|34|Sunderland|Nottingham Forest|0.0|5.0|0.7|1.1|"[0.10908253        nan 0.095552   0.06547859 0.03203581 0.03512575
 0.05084545 0.04019902 0.01483566 0.02186987 0.02338277 0.01705209
 0.03676093 0.03490451 0.12329815]"|"[0.07084785 0.02854891 0.06039955 0.04861588 0.01721729 0.466436
 0.06510596 0.04687728 0.13722557 0.15512584]"|2025/2026|True|True
0|4813709|2026-04-25|34|Fulham|Aston Villa|1.0|0.0|1.18|0.93|"[0.13727745 0.01336169 0.07351328 0.05397874 0.0330111  0.1269781
 0.21667573 0.26477602 0.08804351 0.02249157 0.03772178 0.05185966
 0.11404452]"|"[0.04113435 0.03541017 0.03966179 0.07609356 0.08156191 0.27601817
 0.04032982 0.03149817 0.28635049 0.02396108]"|2025/2026|True|True
0|4813710|2026-04-25|34|Liverpool|Crystal Palace|3.0|1.0|1.14|2.26|"[0.01844651 0.04208489 0.09011815 0.08468936 0.03306586 0.4329294
 0.3709929  0.03392557 0.03873322]"|"[0.61715537 0.02934914 0.11877251 0.19819798 0.10124684 0.1171724
 0.11995378 0.04461975 0.0405385  0.14215624 0.37731734 0.03965869
 0.03668239 0.30414221]"|2025/2026|True|True
0|4813713|2026-04-25|34|West Ham United|Everton|2.0|1.0|1.17|1.45|"[0.04306627 0.06211393 0.03782745 0.04148712 0.06358292 0.06554317
 0.01469845 0.2562111  0.21621591 0.37853125]"|"[0.02823593 0.39283481 0.02412128 0.19493195 0.02436215 0.02112116
 0.26377577 0.38932317 0.06766514 0.10095187 0.04877873]"|2025/2026|True|True
0|4813714|2026-04-25|34|Wolverhampton Wanderers|Tottenham Hotspur|0.0|1.0|0.7|0.92|"[0.03083948 0.09574689 0.04088338 0.00983937 0.07902685 0.11510935
 0.05955167 0.08024128 0.11396164 0.01207468 0.0676614 ]"|"[0.0359451  0.01579818 0.00806403 0.05077637 0.00992409 0.07191951
 0.01265968 0.02732331 0.04673152 0.06699491 0.57450497]"|2025/2026|True|True
0|4813706|2026-04-25|34|Arsenal|Newcastle United|1.0|0.0|0.49|1.0|"[0.02957765 0.02963737 0.01826624 0.11134326 0.00880988 0.07705267
 0.07035261 0.03771119 0.04619687 0.02980166 0.03195374]"|"[0.05949529 0.04416582 0.0230567  0.03097074 0.01391079 0.13152617
 0.02639997 0.02159414 0.01299684 0.0151792  0.55835593 0.0433476
 0.01891773]"|2025/2026|True|True
0|4813711|2026-04-27|34|Manchester United|Brentford|2.0|1.0|1.36|1.17|"[0.38857785 0.01230947 0.04733358 0.23528783 0.02844554 0.02835016
 0.0648236  0.43645203 0.04346836 0.06463818 0.01166131]"|"[0.45600432 0.04122701 0.02465954 0.02052227 0.02926622 0.04091061
 0.09196085 0.04518204 0.20811591 0.16139643 0.02399485 0.06449265]"|2025/2026|True|True
0|4813721|2026-05-01|35|Leeds United|Burnley|3.0|1.0|1.64|0.57|"[0.12223459 0.02034204 0.04348692 0.05822884 0.07252781 0.10145665
 0.02828002 0.02136165 0.07894827 0.01216605 0.03752729 0.31594494
 0.03877345 0.33212855 0.05489062 0.14204809 0.12070223 0.0516941 ]"|"[0.03803153 0.01919781 0.03605031 0.04921352 0.20256399 0.03110552
 0.0731126  0.06137823 0.0581231 ]"|2025/2026|True|True
0|4813718|2026-05-02|35|Brentford|West Ham United|3.0|0.0|2.27|0.92|"[0.03472972 0.39758542 0.255135   0.05742303 0.01589624 0.17530945
 0.28564763 0.7884     0.06613688 0.02980294 0.02540964 0.04078455
 0.07623743 0.02582235]"|"[0.08481546        nan 0.11926297 0.07446864 0.05764538 0.06644778
 0.04696226 0.03171146 0.01778723 0.10209566 0.06986251 0.09430917
 0.14091893 0.01614576]"|2025/2026|True|True
0|4813723|2026-05-02|35|Newcastle United|Brighton & Hove Albion|3.0|1.0|3.16|1.53|"[0.026163   0.38801014 0.16704002 0.15200715 0.81613034 0.09437858
 0.34192201 0.02876299 0.02702085 0.06483795 0.61847764 0.17237087
 0.26068726]"|"[0.19091788 0.01921737 0.03921999 0.06219588 0.02070439 0.12351561
 0.06159674 0.10296072 0.39311078 0.18473946 0.09970138 0.01779414
 0.21428469]"|2025/2026|True|True
0|4813724|2026-05-02|35|Wolverhampton Wanderers|Sunderland|1.0|1.0|1.72|0.66|"[0.03869602 0.03240267 0.30869961 0.04801314 0.11732295 0.03006961
 0.08911574 0.01668461 0.02522049 0.20827763 0.02489909 0.06292012
 0.05493293 0.17946939 0.02749383 0.01198376 0.0517411  0.0132172
 0.08485191 0.29621387]"|"[0.05984886 0.18752143 0.03311046 0.06986123 0.02420156 0.05596752
 0.07795913 0.05161643 0.08025081 0.01811073]"|2025/2026|True|True
0|4813716|2026-05-02|35|Arsenal|Fulham|3.0|0.0|3.22|0.37|"[0.0238336  0.89466149 0.02392686 0.05554479 0.26036119 0.22058664
 0.16099143 0.2364213  0.10838863 0.03482751 0.05878198 0.16028617
 0.04141238 0.24787594 0.39685115 0.03113858 0.23110534 0.07609356]"|"[0.01505428 0.01579819 0.02137866 0.10987378 0.02136601 0.01730485
 0.06163578 0.03199411 0.03713691 0.03843329]"|2025/2026|True|True
0|4813715|2026-05-03|35|AFC Bournemouth|Crystal Palace|3.0|0.0|2.08|0.89|"[0.03224192 0.03186536 0.08920512 0.06736436 0.1478764  0.0924116
 0.14007476 0.7884     0.03728635 0.05907497 0.05491396 0.11267029
 0.33151856 0.02828111 0.02453083 0.03929702]"|"[       nan 0.1306742  0.10792027 0.05766368 0.08483305 0.01773692
 0.37714705 0.16198999]"|2025/2026|True|True
0|4813722|2026-05-03|35|Manchester United|Liverpool|3.0|2.0|2.34|0.88|"[0.09826297 0.03303544 0.04231476 0.35839835 0.79045993 0.09401455
 0.01799174 0.0311996  0.02871727 0.15130132 0.2838347  0.07327594
 0.17923041 0.03898899 0.02096681 0.02725452 0.01332465 0.05852229]"|"[0.05966911 0.03159767 0.02248798 0.04113435 0.13579841 0.03177301
 0.36907336 0.05249141 0.01700181 0.00801677 0.02609383 0.04864219
 0.04126918]"|2025/2026|True|True
0|4813717|2026-05-03|35|Aston Villa|Tottenham Hotspur|1.0|2.0|0.32|0.99|[0.01269762 0.01602488 0.0177004  0.2170323  0.05736897]|"[0.08324327 0.04442231 0.02238235 0.2036577  0.06230256 0.41827837
 0.02996046 0.07589844 0.02229012 0.02662274]"|2025/2026|True|True
0|4813719|2026-05-04|35|Chelsea|Nottingham Forest|1.0|3.0|2.15|2.05|"[0.03131254 0.0218837  0.02658523 0.06048518 0.01869629 0.04589437
 0.03749056 0.09923858 0.7884     0.04818557 0.02524754 0.06228508
 0.15552835 0.03367985 0.04146838 0.05850859 0.02783681 0.01867347
 0.02159533 0.4228951  0.10493807]"|[0.20947677 0.7884     0.04520633 0.04892972 0.90037227 0.06095827]|2025/2026|True|True
0|4813720|2026-05-04|35|Everton|Manchester City|3.0|3.0|2.72|1.54|"[0.02920134 0.09265807 0.1472559  0.05142677 0.02004296 0.12455632
 0.43832207 0.0114837  0.51257551 0.08768041 0.20237862 0.16768219
 0.04746474 0.78458887]"|"[0.03176097 0.13653502 0.11170253 0.09559041 0.06593212 0.01956593
 0.09952041 0.01152798 0.04117977 0.10541065 0.0460513  0.05797936
 0.02288335 0.05526957 0.06348374 0.31665814 0.08820894 0.01655489
 0.03959646 0.07051711 0.04136693]"|2025/2026|True|True
0|4813729|2026-05-09|36|Liverpool|Chelsea|1.0|1.0|0.56|0.5|"[0.03881793 0.04452252 0.23144855 0.04099406 0.04483488 0.10408676
 0.01969049 0.03476376]"|[0.04661354 0.03376763 0.03522149 0.03351692 0.25195009 0.09449591]|2025/2026|True|True
0|4813725|2026-05-09|36|Brighton & Hove Albion|Wolverhampton Wanderers|3.0|0.0|1.62|0.49|"[0.22544169 0.1734301  0.18107693 0.11499887 0.0199631  0.04719033
 0.06145642 0.0784976  0.14083429 0.08502393 0.01953918 0.01892253
 0.23059025 0.22459237]"|[0.12755843 0.18832013 0.07099359 0.06501602 0.04235689]|2025/2026|True|True
0|4813728|2026-05-09|36|Fulham|AFC Bournemouth|0.0|1.0|1.33|0.82|"[0.08868447 0.02521356 0.0239933  0.31625533 0.11380865 0.05139041
 0.02041681 0.02463193 0.18473946 0.0323837  0.07929947 0.02531945
 0.06432558 0.27933943]"|"[0.07434204 0.03083532 0.03631426 0.03561318 0.05410137 0.02420545
 0.05618718 0.12931269 0.33819458 0.03702092]"|2025/2026|True|True
0|4813732|2026-05-09|36|Sunderland|Manchester United|0.0|0.0|1.25|0.62|"[0.04939457 0.39639598 0.01676318 0.06797817 0.13373506 0.09698196
 0.18841051 0.03590349 0.09800837 0.02445824 0.02659835 0.07327594
 0.04935803 0.02454974 0.02809539]"|"[0.05541083 0.08241695 0.02959836 0.08257406 0.01073965 0.0432022
 0.02807855 0.01802509 0.01668945 0.22430618 0.03064854]"|2025/2026|True|True
0|4813730|2026-05-09|36|Manchester City|Brentford|3.0|0.0|2.98|0.24|"[0.0205872  0.04696226 0.1132758  0.03565534 0.02492595 0.19611441
 0.0594703  0.34540802 0.03843386 0.08202338 0.01102674 0.06834789
 0.02614681 0.04274962 0.03584279 0.06458101 0.04590473 0.05210637
 0.40696886 0.06563849 0.69736642 0.51059079 0.25853392 0.01299839
 0.09879607]"|[0.01003992 0.0681801  0.04454342 0.12034377]|2025/2026|True|True
0|4813726|2026-05-10|36|Burnley|Aston Villa|2.0|2.0|1.79|1.44|"[0.03386311 0.50954396 0.13094562 0.01016502 0.1080975  0.014971
 0.01167869 0.54766744 0.06095827 0.15488295 0.02662149 0.02229743
 0.01170717 0.01733271 0.14941879]"|"[0.11284135 0.05141339 0.02859249 0.04122892 0.59006846 0.01708086
 0.0181158  0.10209522 0.03822301 0.02803515 0.03106479 0.01056916
 0.08777257 0.01771343 0.02775881 0.1345883  0.06528898 0.03454845]"|2025/2026|True|True
0|4813727|2026-05-10|36|Crystal Palace|Everton|2.0|2.0|2.56|1.59|"[0.03120107 0.22539818 0.02677316 0.08486993 0.0375804  0.11277966
 0.02770503 0.03146577 0.0217332  0.08745764 0.0237366  0.16901
 0.04066072 0.40645584 0.2889221  0.21812242 0.20118837 0.10881612
 0.02441318 0.36787692 0.02562649]"|"[0.04215749 0.11897568 0.43213278 0.04248396 0.06932265 0.16197604
 0.05908681 0.24336442 0.03922653 0.04834208 0.25710452 0.0362539
 0.03776537]"|2025/2026|True|True
0|4813731|2026-05-10|36|Nottingham Forest|Newcastle United|1.0|1.0|1.1|1.48|"[0.03741458 0.02862651 0.03456656 0.03506764 0.13219945 0.07034662
 0.0171388  0.05370677 0.15302569 0.02373955 0.09045434 0.13278048
 0.06268011 0.076129   0.04741268 0.07148966 0.03605589]"|"[0.17499623 0.01262262 0.05485659 0.30392674 0.02337565 0.02597343
 0.02754623 0.01844572 0.20988794 0.10734309 0.03820185 0.05828113
 0.05488536 0.05241604 0.29366928 0.01936678]"|2025/2026|True|True
0|4813734|2026-05-10|36|West Ham United|Arsenal|0.0|1.0|1.15|1.18|"[0.06741434 0.05271647 0.02594733 0.11312472 0.07062744 0.05872374
 0.53783286 0.20563404 0.01932839]"|"[0.05404579 0.09197846 0.28102168 0.03706365 0.02576316 0.11571124
 0.07164957 0.01318888 0.08588409 0.03407139 0.01834768 0.02485902
 0.18595061 0.07803069 0.10285473]"|2025/2026|True|True
0|4813733|2026-05-11|36|Tottenham Hotspur|Leeds United|1.0|1.0|1.27|1.34|"[0.05227752 0.04413859 0.12379441 0.15860549 0.03889703 0.03425268
 0.16294542 0.11601251 0.04625991 0.04075338 0.0507997  0.20566383
 0.03991364 0.05463671 0.06625182 0.03754383]"|"[0.0356818  0.06196904 0.0330111  0.03077136 0.03885401 0.7884
 0.06339871 0.01941036 0.02813607 0.08481806 0.16047189]"|2025/2026|True|True
0|4813681|2026-05-13|31|Manchester City|Crystal Palace|3.0|0.0|1.66|0.73|"[0.11038508 0.01077429 0.02631101 0.04664648 0.10136113 0.30287546
 0.16663152 0.05417965 0.05706918 0.01568073 0.08260354 0.04612631
 0.3780548  0.2007767  0.0642212 ]"|[0.10035017 0.18288021 0.06741182 0.10820007 0.1984057  0.07122755]|2025/2026|True|True
0|4813737|2026-05-15|37|Aston Villa|Liverpool|4.0|2.0|1.85|1.43|"[0.19112608 0.0386583  0.01462725 0.04888314 0.07842347 0.31036338
 0.17258845 0.01815563 0.02223301 0.54620314 0.73131496 0.03179606
 0.0201224  0.03992367]"|"[0.01535372 0.02712564 0.02873489 0.01174131 0.10346644 0.06423005
 0.03005377 0.20063949 0.03727026 0.43812081 0.09566823 0.0903628
 0.02928356 0.05160097 0.19769731 0.02143382]"|2025/2026|True|True
0|4813742|2026-05-17|37|Manchester United|Nottingham Forest|3.0|2.0|4.57|1.88|"[0.09292943 0.02125856 0.0196471  0.02487268 0.8097896  0.09697863
 0.02136087 0.08533486 0.05123787 0.02223716 0.52817965 0.04631494
 0.10069174 0.14268547 0.05932591 0.5186649  0.10165954 0.054836
 0.04785457 0.56234944 0.10180638 0.07516192 0.15407637 0.0253395
 0.01686147 0.09544034 0.30162492 0.14251921 0.24636257]"|"[0.44799435 0.02152211 0.20556378 0.06020167 0.48726624 0.09111504
 0.01993187 0.11999208 0.16439196 0.08109616 0.18192279]"|2025/2026|True|True
0|4813738|2026-05-17|37|Brentford|Crystal Palace|2.0|2.0|2.05|1.67|"[0.2260484  0.17725791 0.14768468 0.05641541 0.02810926 0.03571729
 0.06040095 0.7292425  0.03676093 0.15966782 0.05670977 0.10680686
 0.0495624  0.18192285]"|"[0.7884     0.05936921 0.06473333 0.01403532 0.1560469  0.03146947
 0.00736096 0.01728689 0.1192038  0.13722326 0.14043939 0.0255977
 0.01528965 0.04745892 0.01426135 0.04764014]"|2025/2026|True|True
0|4813740|2026-05-17|37|Everton|Sunderland|1.0|3.0|1.07|0.73|"[0.02723094 0.01614576 0.0919691  0.210686   0.03329345 0.06172377
 0.09710632 0.0352331  0.46590114 0.03355985]"|"[0.07049348 0.01944081 0.04595797 0.02754523 0.2567353  0.12237661
 0.1878552 ]"|2025/2026|True|True
0|4813741|2026-05-17|37|Leeds United|Brighton & Hove Albion|1.0|0.0|0.76|2.76|"[0.05065488 0.07008183 0.03679643 0.03065396 0.08208913 0.05694016
 0.43668523]"|"[0.04677961 0.17095943 0.01222719 0.21450852 0.01736765 0.57913816
 0.03213068 0.23517939 0.11455663 0.10013302 0.09609776 0.01495477
 0.32756889 0.20789401 0.02524341 0.12849754 0.07152325 0.10919544
 0.26007593]"|2025/2026|True|True
0|4813744|2026-05-17|37|Wolverhampton Wanderers|Fulham|1.0|1.0|1.4|1.53|"[0.01823055 0.12418851 0.09349863 0.09316311 0.03204116 0.31713277
 0.05369465 0.41276985 0.0121992  0.09288729 0.14839238]"|"[0.15796514 0.14598401 0.02296907 0.04801866 0.15114656 0.03654003
 0.7884     0.02070411 0.0217207  0.01960289 0.02110172 0.02996414
 0.07016026]"|2025/2026|True|True
0|4813743|2026-05-17|37|Newcastle United|West Ham United|3.0|1.0|1.73|0.95|"[0.08940824 0.01933071 0.20102243 0.53126442 0.03662321 0.04848164
 0.06953752 0.01766288 0.28994218 0.07594405 0.00840227 0.0145982
 0.08959576 0.02960159 0.21113241]"|"[0.05321548 0.17123261 0.04116724 0.05613934 0.08087628 0.05162549
 0.01155052 0.02639509 0.13097849 0.08084428 0.05154325 0.05364694
 0.06333067 0.03411616 0.04766535]"|2025/2026|True|True
0|4813736|2026-05-18|37|Arsenal|Burnley|1.0|0.0|1.29|0.19|"[0.0025356  0.04248396 0.09747532 0.04914482 0.03270837 0.0363749
 0.213557   0.25939798 0.0337671  0.16231683 0.21647722 0.11875702
 0.02586064]"|[0.02177685 0.03910316 0.06949517 0.0217332  0.041167  ]|2025/2026|True|True
0|4813735|2026-05-19|37|AFC Bournemouth|Manchester City|1.0|1.0|2.25|1.48|"[0.57935852 0.05353849 0.02646026 0.08301235 0.13271494 0.09819984
 0.58270401 0.20721388 0.04373756 0.44167036]"|"[0.09265444 0.03595313 0.05325634 0.06659015 0.02586064 0.4284676
 0.07872721 0.02859397 0.03091431 0.16008225 0.09443513 0.14375861
 0.16707934 0.09712444]"|2025/2026|True|True
0|4813739|2026-05-19|37|Chelsea|Tottenham Hotspur|2.0|1.0|0.63|1.72|"[0.04749417 0.02386347 0.06164397 0.03328988 0.05966911 0.02935447
 0.22256774 0.05183522 0.09535516]"|"[0.0633751  0.0281438  0.14070864 0.02962425 0.330744   0.13176915
 0.78587669 0.15521643 0.0518715 ]"|2025/2026|True|True
0|4813745|2026-05-24|38|Brighton & Hove Albion|Manchester United|0.0|3.0|0.79|1.66|"[0.03609061 0.05181139 0.02248101 0.10326497 0.13938984 0.02900141
 0.06087771 0.03581558 0.07679126 0.05368743 0.04162244 0.0617075
 0.07409069]"|"[0.23994605 0.02835545 0.91744089 0.06685343 0.06261108 0.06835176
 0.07587073 0.04551235 0.09236387 0.03163277 0.02772631]"|2025/2026|True|True
0|4813746|2026-05-24|38|Burnley|Wolverhampton Wanderers|1.0|1.0|0.98|2.09|"[0.01629466 0.1699584  0.08594054 0.01187493 0.03225052 0.01663696
 0.03316243 0.01154577 0.15573426 0.02590731 0.19167593 0.01441296
 0.01851031 0.02276487 0.02770503 0.14443348]"|"[0.01947924 0.7884     0.03298051 0.01390832 0.02879568 0.21450852
 0.04185167 0.30536619 0.04589437 0.06798695 0.01994516 0.0236096
 0.19177794 0.08105691 0.04892275 0.16547298]"|2025/2026|True|True
0|4813747|2026-05-24|38|Crystal Palace|Arsenal|1.0|2.0|0.98|2.53|"[0.0470885  0.09743074 0.06977953 0.01600561 0.38483673 0.06304657
 0.11778488 0.18482429]"|"[0.10753486 0.0502108  0.03124519 0.57442564 0.13106215 0.15354405
 0.03722181 0.04772766 0.04381468 0.03670362 0.05219601 0.02804806
 0.25923544 0.08751635 0.37062943 0.16439347 0.36332747]"|2025/2026|True|True
0|4813748|2026-05-24|38|Fulham|Newcastle United|2.0|0.0|1.81|0.31|"[0.02933434 0.04945552 0.0210491  0.03978543 0.78132427 0.05981453
 0.06382076 0.08941304 0.01775295 0.06603041 0.03516934 0.03948084
 0.14856894 0.02317607 0.01883578 0.09430917 0.04269319 0.05960053
 0.07231817 0.05596689 0.03471771]"|"[0.01964574 0.1054044  0.04798756 0.02779005 0.02103455 0.05479246
 0.03183749]"|2025/2026|True|True
0|4813749|2026-05-24|38|Liverpool|Brentford|1.0|1.0|3.04|1.56|"[0.04059073 0.07635073 0.05186763 0.07315681 0.05688462 0.04032158
 0.1341749  0.01971557 0.03600723 0.03267205 0.04362647 0.07366711
 0.15781873 0.10470681 0.0511502  0.06393045 0.10456529 0.63188457
 0.16219918 0.02802754 0.07312281 0.39973345 0.5289647  0.05949449]"|"[0.11389744 0.56534362 0.12384775 0.03494392 0.13414586 0.09861663
 0.03708224 0.02019432 0.03418204 0.09977321 0.30215266]"|2025/2026|True|True
0|4813750|2026-05-24|38|Manchester City|Aston Villa|1.0|2.0|1.34|1.77|"[0.01397286 0.0839979  0.18177673 0.01920275 0.09746273 0.06514331
 0.0757108  0.03692362 0.03110028 0.10124611 0.40128163 0.08235531
 0.02801865 0.02965111 0.02165424 0.07372513]"|"[0.27788979 0.06824374 0.05302903 0.0197788  0.02930238 0.64944118
 0.20463307 0.12046378 0.15466075 0.05981453 0.11270076 0.01805871]"|2025/2026|True|True
0|4813751|2026-05-24|38|Nottingham Forest|AFC Bournemouth|1.0|1.0|1.73|0.95|"[0.04622919 0.14259198 0.07634945 0.54393446 0.02440597 0.07870913
 0.05981453 0.02628146 0.01697636 0.04054793 0.01201282 0.16535969
 0.25138271 0.10781901 0.15154426]"|"[0.04848801 0.02069353 0.0672261  0.05981453 0.03338488 0.036043
 0.0281759  0.05534132 0.03378687 0.14653987 0.06285346 0.02861906
 0.15305844 0.02175833 0.01951508 0.07141078 0.06553184]"|2025/2026|True|True
0|4813752|2026-05-24|38|Sunderland|Chelsea|2.0|1.0|1.84|0.89|"[0.06169695 0.02029311 0.06663389 0.02896233 0.02463053 0.0116946
 0.12733965 0.03773796 0.01958081 0.04970516 0.39224941 0.46374264
 0.07096308 0.0157843  0.16753802 0.05676776 0.07051057 0.0488266
 0.0173295  0.01840595 0.06698583]"|"[0.13969705 0.04563901 0.04332583 0.54886621        nan 0.02908882
 0.03833722 0.02117329 0.0218784 ]"|2025/2026|True|True
0|4813753|2026-05-24|38|Tottenham Hotspur|Everton|1.0|0.0|1.15|0.41|"[0.01471863 0.04417815 0.03128888 0.17758483 0.0202114  0.02019277
 0.04757106 0.04554329 0.02132134 0.01830899 0.07344484 0.0336946
 0.25018477 0.2242749  0.0207457  0.04772014 0.01177394 0.05541264
 0.02836518 0.01684838]"|"[0.02704253 0.01576848 0.05298978 0.04505667 0.01973748 0.03083895
 0.09160434 0.03183895 0.06006721 0.03955299]"|2025/2026|True|True
0|4813754|2026-05-24|38|West Ham United|Leeds United|3.0|0.0|2.61|1.59|"[0.04294973 0.27457711 0.01469492 0.04343735 0.27054492 0.38438389
 0.18648393 0.3484371  0.03605317 0.0599623  0.0330111  0.3761149
 0.10648526 0.38491258 0.1271424  0.02823996]"|"[0.12436429 0.39675152 0.02372983 0.33577582 0.14617777 0.03392883
 0.08809387 0.13698131 0.03608618 0.02266593 0.00898807 0.03911122
 0.20028777]"|2025/2026|True|True
0|4506263|2024-08-16|1|Manchester United|Fulham|1.0|0.0|2.43|0.44|"[0.02017912 0.04218416 0.25195968 0.68768412 0.07494495 0.04564187
 0.29518047 0.04828796 0.02976888 0.05460158 0.01529833 0.12988272
 0.07292259 0.66513139]"|"[0.03014386 0.01957176 0.05016681 0.03929768 0.06658264 0.06004161
 0.03772178 0.03516934 0.04166514 0.05495408]"|2024/2025|True|True
0|4506264|2024-08-17|1|Ipswich Town|Liverpool|0.0|2.0|0.45|2.65|"[0.04019341 0.06692649 0.13055541 0.06862986 0.1015455  0.01575442
 0.02863989]"|"[0.01961594 0.01627663 0.05532682 0.02288307 0.05908545 0.28899464
 0.11632127 0.07438525 0.35471541 0.43861067 0.41355208 0.21200453
 0.1563254  0.11241018 0.02326357 0.05500089 0.11631288 0.12385661]"|2024/2025|True|True
0|4506265|2024-08-17|1|Arsenal|Wolverhampton Wanderers|2.0|0.0|1.24|0.47|"[0.03565823 0.02328707 0.02211929 0.03162665 0.03403853 0.0852795
 0.14134872 0.22470134 0.04502226 0.07683162 0.15552835 0.11501522
 0.05716015 0.06703947 0.01505037 0.02090115 0.02627918 0.0602346 ]"|"[0.04535792 0.06946343 0.0787352  0.01833532 0.05404274 0.05659757
 0.03292251 0.07619902 0.03781467]"|2024/2025|True|True
0|4506266|2024-08-17|1|Everton|Brighton & Hove Albion|0.0|3.0|0.45|1.43|"[0.02535379 0.0529811  0.00896133 0.0610363  0.02372191 0.07604152
 0.13831784 0.06019856 0.00805635]"|"[0.026891   0.06731929 0.02819929 0.80832708 0.12505998 0.07013135
 0.09970254 0.03846956 0.09829797 0.06795517]"|2024/2025|True|True
0|4506267|2024-08-17|1|Newcastle United|Southampton|1.0|0.0|0.25|1.77|[0.03637237 0.17139573 0.04564555]|"[0.14731054 0.03363054 0.01584328 0.19638544 0.48666903 0.10197056
 0.05375568 0.08193978 0.07864755 0.11083552 0.05263702 0.01870418
 0.03899405 0.07863346 0.0204345  0.06841943 0.09569032 0.04314778
 0.09831298]"|2024/2025|True|True
0|4506268|2024-08-17|1|Nottingham Forest|AFC Bournemouth|1.0|1.0|1.3|1.22|"[0.01830899 0.13002975 0.70606267 0.02098888 0.01828359 0.02175486
 0.04961415 0.03470573 0.04390309 0.07212205 0.01720305 0.06338789
 0.08445778 0.11506149]"|"[0.05981453 0.21933103 0.03676093 0.03032357 0.11529487 0.03841233
 0.05369465 0.0304398  0.0147601  0.028843   0.27128652 0.02205058
 0.30154347]"|2024/2025|True|True
0|4506269|2024-08-17|1|West Ham United|Aston Villa|1.0|2.0|2.46|2.03|"[0.04452714 0.04238813 0.7884     0.04319724 0.04091741 0.20442343
 0.05814138 0.02066691 0.04013086 0.10909669 0.0212159  0.25110078
 0.27708176 0.51519001]"|"[0.55026585 0.13528317 0.02037938 0.0776174  0.10528014 0.07328869
 0.22582959 0.02623134 0.1614622  0.0764687  0.07332031 0.23037516
 0.14584264 0.0616441  0.06555786]"|2024/2025|True|True
0|4506270|2024-08-18|1|Brentford|Crystal Palace|2.0|1.0|1.59|1.17|"[0.08844173 0.27720279 0.132631   0.00925778 0.04111842        nan
 0.06348079 0.02731295 0.22141981 0.93692863]"|"[0.11753026 0.09990785 0.09603149 0.04490818 0.04228076 0.01409266
 0.03440476 0.04976144 0.04774519 0.04062974 0.01923968 0.03633396
 0.45655468 0.07067893]"|2024/2025|True|True
0|4506271|2024-08-18|1|Chelsea|Manchester City|0.0|2.0|1.01|0.77|"[0.04194393 0.06812313 0.03593727 0.14914685 0.02815911 0.1295739
 0.46694422 0.03931491 0.02951543 0.02571143]"|"[0.0906548  0.10389643 0.16862299 0.03668239 0.04549379 0.02912579
 0.03438954 0.03825307 0.10947313 0.03027842 0.08261298]"|2024/2025|True|True
0|4506272|2024-08-19|1|Leicester City|Tottenham Hotspur|1.0|1.0|1.05|1.18|"[0.06216326 0.42840129 0.03502014 0.37458995 0.02209402 0.03892237
 0.08412839]"|"[0.04433127 0.03449142 0.13497035 0.08895455 0.07068945 0.03066474
 0.01804209 0.09366789 0.04738858 0.01144047 0.0213779  0.13867569
 0.19243664 0.05637608 0.19252308]"|2024/2025|True|True
0|4506275|2024-08-24|2|Brighton & Hove Albion|Manchester United|2.0|1.0|2.09|1.43|"[0.02930587 0.03035057 0.75242376 0.05940457 0.10446585 0.12811212
 0.22983788 0.04504455 0.07932987 0.03937322 0.08712196 0.01670918
 0.03036899 0.46143025]"|"[0.24851562 0.03909781 0.02439683 0.03857652 0.08498833 0.07096025
 0.0821695  0.02406012 0.71111685 0.0697273  0.03338036]"|2024/2025|True|True
0|4506276|2024-08-24|2|Crystal Palace|West Ham United|0.0|2.0|1.35|1.39|"[0.13258901 0.0158176  0.25403938 0.20691973 0.05943478 0.01535363
 0.0308361  0.043336   0.0313176  0.12379862 0.30490974 0.10111827
 0.01034035 0.01752653]"|"[0.01687393 0.02986718 0.5108434  0.06382839 0.04615501 0.03595851
 0.04643024 0.0066646  0.01478427 0.00954755 0.03432502 0.01915619
 0.07901012 0.11490589 0.10252167 0.05380064 0.00896661 0.19948158]"|2024/2025|True|True
0|4506277|2024-08-24|2|Fulham|Leicester City|2.0|1.0|1.78|0.61|"[0.0449966  0.04193367 0.19712269 0.04970901 0.48348221 0.06235965
 0.05840055 0.0192572  0.12249462 0.08784129 0.12843487 0.04158723
 0.01686833 0.13111053 0.07296652 0.01172921 0.16492946 0.04141873]"|"[0.02237248 0.09187833 0.01147696 0.00817822 0.20117112 0.03369008
 0.08895952 0.01438109 0.04105295 0.0948374 ]"|2024/2025|True|True
0|4506279|2024-08-24|2|Manchester City|Ipswich Town|4.0|1.0|3.34|0.29|"[0.7884     0.58954352 0.21474545 0.53317964 0.02199931 0.0270552
 0.05506187 0.17547245 0.32627052 0.07692223 0.28241366 0.1057436
 0.10421502 0.04253767]"|[0.28952038]|2024/2025|True|True
0|4506280|2024-08-24|2|Southampton|Nottingham Forest|0.0|1.0|0.14|2.45|[0.0296567  0.02242377 0.01911381 0.03463624 0.03503544]|"[0.0852795  0.13114735 0.03529616 0.01873182 0.10363352 0.14660138
 0.04044787 0.0354906  0.11585098 0.73322159 0.05891382 0.03045624
 0.03003369 0.02380036 0.09435506 0.02852772 0.1706938  0.25358155
 0.12796101 0.03637938 0.12086597 0.00919435 0.02023659]"|2024/2025|True|True
0|4506281|2024-08-24|2|Tottenham Hotspur|Everton|4.0|0.0|2.43|1.0|"[0.01434896 0.24693799 0.02611865 0.15507916 0.17952996 0.09607525
 0.86322016 0.04931489 0.03035244 0.08335577 0.16855727 0.26948354
 0.25118306]"|"[0.26608008 0.27569053 0.05205995 0.10602    0.02867424 0.09556682
 0.02448132 0.06765618 0.04078576 0.04068969]"|2024/2025|True|True
0|4506274|2024-08-24|2|Aston Villa|Arsenal|0.0|2.0|1.28|0.87|"[0.36872593 0.02219401 0.03733904 0.05401148 0.49864867 0.02252452
 0.05408123 0.0629794  0.03418204 0.09825796 0.02275486]"|"[0.06823343 0.04859062 0.03002408 0.20997041 0.13433845 0.07167154
 0.25707787 0.02284568 0.02609651]"|2024/2025|True|True
0|4506273|2024-08-25|2|AFC Bournemouth|Newcastle United|1.0|1.0|2.26|1.69|"[0.05382867 0.01981732 0.0542857  0.04177402 0.81805295 0.1259757
 0.04787892 0.026166   0.02814381 0.01605214 0.70899284 0.0393245
 0.06083996 0.13059412 0.04746474 0.03598501]"|"[0.01898607 0.03864723 0.09335372 0.01766522 0.06361825 0.04728262
 0.16114308 0.11939706 0.3115404  0.08090974 0.44762313 0.22063966
 0.04511299 0.02877601]"|2024/2025|True|True
0|4506282|2024-08-25|2|Wolverhampton Wanderers|Chelsea|2.0|6.0|1.96|1.68|"[0.2531285  0.28919506 0.45769846 0.03418824 0.14518403 0.06161727
 0.01721488 0.49219447 0.05371372 0.12606981 0.01322132 0.01535372]"|"[0.05778807 0.16618966 0.05623532 0.41868833 0.04908101 0.03854238
 0.07460486 0.06695775 0.09179071 0.22566104 0.06692778 0.15488295
 0.10723364 0.10071912]"|2024/2025|True|True
0|4506278|2024-08-25|2|Liverpool|Brentford|2.0|0.0|2.65|0.55|"[0.4236674  0.09148902 0.08646725 0.09549171 0.01897709 0.12860502
 0.2533766  0.11947915 0.0476299  0.35627013 0.02221757 0.08530997
 0.1840371  0.07675743 0.07322204 0.03521075 0.42754486 0.02798173
 0.09948034]"|"[0.01873146 0.21633103 0.03454777 0.01930484 0.04696226 0.03247666
 0.0049947  0.17666288]"|2024/2025|True|True
0|4506283|2024-08-31|3|Arsenal|Brighton & Hove Albion|1.0|1.0|2.14|1.76|"[0.05664499 0.11068751 0.0384227  0.17576943 0.57369965 0.02588587
 0.02788533 0.12204438 0.24949053 0.20939599 0.60167086]"|"[0.01731984 0.02865869 0.04306566 0.05263753 0.07014191 0.14259198
 0.35259187 0.25761616 0.11660865 0.03758794 0.0950181  0.01826074
 0.03028351 0.297481   0.01489901 0.02412382 0.02439812 0.02974023
 0.05865077 0.08715155 0.02410293 0.02735678]"|2024/2025|True|True
0|4506284|2024-08-31|3|Brentford|Southampton|3.0|1.0|2.78|1.57|"[0.12810884 0.02358457 0.05946965 0.28141475 0.01962057 0.01752567
 0.04401009 0.01898616 0.07424255 0.33251834 0.07642271 0.15713309
 0.10521139 0.10790751 0.05503748 0.39861867 0.5424642  0.1690163
 0.11687752 0.07632884]"|"[0.02454389 0.03875628 0.48432612 0.04777699 0.04792989 0.2274186
 0.05661598 0.01819098 0.05378111 0.02055479 0.01903551 0.03503077
 0.08742312 0.04414307 0.12133982 0.07069331 0.08742511 0.08337315]"|2024/2025|True|True
0|4506286|2024-08-31|3|Everton|AFC Bournemouth|2.0|3.0|1.99|2.37|"[0.06189453 0.05760987 0.09546671 0.01462197 0.00907869 0.09436144
 0.0158028  0.04416635 0.2099448  0.04772038 0.56958842 0.33370754
 0.13081786 0.04055973 0.02136087 0.12824912 0.03495624 0.0794149 ]"|"[0.07587113 0.20176271 0.00586354 0.01504346 0.09968191 0.01598492
 0.0192826  0.02589693 0.04029134 0.18668489 0.46175954 0.19250166
 0.47799116 0.25054574 0.03152876 0.06378845 0.32693404]"|2024/2025|True|True
0|4506287|2024-08-31|3|Ipswich Town|Fulham|1.0|1.0|0.45|0.95|"[0.0205062  0.03797115 0.05152687 0.1261265  0.02040809 0.01640733
 0.05452476 0.02770325 0.03086301 0.04818672 0.01570285]"|"[0.03853067 0.17227703 0.15111469 0.28610978 0.05840324 0.14142266
 0.02381986 0.03130257 0.0435737 ]"|2024/2025|True|True
0|4506288|2024-08-31|3|Leicester City|Aston Villa|1.0|2.0|0.45|1.55|"[0.04622597 0.01272492 0.03734011 0.03927629 0.03348376 0.15100983
 0.07527167 0.03410661 0.0202919 ]"|"[0.09062362 0.27483585 0.03829708 0.38540989 0.43355241 0.05909158
 0.02573043 0.14843877 0.08301972 0.0110435 ]"|2024/2025|True|True
0|4506291|2024-08-31|3|Nottingham Forest|Wolverhampton Wanderers|1.0|1.0|1.04|0.74|"[0.03129067 0.01334411 0.09311416 0.03922313 0.01720429 0.08354456
 0.03466291 0.04857584 0.24565248 0.04192824 0.03958485 0.02779005
 0.1244188  0.04815457 0.08853151 0.06141201]"|"[0.14559333 0.22600061 0.04185537 0.04242597 0.05590509 0.14152637
 0.03298729 0.02471909 0.03297913 0.02176721 0.00639566]"|2024/2025|True|True
0|4506292|2024-08-31|3|West Ham United|Manchester City|1.0|3.0|0.73|3.0|"[0.0194038  0.03838908 0.04491103 0.10806728 0.0120512  0.06528898
 0.21933103 0.13473417 0.02350225 0.06148358]"|"[0.40323868 0.05154252 0.05473345 0.45890051 0.14259605 0.01775498
 0.10424404 0.08377934        nan 0.023921   0.0139192  0.08076349
 0.09294885 0.04754247 0.03465229 0.01688199 0.02755269 0.06205065
 0.08332841 0.18793547 0.01081522 0.24550419 0.54673994 0.21632124]"|2024/2025|True|True
0|4506285|2024-09-01|3|Chelsea|Crystal Palace|1.0|1.0|2.37|0.54|"[0.06122727 0.23789503 0.20188917 0.96871018 0.03527438 0.07977702
 0.02919557 0.03977442 0.04068641 0.11739993 0.07998639 0.45573622
 0.01880135]"|"[0.04424651 0.01985389 0.03978543 0.01683763 0.06468618 0.10427867
 0.03773796 0.12744102 0.08856094]"|2024/2025|True|True
0|4506290|2024-09-01|3|Newcastle United|Tottenham Hotspur|2.0|1.0|1.83|1.26|"[0.01234032 0.03979701 0.02854891 0.18589152 0.45831195 0.08897027
        nan 0.07639326 0.01440628 0.92323112]"|"[0.04511515 0.04499036 0.02799445 0.07991847 0.0261066  0.01078861
 0.04246926 0.02073792 0.06610579 0.16060163 0.12633665 0.04396572
 0.27107656 0.07956534 0.05606318 0.01796331 0.03977334 0.03087753
 0.0288572  0.05047752]"|2024/2025|True|True
0|4506289|2024-09-01|3|Manchester United|Liverpool|0.0|3.0|1.36|1.79|"[0.05548228 0.02335311 0.07516192 0.33230689 0.34384772 0.47569147
 0.03325092 0.02185545]"|"[0.04396135 0.03137466 0.2909776  0.32033187 0.20050366 0.31619921
 0.05979971 0.04441463 0.06020888 0.27747175 0.14688678]"|2024/2025|True|True
0|4506300|2024-09-14|4|Southampton|Manchester United|0.0|3.0|1.12|2.67|[0.03255615 0.02753502 0.04372179 0.21180412 0.7884     0.06038523]|"[0.71147424 0.0278062  0.07610191 0.01935533 0.02874281 0.33763719
 0.05822643 0.28504136 0.00800794 0.01139798 0.07620987 0.0959766
 0.07992026 0.02399302 0.0100767  0.04955245 0.06170814 0.39687452
 0.01682677 0.29553309]"|2024/2025|True|True
0|4506295|2024-09-14|4|Brighton & Hove Albion|Ipswich Town|0.0|0.0|1.66|0.35|"[0.03509859 0.03289834 0.18235093 0.49307927 0.24173453 0.02405591
 0.05751529 0.02592778 0.13283715 0.0746997  0.06662399 0.07991847
 0.04589437 0.08676044 0.02568877 0.0340301  0.03261292 0.06116416
 0.05887869 0.02956119 0.06758273]"|[0.20589326 0.03033262 0.03854515 0.0290121  0.01695218 0.029075  ]|2024/2025|True|True
0|4506296|2024-09-14|4|Crystal Palace|Leicester City|2.0|2.0|2.55|1.23|"[0.06960303 0.10054416 0.03882213 0.05333602 0.03984342 0.02104368
 0.04564422 0.05287247 0.08736713 0.27859563 0.5021956  0.02862651
 0.05558489 0.14369066 0.04123205 0.03903813 0.06485345 0.07884235
 0.01532844 0.7884    ]"|"[0.08763895 0.63521451 0.05276894 0.01973974 0.10256699 0.25637054
 0.0490681  0.01188709 0.01039779]"|2024/2025|True|True
0|4506297|2024-09-14|4|Fulham|West Ham United|1.0|1.0|1.54|0.76|"[0.05705939 0.02645143 0.06555071 0.03583165 0.03850681 0.010381
 0.17716767 0.20577942 0.0327378  0.03672236 0.09832574 0.07765428
 0.05719518 0.01944756 0.02335311 0.1299088  0.06917042 0.21693645
 0.03639647 0.05385933 0.07507633]"|"[0.02348222 0.0289598  0.0275823  0.039283   0.02004213 0.24803895
 0.01859228 0.01568813 0.0136378  0.07488041 0.2461468 ]"|2024/2025|True|True
0|4506298|2024-09-14|4|Liverpool|Nottingham Forest|0.0|1.0|0.94|0.44|"[0.1064672  0.09780785 0.24849592 0.1041645  0.05878911 0.04101842
 0.06700507 0.01400868 0.04007024 0.0158701  0.03721751 0.02214726
 0.05777689 0.03173639]"|[0.12644494 0.01522471 0.03468444 0.06953556 0.19656751]|2024/2025|True|True
0|4506299|2024-09-14|4|Manchester City|Brentford|2.0|1.0|2.17|0.96|"[0.05731038 0.07073015 0.0186577  0.37772661 0.04180238 0.03066311
 0.08229767 0.08126178 0.0700585  0.19238833 0.02742061 0.03378882
 0.04589437 0.5044499  0.08202338 0.21386306 0.15663762 0.11881896]"|"[0.34460092 0.18969601 0.14149114 0.17379576 0.03151215 0.01670687
 0.02365941 0.04253236]"|2024/2025|True|True
0|4506294|2024-09-14|4|Aston Villa|Everton|3.0|2.0|2.12|0.9|"[0.0939038  0.11857473 0.01962926 0.14160801 0.08942625 0.10742627
 0.41433549 0.07139443 0.2207171  0.12889919 0.03509859 0.03228484
 0.28987926 0.0201676  0.0346379  0.07339337 0.23359101]"|[0.02483624 0.40602893 0.23918736 0.02202233 0.11935691 0.0853916 ]|2024/2025|True|True
0|4506293|2024-09-14|4|AFC Bournemouth|Chelsea|0.0|1.0|1.77|0.77|"[0.0245661  0.08633637 0.01498574 0.07940006 0.17079192 0.00650196
 0.7884     0.0510736  0.01964574 0.00817995 0.03205219 0.01674762
 0.12368425 0.03851088 0.07984965 0.09160764 0.04859062 0.02815479
 0.05605833]"|"[0.0480563  0.02702063 0.00901166 0.05143777 0.04058205 0.0754647
 0.02314596 0.19063933 0.00623877 0.3004027 ]"|2024/2025|True|True
0|4506301|2024-09-15|4|Tottenham Hotspur|Arsenal|0.0|1.0|0.71|0.74|"[0.07914609 0.03948199 0.14862084 0.04401033 0.04960087 0.04259945
 0.02252851 0.0218232  0.09617931 0.01892064 0.04447168 0.04125655
 0.02528452 0.02206961 0.01836145]"|"[0.05082766 0.0785381  0.17061625 0.05141362 0.0889942  0.07388976
 0.22539818]"|2024/2025|True|True
0|4506302|2024-09-15|4|Wolverhampton Wanderers|Newcastle United|1.0|2.0|1.23|1.52|"[0.01458287 0.09190775 0.11601476 0.43062785 0.12331556 0.12062228
 0.07987721 0.05034668 0.04955812 0.03190039 0.02961841 0.09643628]"|"[0.05381548 0.11553953 0.12642895 0.02617542 0.08988198 0.0435979
 0.07991847 0.0625596  0.02535227 0.08118837 0.02771838 0.05828348
 0.36099163 0.36709392]"|2024/2025|True|True
0|4506312|2024-09-21|5|West Ham United|Chelsea|0.0|3.0|0.85|2.19|"[0.06392242 0.01486348 0.05836471 0.02412619 0.05963988 0.02357356
 0.06221649 0.098393   0.09579988 0.02406878 0.04766318 0.03580381
 0.1348559  0.04490213 0.06538271]"|"[0.22224206 0.14739676 0.44274938 0.07169799 0.04460801 0.26950958
 0.02231174 0.11112416 0.10201434 0.07596689 0.58648223 0.09430917]"|2024/2025|True|True
0|4506303|2024-09-21|5|Aston Villa|Wolverhampton Wanderers|3.0|1.0|1.73|0.51|"[0.05081505 0.02503192 0.05136346 0.16260773 0.16366392 0.12664555
 0.07081728 0.21245614 0.86603212]"|"[0.08144759 0.10479341 0.02814759 0.06067277 0.05776875 0.02514701
 0.02335311 0.02804074 0.06820394 0.03697636]"|2024/2025|True|True
0|4506306|2024-09-21|5|Fulham|Newcastle United|3.0|1.0|2.29|1.54|"[0.07477974 0.06261132 0.13110512 0.0203983  0.06537996 0.01571394
 0.27413613 0.23892584 0.10223786 0.01237196 0.23421644 0.02438649
 0.02710376 0.26145992 0.04336389 0.0734269  0.0306102  0.05819026
 0.07522546 0.05764089 0.31165764 0.09980665]"|"[0.01358478 0.01056469 0.02862564 0.03336459 0.02585419 0.13267705
 0.05589573 0.06961392 0.04997017 0.04195452 0.36510822 0.03129397
 0.38409296 0.20810148 0.04901441 0.03799783]"|2024/2025|True|True
0|4506307|2024-09-21|5|Leicester City|Everton|1.0|1.0|0.66|1.1|"[0.02445904 0.03835066 0.02245026 0.0269526  0.0596274  0.02276416
 0.08237668 0.06173307 0.2144687  0.03118772 0.0346046  0.04329179]"|"[0.0213763  0.29528165 0.02208045 0.03131254 0.08724551 0.00717569
 0.05941288 0.09675473 0.05019664 0.01272308 0.0750594  0.12344434
 0.08686747 0.02184941 0.00645168 0.02327798 0.08203274]"|2024/2025|True|True
0|4506308|2024-09-21|5|Liverpool|AFC Bournemouth|3.0|0.0|2.06|1.08|"[0.08429432 0.02310842 0.03851911 0.10078757 0.14429019 0.20645723
 0.12559879 0.23848785 0.06230888 0.07122313 0.021109   0.27114886
 0.16594709 0.09979629 0.00929683 0.1517693  0.14020926 0.02812667
 0.07344884]"|"[0.06974576 0.24178158 0.00687868 0.04699458 0.01851755 0.03737031
 0.02069981 0.0208959  0.02678563 0.04670978 0.01922823 0.03663353
 0.03931415 0.09308507 0.02750092 0.1813416  0.05094225 0.07696695
 0.02211929]"|2024/2025|True|True
0|4506310|2024-09-21|5|Southampton|Ipswich Town|1.0|1.0|2.49|1.69|"[0.72027457 0.4610019  0.02562289 0.36823249 0.09734501 0.43487823
 0.02066668 0.10676099 0.14808904 0.03980881 0.07080037]"|"[0.09354031 0.52512836 0.03327521 0.02481846 0.0593509  0.04601497
 0.19007091 0.02528795 0.07755226 0.06282023 0.06707216 0.43964088
 0.0431813 ]"|2024/2025|True|True
0|4506311|2024-09-21|5|Tottenham Hotspur|Brentford|3.0|1.0|3.52|0.8|"[0.08010674 0.06735181 0.10828915 0.29657021 0.71257466 0.07011469
 0.03014386 0.0642212  0.04620508 0.07700024 0.1468711  0.01675316
 0.07012775 0.35745394 0.09544438 0.04390205 0.14868632 0.06534725
 0.46917412 0.14190085 0.06749789 0.10815702 0.51484996]"|[0.10317314 0.01690912 0.31648409 0.08789068 0.21593837 0.06188204]|2024/2025|True|True
0|4506305|2024-09-21|5|Crystal Palace|Manchester United|0.0|0.0|1.01|1.7|"[0.15585534 0.01341707 0.131835   0.22413725 0.02780089 0.34831634
 0.03235497 0.02199738 0.08495446]"|"[0.07057022 0.13751847 0.4037756  0.2051149  0.30090916 0.18160158
 0.1011202  0.03869975 0.03802074 0.01894892 0.03643098 0.09965215
 0.02727631 0.02874438 0.06465526]"|2024/2025|True|True
0|4506304|2024-09-22|5|Brighton & Hove Albion|Nottingham Forest|2.0|2.0|1.0|1.42|"[0.04222273 0.02270143 0.13530767 0.0447121  0.11951531 0.05518545
 0.0374641  0.0178705  0.23631975 0.14869891 0.09577488 0.01612781
 0.01691764 0.01485098]"|[0.7884     0.06908017 0.1059311  0.45478126]|2024/2025|True|True
0|4506309|2024-09-22|5|Manchester City|Arsenal|2.0|2.0|2.18|0.67|"[0.17276326 0.50969172 0.05235767 0.01833657 0.01889444 0.09353788
 0.03935648 0.03018507 0.01475899 0.01579549 0.02836906 0.09629824
 0.10550354 0.04580631 0.04840504 0.02912579 0.0142547  0.01896485
 0.04154348 0.03562457 0.01656112 0.0353816  0.06588797 0.04994263
 0.02256379 0.03232091 0.02773284 0.04529519 0.12555578 0.04696326
 0.02487678 0.08639041 0.17631835]"|[0.02379143 0.17725791 0.0885101  0.31740507 0.06721923]|2024/2025|True|True
0|4506320|2024-09-28|6|Newcastle United|Manchester City|1.0|1.0|1.57|0.91|"[0.03495624 0.02535885 0.08145091 0.10888549 0.03771981 0.03291839
 0.07561143 0.7884     0.08772288 0.09815996 0.2065983 ]"|"[0.01831077 0.02306135 0.05719733 0.09179533 0.01966066 0.07568682
 0.01900727 0.03250195 0.0250992  0.02316441 0.06004161 0.05593263
 0.17076454 0.02827344 0.07345758 0.13932222]"|2024/2025|True|True
0|4506314|2024-09-28|6|Arsenal|Leicester City|4.0|2.0|4.96|0.32|"[0.03426005 0.01719087 0.06850549 0.19935301 0.01910838 0.05246808
 0.04097832 0.02937813 0.0655548  0.05396173 0.5974021  0.11864857
 0.11886735 0.37124851 0.1709256  0.01726645 0.04596021 0.02723941
 0.0700161  0.264559   0.07334545 0.07994353 0.08100874 0.5882206
 0.11702009 0.01320405 0.16417789 0.03799386 0.02123927 0.03178493
 0.08722349 0.12276937 0.02102318 0.10546228 0.88558263]"|[0.06575905 0.02826299 0.03074652 0.14470522 0.05343844 0.        ]|2024/2025|True|True
0|4506315|2024-09-28|6|Brentford|West Ham United|1.0|1.0|0.37|0.99|"[0.1252562  0.04311956 0.0529004  0.03835066 0.04250671 0.02426649
 0.02891223 0.01262736]"|"[0.01714864 0.05315252 0.02122052 0.04131758 0.02281189 0.00988884
 0.02527894 0.02094994 0.05699618 0.02403209 0.13983057 0.02737778
 0.04406585 0.01039957 0.09969392 0.22256774 0.03842317 0.04847307
 0.06274092]"|2024/2025|True|True
0|4506316|2024-09-28|6|Chelsea|Brighton & Hove Albion|4.0|2.0|4.16|1.11|"[0.07977764 0.60982227 0.22148742 0.7884     0.0455115  0.23178329
 0.18338394 0.05525712 0.89807677 0.01609153 0.17749578 0.54234022
 0.17778783 0.06490405 0.07075993]"|"[0.08624443 0.01326881 0.2653043  0.04682512 0.10791644 0.24048893
 0.02239724 0.0313309  0.01890963 0.02969904 0.02217222 0.08397446
 0.05813057 0.0385901  0.04353917]"|2024/2025|True|True
0|4506317|2024-09-28|6|Everton|Crystal Palace|2.0|1.0|0.89|0.95|"[0.26121596 0.01535372 0.22314693 0.12641309 0.02357069 0.10316067
 0.11709405 0.01985156]"|"[0.05107022 0.0211295  0.17580487 0.02469298 0.16874406 0.03178562
 0.03532673 0.0118182  0.02672113 0.0526063  0.02150895 0.04434229
 0.05429986 0.04534571 0.15532443 0.01024702 0.01488879]"|2024/2025|True|True
0|4506321|2024-09-28|6|Nottingham Forest|Fulham|0.0|1.0|0.8|1.33|"[0.03323752 0.15952189 0.13638747 0.04575332 0.01753616 0.02575701
 0.1461229  0.06750204 0.01765496 0.12673737 0.02000013]"|"[0.0191402  0.0249836  0.06205413 0.05979243 0.08394995 0.06714974
 0.0374757  0.7884     0.02899801 0.04712835 0.02163098 0.02487691
 0.05653642 0.01180936]"|2024/2025|True|True
0|4506322|2024-09-28|6|Wolverhampton Wanderers|Liverpool|1.0|2.0|0.63|2.54|"[0.04203507 0.04177966 0.03094153 0.00848026 0.37815487 0.01655452
 0.1054636  0.01119365]"|"[0.12180163 0.07485491 0.75037801 0.01569068 0.10479341 0.49338901
 0.7884     0.04177247 0.08600335 0.06470741]"|2024/2025|True|True
0|4506318|2024-09-29|6|Ipswich Town|Aston Villa|2.0|2.0|1.18|0.82|"[0.04651456 0.11990841 0.04384339 0.11576132 0.0187734  0.15910347
 0.02655628 0.01993433 0.03505404 0.28876135 0.06439848 0.01578509
 0.16154015 0.0265266  0.03982539]"|"[0.02624847 0.10671603 0.13330443 0.40180936 0.0454034  0.08676044
 0.01988156]"|2024/2025|True|True
0|4506319|2024-09-29|6|Manchester United|Tottenham Hotspur|0.0|3.0|0.96|4.59|"[0.24833111 0.00878388 0.08391297 0.00791729 0.0426888  0.0868101
 0.08126057 0.17625169 0.02904097 0.0225881  0.17001569]"|"[0.91460532 0.33674967 0.03524923 0.03773796 0.04380771 0.0464699
 0.05147704 0.07978664 0.33098239 0.04085156 0.01665915 0.05267894
 0.38837072 0.11777936 0.28202504 0.11305097 0.07238799 0.04119847
 0.17716803 0.87242818 0.02343681 0.30250627 0.29385751 0.03974359]"|2024/2025|True|True
0|4506313|2024-09-30|6|AFC Bournemouth|Southampton|3.0|1.0|1.37|0.6|"[0.26537949 0.03361446 0.42088252 0.09986176 0.06091057 0.03672178
 0.01663846 0.02733175 0.08615266 0.07887891 0.12861963 0.02211929
 0.00819076 0.08606877]"|"[0.02211929 0.16077651 0.02750948 0.05139041 0.13342482 0.07468718
 0.03470143 0.07072078 0.0231054 ]"|2024/2025|True|True
0|4506328|2024-10-05|7|Crystal Palace|Liverpool|0.0|1.0|0.64|1.39|"[0.07606748 0.07169799 0.01769834 0.13097849 0.19571498 0.00974692
 0.01610853 0.01886438 0.10799179]"|"[0.24563207 0.02110348 0.03232552 0.21561544 0.02844554 0.03126264
 0.0308815  0.02779005 0.05593451 0.18425158 0.35106239 0.0192572
 0.02924983 0.03413263 0.06864446 0.01939156]"|2024/2025|True|True
0|4506323|2024-10-05|7|Arsenal|Southampton|3.0|1.0|2.83|0.65|"[0.05570994 0.16526274 0.16613886 0.12626275 0.09596839 0.04954043
 0.06137532 0.08716802 0.02222393 0.01886438 0.03651684 0.04050892
 0.20795594 0.05937856 0.04681698 0.12771617 0.06785943 0.02869039
 0.05425319 0.17227703 0.40525413 0.03350929 0.03941377 0.07027428
 0.0586134  0.04877873 0.2223132  0.18447572 0.12094587]"|"[0.01835096 0.03776221 0.03328672 0.17182533 0.06076601 0.0261066
 0.26197353 0.04287111]"|2024/2025|True|True
0|4506325|2024-10-05|7|Brentford|Wolverhampton Wanderers|5.0|3.0|4.25|1.05|"[0.52824217 0.24843693 0.04586832 0.04249645 0.7884     0.31355983
 0.21503145 0.07604349 0.02877673 0.03234804 0.08717416 0.08915287
 0.18668489 0.00939424 0.3218745  0.13925505 0.05497863 0.88889277
 0.15299624]"|"[0.28923354 0.03540878 0.01179153 0.01103595 0.16257852 0.03722652
 0.02317607 0.02127296 0.0495054  0.02311545 0.01465379 0.01726338
 0.04048486 0.05596836 0.04927803 0.15575443 0.05643406]"|2024/2025|True|True
0|4506330|2024-10-05|7|Leicester City|AFC Bournemouth|1.0|0.0|0.79|2.16|[0.03246949 0.23052567 0.03378409 0.44470391 0.01465442 0.02950842]|"[0.11671927 0.03041188 0.07652672 0.04263425 0.12389928 0.0222242
 0.19799437 0.11339103 0.09347634 0.25939724 0.04800791 0.45290041
 0.01979167 0.02369627 0.03722446 0.02631885 0.04237608 0.13417044
 0.30092853]"|2024/2025|True|True
0|4506331|2024-10-05|7|Manchester City|Fulham|3.0|2.0|1.57|2.6|"[0.13120261 0.09765711 0.05866574 0.05966911 0.03022393 0.06098278
 0.03534735 0.32412034 0.06886663 0.0445164  0.07792491 0.03212772
 0.04013086 0.04947838 0.02483483 0.13303944 0.05463046 0.01963311
 0.05516976 0.17376627]"|"[0.04746474 0.02982738 0.30564341 0.58543724 0.45479113 0.07928313
 0.14584264 0.09043877 0.53171444 0.10495599 0.22141981]"|2024/2025|True|True
0|4506332|2024-10-05|7|West Ham United|Ipswich Town|4.0|1.0|3.79|0.65|"[0.09763046 0.14213739 0.07585547 0.02184941 0.05659325 0.36233082
 0.28751948 0.02804268 0.1377053  0.50865674 0.05792661 0.02364358
 0.11131451 0.03733904 0.03225308 0.5786103  0.22721744 0.90009594
 0.06204549 0.01147696 0.01927034 0.0436448  0.03393212]"|"[0.03661059 0.04587059 0.02568877 0.04116686 0.26963443 0.01396954
 0.0875804  0.09301648 0.03531402]"|2024/2025|True|True
0|4506329|2024-10-05|7|Everton|Newcastle United|0.0|0.0|0.67|2.05|"[0.08339533 0.01890685 0.01826624 0.01454    0.13057511 0.39382404
 0.01917738 0.03892829]"|"[0.07193696 0.05418656 0.7884     0.02436122 0.0318906  0.16161923
 0.12849754 0.11484211 0.18674868 0.09754582 0.03022876 0.17930345
 0.16139109 0.02181678]"|2024/2025|True|True
0|4506324|2024-10-06|7|Aston Villa|Manchester United|0.0|0.0|0.5|0.56|"[0.05673346 0.02799541 0.05347701 0.01989659 0.03071814 0.03766769
 0.03010151 0.02852474 0.04803859 0.08900031 0.0817182 ]"|"[0.15941423 0.02000305 0.01347967 0.03680955 0.0329324  0.03563146
 0.12048844 0.02600834 0.01864514 0.10479341]"|2024/2025|True|True
0|4506327|2024-10-06|7|Chelsea|Nottingham Forest|1.0|1.0|2.46|0.87|"[0.0218232  0.01794141 0.03934827 0.01746244 0.04101842 0.06137562
 0.24091856 0.49622968 0.05518153 0.02875041 0.02710191 0.05069267
 0.0956047  0.11778295 0.0089707  0.3012028  0.09379563 0.01196725
 0.20171124 0.51483965 0.02116989 0.02375328]"|"[0.04786107 0.02240917 0.02012866 0.02326763 0.11507628 0.00856304
 0.01744225 0.03570583 0.1638366  0.09238312 0.04735713 0.03673321
 0.12279266 0.03228996 0.02768765 0.06008599]"|2024/2025|True|True
0|4506326|2024-10-06|7|Brighton & Hove Albion|Tottenham Hotspur|3.0|2.0|1.76|1.34|"[0.01866845 0.52180445 0.05436368 0.02645313 0.24736312 0.04719033
 0.02690132 0.17246765 0.06870829 0.55884695 0.01508798]"|"[0.04302952 0.10227997 0.07327594 0.48276192 0.1022444  0.11161412
 0.0282453  0.05598073 0.10415921 0.04287644 0.02568877 0.05951093
 0.10911331]"|2024/2025|True|True
0|4506401|2024-10-19|8|Tottenham Hotspur|West Ham United|4.0|1.0|1.92|0.78|"[0.01953306 0.01602679 0.03932776 0.23233859 0.01624949 0.01062707
 0.5555234  0.08434755 0.02555874 0.09670032 0.02081149 0.03464971
 0.05827783 0.15770566 0.04391297 0.09619187 0.22298357 0.03396564
 0.05502637 0.03020444 0.03891443 0.0309269 ]"|"[0.10062867 0.00755206 0.02814091 0.07221373 0.04070876 0.00785032
 0.04010126        nan 0.40559733 0.01494966 0.02931615 0.03728172]"|2024/2025|True|True
0|4506394|2024-10-19|8|Fulham|Aston Villa|1.0|3.0|1.78|1.68|"[0.12762541 0.01774499 0.05745439 0.26217449 0.7884     0.26338074
 0.02386636        nan 0.02890844 0.05386068 0.15426588]"|"[0.03831718 0.09253349 0.33415851 0.02462217 0.51981598 0.08027466
 0.12166578 0.07827312 0.12995149 0.05041147 0.0421314  0.11002576
 0.01846369 0.03922468]"|2024/2025|True|True
0|4506397|2024-10-19|8|Manchester United|Brentford|2.0|1.0|1.33|0.86|"[0.01757501 0.02098313 0.02900464 0.06707244 0.01281426 0.00585909
 0.05687229 0.01873009 0.02017392 0.03895752 0.13822064 0.02078404
 0.03585869 0.01894263 0.0259077  0.0420392  0.40059757 0.16717838
 0.02567643 0.03351669 0.07196917 0.0369578  0.02461972]"|"[0.03421918 0.06471492 0.07610208 0.01976495 0.08724794 0.41939583
 0.02992091 0.1257486 ]"|2024/2025|True|True
0|4506398|2024-10-19|8|Newcastle United|Brighton & Hove Albion|0.0|1.0|2.02|1.12|"[0.1489895  0.0076625  0.03277878 0.02848677 0.03672236 0.10242702
 0.45568597 0.02809442 0.22505967 0.01862698 0.05170435 0.02887915
 0.02461156 0.13445456 0.05207495 0.28547454 0.05200253 0.03204267
 0.20101772 0.02204936 0.05181333]"|"[0.36074951 0.010705   0.04770612 0.09079528 0.05981453 0.19156729
 0.14324673 0.13716176 0.06897005 0.01121996]"|2024/2025|True|True
0|4506400|2024-10-19|8|Southampton|Leicester City|2.0|3.0|2.15|3.21|"[0.0441182  0.37578425 0.42912862 0.5761826  0.02267295 0.19518922
 0.05320936 0.01821725 0.13938846 0.04097466 0.07453701 0.15267237
 0.02186601 0.01951111]"|"[0.43557432 0.01768279 0.01980011 0.22386585 0.03632716 0.01483407
 0.04640688 0.18350725 0.02701484 0.94735289 0.01754379 0.15707788
 0.7884     0.01526195 0.03617453 0.02016509 0.12297276 0.09809837]"|2024/2025|True|True
0|4506395|2024-10-19|8|Ipswich Town|Everton|0.0|2.0|1.25|1.74|"[0.27863887 0.03336459 0.05519225 0.09417325 0.13531072 0.06772152
 0.09672218 0.06814322 0.02095865 0.03757894 0.14824481 0.02110656
 0.19563584]"|"[0.54923689 0.22795963 0.06543294 0.03030351 0.03179993 0.05550555
 0.13373823 0.05885988 0.02171708 0.05467389 0.50672603]"|2024/2025|True|True
0|4506393|2024-10-19|8|AFC Bournemouth|Arsenal|2.0|0.0|1.82|0.68|"[0.03371117 0.02916797 0.0354577  0.03895081 0.02104655 0.15902013
 0.05166443 0.3687996  0.04160558 0.01857479 0.11094727 0.12588421
 0.7884    ]"|[0.01958877 0.15114656 0.04720589 0.04142558 0.36071643 0.09328176]|2024/2025|True|True
0|4506402|2024-10-20|8|Wolverhampton Wanderers|Manchester City|1.0|2.0|0.97|1.62|[0.53880113 0.2036323  0.03806733]|"[0.03552591 0.1723779  0.1361935  0.05593748 0.04676825 0.04137399
 0.02298368 0.03016563 0.03123949 0.06261043 0.04242597 0.0265037
 0.01572774 0.15558678 0.12324113 0.12563224 0.09092938 0.04151209
 0.04542782 0.03569559 0.02830599 0.25574392]"|2024/2025|True|True
0|4506396|2024-10-20|8|Liverpool|Chelsea|2.0|1.0|1.94|0.99|"[0.01953918 0.01611335 0.7884     0.21866503 0.11182388 0.68730146
 0.02335311 0.02905522 0.04176351]"|"[0.13011384 0.04157102 0.08854595 0.28774282 0.02424835 0.05856191
 0.10318325 0.02602823 0.0201188  0.11605177 0.04961701 0.04456349]"|2024/2025|True|True
0|4506399|2024-10-21|8|Nottingham Forest|Crystal Palace|1.0|0.0|1.76|0.97|"[0.02750948 0.03896117 0.15580931 0.05478894 0.13860098 0.13994585
 0.10910295 0.01922144 0.59891802 0.06338523 0.02794349 0.05964195
 0.0318647  0.02742729 0.0155523  0.05772465 0.01823457 0.13152617
 0.01070191 0.03824357]"|"[0.05792661 0.04017965 0.08927014 0.03364108 0.03346206 0.01258556
 0.13746965 0.0479098  0.02938203 0.10860579 0.10483585 0.02058965
 0.01743714 0.07561885 0.02679342 0.03795677 0.03329014 0.01607909
 0.01940261 0.02825282]"|2024/2025|True|True
0|4506413|2024-10-25|9|Leicester City|Nottingham Forest|1.0|3.0|0.76|1.73|"[0.0273913  0.0395551  0.52201355 0.01816036 0.01488537 0.01373009
 0.01477847 0.01365394 0.03585869 0.04550152 0.0180253 ]"|"[0.01677943 0.03320007 0.06702533 0.27613187 0.01884687 0.01494886
 0.04778098 0.02508713 0.01798675 0.0940311  0.06061328 0.05390376
 0.13055611 0.2349637  0.36212209 0.10053785 0.05678961 0.02270989
 0.04686815 0.06002122]"|2024/2025|True|True
0|4506404|2024-10-26|9|Aston Villa|AFC Bournemouth|1.0|1.0|1.81|0.31|"[0.10678926 0.08106732 0.092794   0.17471784 0.15033965 0.06146316
 0.06680492 0.0251413  0.06713154 0.01210321 0.0767414  0.31565005
 0.02592093 0.06420194 0.01299293 0.06164898 0.21779804 0.19937843]"|"[0.01686097 0.06922226 0.01726338 0.0229115  0.02631064 0.02996046
 0.01880135 0.04232288 0.02490543 0.03725566]"|2024/2025|True|True
0|4506405|2024-10-26|9|Brentford|Ipswich Town|4.0|3.0|4.1|1.3|"[0.08109357 0.03026678 0.01967806 0.2157594  0.60325474 0.7884
 0.13802373 0.0261515  0.30145153 0.27358046 0.2401322  0.52763289
 0.08957937 0.04450301 0.23572601 0.14191858 0.02151477 0.08531791
 0.21286708 0.0201777 ]"|"[0.04064045 0.18893024 0.26527941 0.01749115 0.04668793 0.40898326
 0.09242071 0.02209473 0.05829535 0.14458151 0.01776203]"|2024/2025|True|True
0|4506406|2024-10-26|9|Brighton & Hove Albion|Wolverhampton Wanderers|2.0|2.0|1.31|1.36|"[0.07151215 0.03784589 0.06224019 0.06270795 0.03378882 0.01505505
 0.11012479 0.02508434 0.07707912 0.04286143 0.02820984 0.03192864
 0.45136124 0.03620395 0.00791729 0.06655962 0.05080568 0.02191255
 0.07592013]"|"[0.23424752 0.04119784 0.03132928 0.05287932 0.0795421  0.20892155
 0.18309359 0.16383758 0.06046671 0.17478441 0.05604554 0.01306778
 0.01358838 0.05116206]"|2024/2025|True|True
0|4506415|2024-10-26|9|Manchester City|Southampton|1.0|0.0|2.95|0.21|"[0.01737802 0.37531441 0.02213312 0.0575101  0.01595884 0.09301648
 0.0491378  0.1184511  0.05412741 0.056169   0.05874044 0.1620318
 0.050303   0.03469367 0.38319319 0.04438388 0.6644963  0.01079673
 0.02720773 0.09096347 0.03531402 0.52376407]"|[0.10218234 0.01760163 0.05202895 0.01109192 0.02457765]|2024/2025|True|True
0|4506410|2024-10-26|9|Everton|Fulham|1.0|1.0|0.79|1.26|"[0.06075449 0.0354577  0.12184343 0.05956003 0.05799574 0.02271565
 0.02058897 0.03560546 0.03743825 0.33674836]"|"[0.01516228 0.27359828 0.13148503 0.25552645 0.04337898 0.12407884
 0.06488936 0.08123481 0.02951543 0.07085962 0.01955919 0.08130509
 0.05609041 0.01473968]"|2024/2025|True|True
0|4506407|2024-10-27|9|Chelsea|Newcastle United|2.0|1.0|1.61|1.81|"[0.02651437 0.02299084 0.55723965 0.0373503  0.02749906 0.13500774
 0.07867369 0.02657911 0.01681406 0.04919406 0.07815678 0.05270011
 0.05909158 0.0744966  0.25036332 0.07796901 0.03609312]"|"[0.04191633 0.08712248 0.15714328 0.04988691 0.08076349 0.04984904
 0.97983962 0.05537361 0.05114358 0.18058932 0.07898916]"|2024/2025|True|True
0|4506409|2024-10-27|9|Crystal Palace|Tottenham Hotspur|1.0|0.0|0.78|0.74|"[0.03338146 0.06053274 0.02015114 0.11615407 0.15682647 0.01274594
 0.03067884 0.03540088 0.05936735 0.03271374 0.12344036 0.02745057
 0.02670359 0.04688372]"|"[0.03853561 0.10483701 0.18157937 0.05244708 0.04514908 0.02063779
 0.11264525 0.03736856 0.09936901 0.01993857 0.02888808]"|2024/2025|True|True
0|4506417|2024-10-27|9|West Ham United|Manchester United|2.0|1.0|3.0|2.34|"[0.03706054 0.04249265 0.0519006  0.76241291 0.03157661 0.03745928
 0.33448142 0.20418918 0.5291422  0.08764663 0.7884     0.09640095]"|"[0.11687752 0.02431828 0.07870554 0.5861479  0.30142093 0.461851
 0.07305223 0.078084   0.01584504 0.03539258 0.02076808 0.01719834
 0.04566401 0.07131661 0.28982103 0.01818892 0.02608219 0.08020268]"|2024/2025|True|True
0|4506403|2024-10-27|9|Arsenal|Liverpool|2.0|2.0|0.92|0.81|"[0.16806526 0.03407164 0.11540002 0.01612557 0.05040222 0.38341892
 0.04997114 0.03272662 0.07166578]"|"[0.03499584 0.25246897 0.07758138 0.03085904 0.01874902 0.03105452
 0.02710353 0.05172395 0.28569585]"|2024/2025|True|True
0|4506468|2024-11-02|10|Newcastle United|Arsenal|1.0|0.0|0.52|1.05|"[0.01468214 0.25304645 0.02985356 0.05723083 0.04444259 0.02284192
 0.02043627 0.03765085 0.04481057]"|"[0.02980529 0.00660077 0.03919568 0.15693033 0.36709812 0.03855152
 0.04811957 0.04810758 0.03405673 0.30051297]"|2024/2025|True|True
0|4506463|2024-11-02|10|AFC Bournemouth|Manchester City|2.0|1.0|2.04|1.56|"[0.14867577 0.29241741 0.31760025 0.02393648 0.02739528 0.09644793
 0.06209898 0.37024733 0.05591814 0.59780169 0.03297273 0.09504801]"|"[0.02080006 0.02624644 0.08542715 0.04764514 0.13968611 0.24651907
 0.02189418 0.02818025 0.03272972 0.16150032 0.06437842 0.01848282
 0.03586136 0.01948652 0.21318661 0.39899772 0.04497596 0.03956695]"|2024/2025|True|True
0|4506465|2024-11-02|10|Ipswich Town|Leicester City|1.0|1.0|1.0|1.55|"[0.29677996 0.04047672 0.03684572 0.03895215 0.08202338 0.14543715
 0.02530075 0.06661685 0.04802204 0.03975917 0.01036178 0.01897245
 0.08541402 0.06536343]"|"[0.19818063 0.01122952 0.06722061 0.04483865 0.01535189 0.03657756
 0.01442621 0.10728719 0.2890428  0.01654121 0.05335855 0.06024837
 0.08725411 0.02113408 0.30798611 0.04704898 0.04696226 0.02105669
 0.04546271 0.05841765]"|2024/2025|True|True
0|4506466|2024-11-02|10|Liverpool|Brighton & Hove Albion|2.0|1.0|1.65|1.01|"[0.06743417 0.24624127 0.22273518 0.14929068 0.0285079  0.16354528
 0.04814387 0.22479889 0.05596689 0.05274858 0.01371067 0.0572742
 0.10713731 0.04611736 0.03369113 0.13651837]"|"[0.05278852 0.03376878 0.33084735 0.16242537 0.10211468 0.01618312
 0.07468356 0.0473559  0.0661758  0.04002858 0.0318395  0.0440042
 0.00653627]"|2024/2025|True|True
0|4506469|2024-11-02|10|Nottingham Forest|West Ham United|3.0|0.0|2.17|0.13|"[0.11167393 0.01482493 0.15888721 0.06060275 0.01995306 0.75847399
 0.02959958 0.03329274 0.10794704 0.13811313 0.03773796 0.01395175
 0.0326434  0.07773897 0.07351328 0.09993939 0.35555145 0.01703406
 0.03309661]"|[0.06205336 0.01179559 0.02542681 0.02815291]|2024/2025|True|True
0|4506470|2024-11-02|10|Southampton|Everton|1.0|0.0|0.74|1.56|"[0.06465479 0.12368894 0.1987624  0.0187018  0.02129477 0.11648665
 0.05436842 0.02488206 0.12152781]"|"[0.0261976  0.09401717 0.01150834 0.0180364  0.02066543 0.02335311
 0.06706947 0.03735429 0.03231599 0.03087696 0.10187995 0.03176894
 0.0146621  0.31239757 0.0531497  0.686562  ]"|2024/2025|True|True
0|4506472|2024-11-02|10|Wolverhampton Wanderers|Crystal Palace|2.0|2.0|1.53|2.51|"[0.02267745 0.04953396 0.05568727 0.36263949 0.05096575 0.01359593
 0.61382085 0.20870228 0.07624605 0.05046009 0.02390427]"|"[0.21003182 0.08443131 0.09283042 0.01196496 0.21509004 0.05606318
 0.25623825 0.04398914 0.0301321  0.06229379 0.13282116 0.09125382
 0.0372259  0.05765168 0.06156847 0.05301524 0.18757148 0.12134165
 0.70717657]"|2024/2025|True|True
0|4506471|2024-11-03|10|Tottenham Hotspur|Aston Villa|4.0|1.0|2.44|1.86|"[0.01240371 0.04439839 0.02438696 0.02679947 0.01933368 0.01930485
 0.02463387 0.03929434 0.59075379 0.10146465 0.0262878  0.02796654
 0.59079862 0.74083781 0.12090537 0.02990659]"|"[0.02506001 0.28091887 0.03518936 0.03052867 0.07643732 0.72846222
 0.18333656 0.03136869 0.02212738 0.39421028 0.03013478 0.02130343]"|2024/2025|True|True
0|4506467|2024-11-03|10|Manchester United|Chelsea|1.0|1.0|1.98|1.11|"[0.18825644 0.18153796 0.13315658 0.21648987 0.0187652  0.01810469
 0.21540251 0.7884     0.03910316 0.02358954 0.15766035]"|"[0.09491474 0.50868094 0.00913942 0.02055451 0.07686853 0.11083569
 0.03669354 0.04357198 0.01917424 0.03261932 0.13521917 0.02135179]"|2024/2025|True|True
0|4506464|2024-11-04|10|Fulham|Brentford|2.0|1.0|1.35|0.59|"[0.05694016 0.034428   0.16955827 0.0300929  0.09199613 0.03719093
 0.02640903 0.05062919 0.10344148 0.03917098 0.02739954 0.01663696
 0.02150967 0.03919828 0.02613611 0.01623369 0.0683025  0.02676007
 0.06491814 0.0264587  0.06292138 0.04655262 0.02113333 0.09733266
 0.0582845  0.09870446]"|[0.02624748 0.08358681 0.07189476 0.34375626 0.13751057]|2024/2025|True|True
0|4506473|2024-11-09|11|Brentford|AFC Bournemouth|3.0|2.0|1.48|2.61|"[0.0904004  0.13774061 0.05935148 0.04995742 0.05286788 0.46384099
 0.09106866 0.07901108 0.02105448 0.0722241  0.27328399 0.08626226]"|"[0.03707424 0.03077352 0.06407231 0.68865931 0.96974283 0.05755123
 0.0277215  0.02583151 0.10235879 0.12765959 0.04012189 0.06282023
 0.00973163 0.22351509 0.13904104]"|2024/2025|True|True
0|4506476|2024-11-09|11|Crystal Palace|Fulham|0.0|2.0|1.52|1.83|"[0.05829781 0.02746092 0.06449668 0.18550004 0.11121496 0.40853685
 0.49251038 0.10841449 0.02963938 0.02270729 0.02353231 0.02317379
 0.01779863]"|"[0.05923741 0.1436017  0.03207686 0.02904441 0.0486809  0.0458615
 0.03416134 0.04396949 0.15048534 0.01616749 0.48138702 0.03962166
 0.07525729 0.02872894 0.09376891 0.05841948 0.44942334]"|2024/2025|True|True
0|4506481|2024-11-09|11|West Ham United|Everton|0.0|0.0|0.83|1.11|"[0.0353623  0.01902374 0.00791729 0.03485258 0.02730826 0.04929411
 0.02324963 0.27749252 0.03862113 0.20428932 0.10791644]"|"[0.02534805 0.11842436 0.16808021 0.01347587 0.02935721 0.03809739
 0.05483451 0.01704879 0.01979183 0.04019218 0.0194264  0.34613621
 0.05806402 0.0444112  0.01656283 0.0141896  0.03110464 0.05725368]"|2024/2025|True|True
0|4506482|2024-11-09|11|Wolverhampton Wanderers|Southampton|2.0|0.0|1.26|0.66|"[0.9744879  0.01911669 0.02108256 0.09284762 0.04589437 0.03998435
 0.03631379 0.02789101]"|"[0.05470728 0.10636503 0.00557075 0.06718836 0.17481567 0.0441244
 0.02913756 0.12350249 0.04987909]"|2024/2025|True|True
0|4506474|2024-11-09|11|Brighton & Hove Albion|Manchester City|2.0|1.0|2.29|2.22|"[0.2653043  0.11571088 0.03931415 0.34882843 0.1822923  0.21688356
 0.28879803 0.24386518 0.51871389 0.0709519 ]"|"[0.49993372 0.1776033  0.61962682 0.65893972 0.04722092 0.24744245
 0.02244981 0.02025991 0.05096918 0.01713059 0.07566956 0.03465372
 0.03231674 0.05354914 0.07289729]"|2024/2025|True|True
0|4506477|2024-11-09|11|Liverpool|Aston Villa|2.0|0.0|2.02|1.38|"[0.0579709  0.03053604 0.26313353 0.40662253 0.02899522 0.0261995
 0.24634978 0.0576074  0.01946773 0.04153095 0.11244848 0.02612207
 0.03767908 0.66670299]"|"[0.02238192 0.07788992 0.0546367  0.08294766 0.04389973 0.1532114
 0.06038346 0.23136237 0.25823212 0.19139804 0.17331894 0.04662823]"|2024/2025|True|True
0|4506478|2024-11-10|11|Manchester United|Leicester City|3.0|0.0|1.02|0.63|"[0.01743678 0.06287982 0.02114755 0.07020701 0.01542376 0.21780673
 0.01786524 0.01205728 0.22288065 0.03295707 0.02620437 0.02247702
 0.01688053]"|"[0.01898961 0.05123325 0.01147696 0.47823313 0.02688118 0.
 0.04746474]"|2024/2025|True|True
0|4506479|2024-11-10|11|Nottingham Forest|Newcastle United|1.0|3.0|0.63|1.7|"[0.16832575 0.04398038 0.12913427 0.01919055 0.05968972 0.05411549
 0.06563907 0.02199359 0.01541187]"|"[0.03683392 0.08735438 0.08024128 0.06244967 0.07165613 0.10151663
 0.01816036 0.02884907 0.02630361 0.22428699 0.2735959  0.14711542
 0.20671302 0.06318399 0.00703935 0.08095966 0.18758379]"|2024/2025|True|True
0|4506480|2024-11-10|11|Tottenham Hotspur|Ipswich Town|1.0|2.0|1.55|1.62|"[0.52264881 0.04183831 0.03554877 0.06908235 0.02144807 0.12560004
 0.03193508 0.10943829 0.03207052 0.02232529 0.10403923 0.00708809
 0.01320418 0.08033037 0.03156186 0.16766056 0.13806023]"|"[0.22333376 0.06607071 0.11246423 0.0382892  0.20162939 0.88409907
 0.07284734 0.02363819]"|2024/2025|True|True
0|4506475|2024-11-10|11|Chelsea|Arsenal|1.0|1.0|1.54|1.55|"[0.01773333 0.04257668 0.01469316 0.16908418 0.50148708 0.07700986
 0.03540088 0.05250461 0.05417371 0.01953663 0.36043802 0.05336357
 0.01693955 0.02794824 0.02450964 0.01786702 0.05502246]"|"[0.23656479 0.02165154 0.0121034  0.02085379 0.28560871 0.02242825
 0.23392259 0.05420225 0.03626057 0.10092221 0.02785968 0.05781993
 0.4373692 ]"|2024/2025|True|True
0|4506539|2024-11-23|12|Leicester City|Chelsea|1.0|2.0|1.11|2.75|[0.04227135 0.21803226 0.05042975 0.7884    ]|"[0.00825046 0.07458248 0.04740142 0.03706264 0.22903016 0.08311965
 0.03272093 0.37768483 0.0260856  0.05226143 0.8851018  0.0438572
 0.16056621 0.74771255 0.05623532 0.05452315]"|2024/2025|True|True
0|4506533|2024-11-23|12|AFC Bournemouth|Brighton & Hove Albion|1.0|2.0|1.63|0.94|"[0.05792661 0.11586721 0.02275221 0.10793082 0.01887212 0.18057129
 0.17414004 0.03665716 0.01814114 0.12366977 0.01830835 0.2201207
 0.04815023 0.08486635 0.02709788 0.0724508  0.08460776 0.21398602
 0.02745879]"|[0.0217332  0.28958288 0.01420837 0.17379725 0.41583958 0.03041978]|2024/2025|True|True
0|4506534|2024-11-23|12|Arsenal|Nottingham Forest|3.0|0.0|1.19|0.33|"[0.03268503 0.12825458 0.14020926 0.07788952 0.1190203  0.1451501
 0.076155   0.03193495 0.05150503 0.02779005 0.0465877  0.04061551
 0.04398635 0.01938015 0.01570251 0.02018673 0.02829442 0.07516593
 0.06759913]"|"[0.09082395 0.02747666 0.04662523 0.07247952 0.03560546 0.02536051
 0.03401414]"|2024/2025|True|True
0|4506535|2024-11-23|12|Aston Villa|Crystal Palace|2.0|2.0|3.11|1.26|"[0.01869773 0.08746292 0.07205892 0.95165753 0.0531252  0.7884
 0.02051275 0.3784202  0.17640515 0.02461156 0.03310386 0.12930906
 0.06306434 0.06120405 0.09865367 0.13734332 0.0192826 ]"|"[0.50036961 0.03879264 0.03995064 0.02473292 0.22572009 0.08639688
 0.04631652 0.05133351 0.14363471 0.0380415  0.03954199 0.01088331
 0.01358772]"|2024/2025|True|True
0|4506536|2024-11-23|12|Everton|Brentford|0.0|0.0|1.2|1.1|"[0.03360359 0.00832232 0.06680934 0.02702153 0.0202919  0.0192572
 0.0642212  0.02896379 0.0413091  0.03760624 0.04576749 0.01996032
 0.01532002 0.06764282 0.01545243 0.02310689 0.03883224 0.08707618
 0.01155539 0.06545973 0.2130622  0.03112648 0.02823641 0.03759101
 0.03452418 0.03977447 0.07366627]"|"[0.01643361 0.07011038 0.05195441 0.4217273  0.03402487 0.39335108
 0.02310361 0.0218232  0.07014191]"|2024/2025|True|True
0|4506537|2024-11-23|12|Fulham|Wolverhampton Wanderers|1.0|4.0|1.03|1.32|"[0.0969146  0.034128   0.6240468  0.06880677 0.02640269 0.04012119
 0.02745385 0.01746901 0.03182599 0.05839873]"|"[0.02912579 0.03421918 0.62356901 0.06845299 0.07068031 0.08517581
 0.05151299 0.07094288 0.04083494 0.24477015]"|2024/2025|True|True
0|4506540|2024-11-23|12|Manchester City|Tottenham Hotspur|0.0|4.0|2.14|2.51|"[0.03608215 0.12362353 0.25201303 0.08641484 0.09181906 0.06756558
 0.06863172 0.03431914 0.30885458 0.03572063 0.09065882 0.03383283
 0.20470065 0.09797584 0.04812948 0.13797306 0.01878567 0.09671714
 0.02962789 0.14593846 0.04127168 0.03974803 0.0529811 ]"|"[0.66302812 0.01935533 0.12992899 0.11529138 0.03187148 0.30782738
 0.11734433 0.15208186 0.97342706]"|2024/2025|True|True
0|4506542|2024-11-24|12|Southampton|Liverpool|2.0|3.0|1.28|3.15|"[0.03624456 0.04931168 0.7884     0.68353575 0.03128595 0.1802769
 0.04569867]"|"[0.06109875 0.04043713 0.02261033 0.11622685 0.03438025 0.02835481
 0.02108125 0.08555797 0.12828076 0.05968477 0.02069239 0.02259137
 0.12844558 0.02270729 0.52390796 0.03902584 0.41142675 0.02151856
 0.0514435  0.06496253 0.02981887 0.01899654 0.0576074  0.7884
 0.15621413 0.17558339 0.0140093 ]"|2024/2025|True|True
0|4506538|2024-11-24|12|Ipswich Town|Manchester United|1.0|1.0|1.59|0.8|"[0.12329207 0.04915109 0.0893618  0.04038022 0.35296494 0.06170814
 0.0215135  0.59867674 0.02314596 0.03613246 0.19830421]"|"[0.2479001  0.02668131 0.03716548 0.02639521 0.01606421 0.18659744
 0.07447429 0.0400996  0.06888338 0.02961424 0.0492809 ]"|2024/2025|True|True
0|4506541|2024-11-25|12|Newcastle United|West Ham United|0.0|2.0|1.64|0.81|"[0.0177282  0.03492809 0.07278666 0.05793438 0.17227703 0.08218087
 0.02171804 0.34510306 0.11287947 0.29241678 0.00591662 0.03315582
 0.02295513 0.04976384 0.0202919  0.24013932 0.0278879  0.06625027]"|"[0.12154592 0.05098151 0.04556999 0.0061233  0.01758963 0.02542681
 0.06775959 0.05532138 0.09144898 0.10270419 0.04395672 0.01159407
 0.07992026 0.04189868 0.10214148]"|2024/2025|True|True
0|4506411|2024-11-29|13|Brighton & Hove Albion|Southampton|1.0|1.0|1.68|1.01|"[0.02943704 0.44374272 0.04019032 0.04863825 0.01915878 0.11988685
 0.12139711 0.03779734 0.02993124 0.03643525 0.04257977 0.01568679
 0.01949634 0.0697801  0.16176306 0.10107859 0.10283383 0.07891134
 0.07925145 0.02503445 0.0192572  0.03762675]"|"[0.04363659 0.05781703 0.0402002  0.02174158 0.47398955 0.08988935
 0.15246539 0.08217578 0.0349352  0.01113426]"|2024/2025|True|True
0|4506408|2024-11-30|13|Brentford|Leicester City|4.0|1.0|2.4|1.06|"[0.06489923 0.04409383 0.05278151 0.14355218 0.72326547 0.15235077
 0.04314778 0.10150572 0.32089305 0.04059149 0.60647947 0.0447121
 0.05966911]"|"[0.05480166 0.72620982 0.05782633 0.01690644 0.02424092 0.05026418
 0.13263258]"|2024/2025|True|True
0|4506414|2024-11-30|13|Crystal Palace|Newcastle United|1.0|1.0|1.76|0.04|"[0.01491647 0.42775384 0.02898472 0.075845   0.09155394        nan
 0.05310907 0.11244923 0.29419217 0.01019229 0.04158497 0.07168616
 0.13554271 0.05389653 0.02327976 0.20105705 0.15444078]"|[0.0370577]|2024/2025|True|True
0|4506419|2024-11-30|13|Nottingham Forest|Ipswich Town|1.0|0.0|1.68|0.59|"[0.03779407 0.1661924  0.1349469  0.03785359 0.07871906 0.05353849
 0.03164332 0.05981453 0.7884     0.22132473 0.02898991 0.03956695]"|"[0.041367   0.20028777 0.058116   0.13986832 0.01656283 0.10222688
 0.02745049]"|2024/2025|True|True
0|4506422|2024-11-30|13|Wolverhampton Wanderers|AFC Bournemouth|2.0|4.0|0.46|3.29|"[0.12700507 0.0576074  0.05009395 0.01636724 0.01711597 0.05226279
 0.01568813 0.01163112 0.09757637 0.01566837]"|"[0.7884     0.06547695 0.0535112  0.01675161 0.43970466 0.7884
 0.01306366 0.07183729 0.04922032 0.11169468 0.7884     0.09893749]"|2024/2025|True|True
0|4506421|2024-11-30|13|West Ham United|Arsenal|2.0|5.0|1.54|3.6|"[0.01783434 0.41071799 0.14475346 0.09065603 0.03511138 0.04344828
 0.05428333 0.07753936 0.03816457 0.05614044 0.09206031 0.47723708]"|"[0.19517662 0.04484238 0.05474775 0.67673081 0.04657628 0.01446924
 0.7884     0.57669693 0.08167468 0.7884     0.04665231 0.02738237
 0.0346119  0.0943203  0.082091   0.04693073]"|2024/2025|True|True
0|4506412|2024-12-01|13|Chelsea|Aston Villa|3.0|0.0|1.69|1.23|"[0.09196085 0.02892652 0.04019341 0.25983015 0.18283083 0.16427483
 0.0474149  0.0686802  0.08338897 0.13607958 0.03192864 0.13227415
 0.01912189 0.07351328 0.08979694 0.23656924 0.04812051]"|"[0.03112829 0.37606102 0.29012969 0.04201364 0.18192285 0.05836329
 0.04923976 0.12051409 0.07093034 0.02169359]"|2024/2025|True|True
0|4506418|2024-12-01|13|Manchester United|Everton|4.0|0.0|1.07|0.58|"[0.02542766 0.03005752 0.10731257 0.07635457 0.10723069 0.02590938
 0.33037034 0.02906008 0.20245899 0.03959646 0.09487408]"|"[0.02743997 0.05661925 0.02069634 0.09461547 0.06621755 0.07833879
 0.06491215 0.17443718]"|2024/2025|True|True
0|4506420|2024-12-01|13|Tottenham Hotspur|Fulham|1.0|1.0|0.78|1.58|"[0.17541356 0.04484892 0.02411808 0.01170072 0.07134461 0.29352334
 0.13622487 0.01852567]"|"[0.02226235 0.0555749  0.05282797 0.31935543 0.07684404 0.06857295
 0.19020082 0.12734215 0.21292156 0.04738206 0.21432143 0.13481313
 0.02928577 0.02972155]"|2024/2025|True|True
0|4506416|2024-12-01|13|Liverpool|Manchester City|2.0|0.0|3.57|0.84|"[0.15636022 0.02940228 0.02937396 0.09173125 0.94816381 0.16618414
 0.14473788 0.05445423 0.05547935 0.02416626 0.187034   0.1123513
 0.53024477 0.03254747 0.1311119  0.7884     0.03890007 0.0491371 ]"|"[0.12924372 0.04768817 0.07035261 0.03823461 0.01927763 0.11745941
 0.36009082 0.05476864]"|2024/2025|True|True
0|4506428|2024-12-03|14|Ipswich Town|Crystal Palace|0.0|1.0|0.49|1.64|"[0.06552868 0.06521893 0.08101847 0.06564994 0.01696001 0.02088389
 0.11820123 0.04713027 0.00788178]"|"[0.0488516  0.19338098 0.03127355 0.07658241 0.08661852 0.07773897
 0.07991847 0.17895214 0.10320485 0.05815126 0.28751093 0.02199974
 0.39952111]"|2024/2025|True|True
0|4506429|2024-12-03|14|Leicester City|West Ham United|3.0|1.0|1.67|3.1|"[0.41552454 0.13165382 0.33725601 0.10545941 0.10521139 0.35113361
 0.08379395 0.14204368]"|"[0.03620403 0.06311675 0.01100487 0.13962089 0.20514414 0.01859439
 0.18888414 0.00651018 0.18252626 0.02939028 0.05742657 0.03975658
 0.04382351 0.20466967 0.02781399 0.07351328 0.01698458 0.20436668
 0.06536566 0.03059448 0.07526485 0.03565534 0.05125802 0.12719247
 0.06292904 0.16457431 0.10249152 0.22349179 0.09490304 0.4205946
 0.09485716]"|2024/2025|True|True
0|4506426|2024-12-04|14|Everton|Wolverhampton Wanderers|4.0|0.0|1.02|0.78|"[0.0518715  0.27363449 0.02979604 0.03106027 0.08090144 0.03584624
 0.03332286 0.02422186 0.03306676 0.03823275 0.10986854 0.10894713
 0.16913363]"|"[0.02328509 0.07341488 0.09698064 0.54967922 0.02099905        nan
 0.01938026        nan]"|2024/2025|True|True
0|4506430|2024-12-04|14|Manchester City|Nottingham Forest|3.0|0.0|2.41|1.04|"[0.06108361 0.11801965 0.06206429 0.84488571 0.13892809 0.37193978
 0.18713331 0.03182456 0.14475346 0.09046192 0.01868218 0.03028528
 0.09105559 0.07002778 0.03048999 0.07147331 0.04732418]"|"[0.04131325 0.01353781 0.0852795  0.11786846 0.33917555 0.06559803
 0.03011975 0.10537577 0.12445864 0.01614576 0.07331579 0.02672094]"|2024/2025|True|True
0|4506431|2024-12-04|14|Newcastle United|Liverpool|3.0|3.0|2.09|1.99|"[0.08549776 0.03409787 0.02231794 0.18765342 0.05514922 0.38055101
 0.02029974 0.02207692 0.08549166 0.08339533 0.01979662 0.24658945
 0.0361437  0.40728301 0.04501696 0.29668635 0.06514247]"|"[0.03708945 0.08358681 0.06451753 0.02634959 0.04239277 0.22074081
 0.0727752  0.26672414 0.05316822 0.438977   0.04467695 0.06031104
 0.29641321 0.07177161 0.12914571 0.08467297]"|2024/2025|True|True
0|4506432|2024-12-04|14|Southampton|Chelsea|1.0|5.0|1.56|5.43|[0.22603482 0.70528078 0.07163837 0.03141036 0.19269498 0.33312851]|"[0.2452222  0.63963711 0.03208868 0.03231674 0.33738345 0.07443688
 0.4548564  0.14097901 0.06644054 0.09627497 0.13806649 0.04007385
 0.50085688 0.04030555 0.11493576 0.03381812 0.03116137 0.26077709
 0.279369   0.08450661 0.14415498 0.25034586 0.18035443 0.96432418
 0.18950646 0.12741137]"|2024/2025|True|True
0|4506424|2024-12-04|14|Arsenal|Manchester United|2.0|0.0|2.16|0.22|"[0.04187856 0.05747842 0.13233501 0.03919568 0.06454545 0.15505253
 0.12806077 0.01967693 0.6890772  0.25468135 0.07200085 0.11687752
 0.05441283 0.33017346]"|[0.00910541 0.03657427 0.03055763 0.06678925 0.07993222]|2024/2025|True|True
0|4506425|2024-12-04|14|Aston Villa|Brentford|3.0|1.0|2.43|1.0|"[0.03655105 0.06081303 0.08836657 0.12363189 0.7884     0.0162414
 0.02258468 0.07605375 0.10865906 0.02184456 0.03239172 0.1059571
 0.03906341 0.1856239  0.27232906 0.12299117 0.0558897  0.15114656
 0.10355566 0.03301887]"|"[0.02989808 0.0783803  0.04869881 0.26902631 0.22680402 0.07797563
 0.09656075 0.09455411 0.07520986]"|2024/2025|True|True
0|4506427|2024-12-05|14|Fulham|Brighton & Hove Albion|3.0|1.0|0.65|1.47|[0.60768926 0.07796901 0.01659975 0.1763196  0.15689638 0.02502917]|"[0.0417921  0.17487431 0.14334939 0.20891207 0.03502644 0.02139718
 0.22378731 0.03665742 0.01910577 0.3457453  0.05885712 0.09822766
        nan 0.06621755]"|2024/2025|True|True
0|4506423|2024-12-05|14|AFC Bournemouth|Tottenham Hotspur|1.0|0.0|3.71|0.87|"[0.46862319 0.38970038 0.06736436 0.01972652 0.08600016 0.16376185
 0.05388238 0.06736436 0.06092464 0.04019341 0.64606893 0.04179101
 0.26249394 0.27746424 0.09061653 0.12373209 0.2483809  0.24203634
 0.05286086 0.26480556 0.03988089]"|"[0.06443197 0.0966273  0.10401196 0.01625735 0.02012866 0.02731615
 0.02096702 0.05152905 0.3503606  0.0560367  0.02728499 0.03717035]"|2024/2025|True|True
0|4506433|2024-12-07|15|Aston Villa|Southampton|1.0|0.0|2.29|0.33|"[0.13175504 0.05134928 0.07361339 0.07661183 0.49099028 0.08512953
 0.07456255 0.01033677 0.06985623 0.04147946 0.03643692 0.03581966
 0.09009274 0.08610693 0.11271069 0.46216917 0.10056487 0.26141027]"|[0.06883833 0.06666385 0.10205209 0.09540842]|2024/2025|True|True
0|4506434|2024-12-07|15|Brentford|Newcastle United|4.0|2.0|1.23|1.48|"[0.06490918 0.0410433  0.02318679 0.04936005 0.1680841  0.00716228
 0.0211351  0.10788327 0.08588177 0.37244689 0.29043892]"|"[0.04116686 0.0282028  0.02396801 0.36866683 0.06186469 0.08513956
 0.28325853 0.04036145 0.04170638 0.04354944 0.02773526 0.03598563
 0.16806871 0.09139469 0.10961039 0.02803949]"|2024/2025|True|True
0|4506435|2024-12-07|15|Crystal Palace|Manchester City|2.0|2.0|1.34|1.45|"[0.13973512 0.0621775  0.07339011 0.18225364 0.04338537 0.14077833
 0.03509859 0.52062726 0.03091135 0.02133519 0.07465864 0.01083321]"|"[0.41465679 0.09965256 0.11135851 0.02738678 0.16800463 0.13785803
 0.05349724 0.07013135 0.15065922 0.01532137 0.06851703 0.13646816]"|2024/2025|True|True
0|4506440|2024-12-07|15|Manchester United|Nottingham Forest|2.0|3.0|1.6|0.83|"[0.02895147 0.03293863 0.12528394 0.17365113 0.59491551 0.03620856
 0.05759505 0.02904097 0.11728849 0.13613047 0.14455795 0.03084991
 0.04213721 0.03781199 0.03680873 0.0256851  0.05737872]"|"[0.09132354 0.02573111 0.01583288 0.07991847 0.13336472 0.02576348
 0.03287589 0.06599759 0.26665068 0.02110752 0.0741992 ]"|2024/2025|True|True
0|4506437|2024-12-08|15|Fulham|Arsenal|1.0|1.0|0.16|2.03|[0.04428455 0.11607836]|"[0.33476537 0.01342933 0.07451039 0.07075141 0.02367324 0.23277049
 0.85736126 0.02462217 0.04320896 0.06722061 0.2502239  0.03420909]"|2024/2025|True|True
0|4506438|2024-12-08|15|Ipswich Town|AFC Bournemouth|1.0|2.0|1.32|3.28|"[0.31706426 0.01664155 0.00623802 0.02883585 0.06783491 0.21481301
 0.05195521 0.07565244 0.03354744 0.01860837 0.05244723 0.13210417
 0.06694047 0.0442616  0.02769758 0.06957291 0.0187734  0.07241554]"|"[0.94023359 0.03905777 0.07017489 0.02749088 0.02154928 0.08104792
 0.04433127 0.04759574 0.10345109 0.16829838 0.07008597 0.01937014
 0.03446241 0.15299885 0.01778605 0.02256078 0.13363329 0.63164121
 0.02336841 0.2479001  0.48181316 0.02045434]"|2024/2025|True|True
0|4506439|2024-12-08|15|Leicester City|Brighton & Hove Albion|2.0|2.0|1.31|1.54|"[0.02867775 0.05571023 0.06434657 0.02030754 0.06835524 0.08189144
 0.02145969 0.33468664 0.59388006 0.0455115 ]"|"[0.01933498 0.02042861 0.20306481 0.05052827 0.02489442 0.05282601
 0.0828728  0.10217441 0.1387369  0.02315632 0.06372462 0.03673457
 0.40976727 0.04290183 0.24142846 0.02712444]"|2024/2025|True|True
0|4506441|2024-12-08|15|Tottenham Hotspur|Chelsea|3.0|4.0|2.9|2.83|"[0.09665792 0.05413827 0.05451901 0.51176357 0.75754547 0.31647727
 0.13823691 0.09038769 0.10829433 0.24305579 0.05539923 0.00600251
 0.46813476]"|"[0.03428803 0.18901825 0.05853609 0.08011768 0.07185392 0.05767417
 0.13755782 0.01405807 0.19935679 0.12532113 0.04982714 0.02672705
 0.7884     0.02779005 0.04162835 0.1368634  0.7884    ]"|2024/2025|True|True
0|4506442|2024-12-09|15|West Ham United|Wolverhampton Wanderers|2.0|1.0|0.97|1.47|"[0.0539965  0.0897275  0.13934773 0.03961613 0.17357293 0.00964188
 0.00928207 0.02853473 0.12611528 0.04056951 0.0218232  0.03744476
 0.0126899  0.05420471 0.00661109 0.02732679 0.0262609  0.06501416
 0.01162342]"|"[0.01740219 0.05901878 0.0247718  0.19716904 0.03590045 0.05413886
 0.11565375 0.0356653  0.07241348 0.01927349 0.11595508 0.0692803
 0.24038085 0.01587334 0.11096565 0.11764999 0.02905719 0.02863768
 0.11321644]"|2024/2025|True|True
0|4506444|2024-12-14|16|Arsenal|Everton|0.0|0.0|1.22|0.09|"[0.04465016 0.19601795 0.07351328 0.09764246 0.14652915 0.07710267
 0.02602823 0.12629789 0.11445157 0.10789196 0.06087304 0.05422559
 0.09152509]"|[0.08749899 0.00434833]|2024/2025|True|True
0|4506447|2024-12-14|16|Liverpool|Fulham|2.0|2.0|2.13|1.22|"[0.03999177 0.01816645 0.39859989 0.06619082 0.51988256 0.0402096
 0.02795717 0.08118513 0.06141201 0.03617712 0.10808847 0.28635049
 0.01216378 0.09456124 0.24063908 0.0968214 ]"|"[0.11186085 0.06514501 0.02225135 0.17029978 0.03583211 0.16831036
 0.21527529 0.02406003 0.02207734 0.04324844 0.2826193  0.06357036]"|2024/2025|True|True
0|4506449|2024-12-14|16|Newcastle United|Leicester City|4.0|0.0|3.79|0.19|"[0.0400475  0.08936324 0.08637922 0.03737031 0.12838621 0.0435838
 0.02798173 0.12018023 0.18912522 0.03500053 0.09181034 0.13530418
 0.02920659 0.44749677 0.74346662 0.59643281 0.20000678 0.24069208
 0.11375474 0.03067202 0.02486822 0.01641404 0.0528237  0.01941188
 0.08668936 0.02774956 0.13547225]"|[0.05332147 0.02017165 0.06148044 0.05054786]|2024/2025|True|True
0|4506452|2024-12-14|16|Wolverhampton Wanderers|Ipswich Town|1.0|2.0|1.27|1.2|"[       nan 0.02804806 0.12895499 0.2134963  0.01780765 0.0330111
 0.04877448 0.05059497 0.07039083 0.04076033 0.04440476 0.01614576
 0.20673196 0.23247401 0.08920678 0.01816783 0.04970516]"|"[0.03200758 0.36018172 0.15887822 0.01910474 0.03229706 0.33474964
 0.03976108 0.0447121  0.06014867 0.11425827]"|2024/2025|True|True
0|4506450|2024-12-14|16|Nottingham Forest|Aston Villa|2.0|1.0|1.78|0.42|"[0.035479   0.03280516 0.04032659 0.09436747 0.07196379 0.02576827
 0.02920148 0.4261528  0.07850889 0.02874683 0.02114755 0.04585904
 0.04466676 0.11836319 0.44797128 0.03753746 0.19770072]"|"[0.01763817 0.05722692 0.02216228 0.0281438  0.18055935 0.02164138
 0.03843355 0.0499502 ]"|2024/2025|True|True
0|4506445|2024-12-15|16|Brighton & Hove Albion|Crystal Palace|1.0|3.0|1.0|2.31|"[0.0641423  0.01698226 0.02174672 0.12643012 0.02462878 0.08338897
 0.03213536 0.07573155 0.07031462 0.08220112 0.12798715 0.03662321
 0.05204274 0.0200742  0.01136556 0.12103396 0.02914236]"|"[0.09133648 0.02678001 0.41082951 0.18639068 0.0439003  0.43192941
 0.06934991 0.04517058 0.03326138 0.04145198 0.3555617  0.191521
        nan 0.38674396]"|2024/2025|True|True
0|4506448|2024-12-15|16|Manchester City|Manchester United|1.0|2.0|0.95|2.08|"[0.02139072 0.05274542 0.47587475 0.01630958 0.07591368 0.0119717
 0.07604152 0.04420464 0.14043939 0.03706264]"|"[0.03165218 0.02526694 0.03286591 0.02596062 0.03852144 0.05945178
 0.45598274 0.07468718 0.7884     0.54282111]"|2024/2025|True|True
0|4506446|2024-12-15|16|Chelsea|Brentford|2.0|1.0|2.23|1.61|"[0.19200836 0.02328084 0.03505738 0.02725426 0.10427867 0.05408564
 0.02742053 0.07169257 0.05061409 0.08410519 0.02542818 0.15468183
 0.11512215 0.02627647 0.0346964  0.03510857 0.08112472 0.7325123
 0.02979807 0.10445602 0.0255559  0.05361666 0.04256445 0.01058336
 0.0473178  0.04256979]"|"[0.14599438 0.08156981 0.07896096 0.24258576 0.4764573  0.04185772
 0.03052644 0.32232264 0.22988766]"|2024/2025|True|True
0|4506451|2024-12-15|16|Southampton|Tottenham Hotspur|0.0|5.0|0.84|2.44|"[0.13432989 0.40812778 0.02223696 0.02270729 0.18077929 0.02980294
 0.02810231 0.01112727 0.0050077 ]"|"[0.47617963 0.06100313 0.01382714 0.02362604 0.04910033 0.282718
 0.31986111 0.04033034 0.02029099 0.07174087 0.05839428 0.2585482
 0.08421445 0.03514638 0.08708183 0.11286922 0.01476502 0.42795125]"|2024/2025|True|True
0|4506443|2024-12-16|16|AFC Bournemouth|West Ham United|1.0|1.0|2.01|2.06|"[0.01861585 0.03546707 0.02053824 0.17942044 0.03963694 0.02279511
 0.05452122 0.29618829 0.03694529 0.02957709 0.06229835 0.0746884
 0.03843123 0.015528   0.10649016 0.11764146 0.10071306 0.07719053
 0.03614962 0.0264587  0.31314898 0.05096946 0.05623431 0.06433597
 0.02518915 0.0275714  0.03458352 0.02551916 0.02688738]"|"[0.03179027 0.05014212 0.1577239  0.11613305 0.25462818 0.0422257
 0.07570938 0.03140789 0.04019532 0.13108611 0.08355749 0.01977902
 0.0498685  0.08346559 0.7884     0.10543133]"|2024/2025|True|True
0|4506453|2024-12-21|17|Aston Villa|Manchester City|2.0|1.0|1.67|1.03|"[0.39154246 0.04189161 0.22273518 0.02528531 0.52576876 0.02296674
 0.05177362 0.09147432 0.06782532 0.14387406 0.08691955]"|"[0.03772072 0.02070031 0.03701072 0.04952344 0.02744632 0.35138693
 0.03300395 0.02710336 0.02879724 0.11334229 0.02374419 0.27815539]"|2024/2025|True|True
0|4506454|2024-12-21|17|Brentford|Nottingham Forest|0.0|2.0|0.72|0.9|"[0.1508639  0.0685958  0.09877    0.09692708 0.12709479 0.08297929
 0.09056268]"|"[0.07819807 0.1253255  0.02480791 0.18228714 0.09781148 0.02902948
 0.06141201 0.15142491 0.03418925 0.11196204]"|2024/2025|True|True
0|4506458|2024-12-21|17|Ipswich Town|Newcastle United|0.0|4.0|0.71|2.33|"[0.01450324 0.01862717 0.22368674 0.05390376 0.21751897 0.04177247
 0.06095781 0.02817576 0.02261315 0.04472914]"|"[0.08468667 0.02199931 0.15002617 0.01480586 0.0232806  0.50247288
 0.02327798 0.05388238 0.72716451 0.2242862  0.06119609 0.1656305
 0.18092944 0.05293823 0.04141146]"|2024/2025|True|True
0|4506462|2024-12-21|17|West Ham United|Brighton & Hove Albion|1.0|1.0|1.31|0.94|"[0.18032737 0.02462357 0.09214543 0.03914427 0.19421867 0.03681803
 0.02374042 0.18907683 0.33622316 0.07561625 0.12133075]"|"[0.03966907 0.02431786 0.18915744 0.06031428 0.1018701  0.03332273
 0.03809986 0.03835066 0.18369205 0.16043667 0.05371043 0.03397352]"|2024/2025|True|True
0|4506455|2024-12-21|17|Crystal Palace|Arsenal|1.0|5.0|1.59|2.87|"[0.04487229 0.14364296 0.04019341 0.02066632 0.49489355 0.05205188
 0.12898412 0.09345844 0.08596027 0.04630701 0.12473007 0.02237248
 0.23762372 0.01847946 0.03735429]"|"[0.08465759 0.18509975 0.05490872 0.20263132 0.10869508 0.85098892
 0.0865935  0.02912334 0.01625681 0.47452423 0.10178691 0.66432905
 0.09363791 0.05561179]"|2024/2025|True|True
0|4506456|2024-12-22|17|Everton|Chelsea|0.0|0.0|1.03|1.17|[0.03776061 0.11078    0.56207669 0.28831509 0.02742917]|"[0.03668738 0.03884764 0.0923321  0.3103767  0.30753326 0.02659575
 0.22990744 0.03370396 0.04188111 0.01751845 0.08452157 0.05607348]"|2024/2025|True|True
0|4506457|2024-12-22|17|Fulham|Southampton|0.0|0.0|0.88|0.26|"[0.01721499 0.03420909 0.04628785 0.03334493 0.0268479  0.03487068
 0.04048008 0.05632327 0.13749601 0.1703414  0.1063703  0.0354577
 0.02110633 0.08073616 0.03701072]"|[0.10526063 0.049687   0.0310896  0.0259419  0.04598946]|2024/2025|True|True
0|4506459|2024-12-22|17|Leicester City|Wolverhampton Wanderers|0.0|3.0|0.8|1.11|"[0.02419575 0.02759605 0.12206396 0.00515814 0.05357268 0.07180279
 0.04970618 0.10588003 0.34103703]"|"[0.0455007  0.02038904 0.25996032 0.09461439 0.05167882 0.038884
 0.50883001 0.09285887]"|2024/2025|True|True
0|4506460|2024-12-22|17|Manchester United|AFC Bournemouth|0.0|3.0|2.28|1.63|"[0.13776842 0.01545243 0.06662399 0.17587717 0.04622233 0.04528832
 0.14441316 0.21871471 0.09593143 0.01970549 0.03605317 0.02221038
 0.28402415 0.17099461 0.02039228 0.01803333 0.08015631 0.05915829
 0.03938204 0.14218922 0.30335644 0.18030815 0.01644258]"|"[0.07353829 0.05606095 0.01349553 0.11284485 0.07205948 0.13989605
 0.7884     0.24618812 0.06144447 0.06895688]"|2024/2025|True|True
0|4506461|2024-12-22|17|Tottenham Hotspur|Liverpool|3.0|6.0|1.27|5.63|"[0.0403562  0.03558861 0.02729797 0.03837692 0.09430917 0.04494585
 0.38809496 0.47518209 0.13029541]"|"[0.05979971 0.02225135 0.44256532 0.14481904 0.08576398 0.20206752
 0.11604299 0.0692494  0.33544233 0.04490455 0.067283   0.43753862
 0.46995693 0.65249836 0.87290567 0.58715439 0.6154741  0.00985245
 0.09541797 0.42641482 0.18612954 0.0455938  0.12023532 0.15633155]"|2024/2025|True|True
0|4506488|2024-12-26|18|Manchester City|Everton|1.0|1.0|2.09|0.63|"[0.17432113 0.03085681 0.03822685 0.02838119 0.05920516 0.11285941
 0.03706192 0.18603571 0.0463211  0.03492928 0.09185722 0.08215926
 0.03946891 0.03319249 0.7884     0.31846172 0.05414087 0.0249607
 0.02146279 0.02267131 0.03743702 0.01664343 0.01551471 0.04770052]"|"[0.03587053 0.03529334 0.24288799 0.18752143 0.04387546 0.03322587
 0.00615181 0.07958122]"|2024/2025|True|True
0|4506483|2024-12-26|18|AFC Bournemouth|Crystal Palace|0.0|0.0|1.47|0.45|"[0.04278455 0.02945033 0.06108579 0.08585877 0.1458526  0.04292518
 0.08587079 0.0570193  0.171675   0.11118007 0.36243415 0.06381692
 0.03701565 0.02769412 0.04102026 0.01128714 0.0400236  0.05482491]"|"[0.02596708 0.03331394 0.11821454 0.06170564 0.00824426 0.06961614
 0.08235607 0.01874731 0.01463986 0.0145095 ]"|2024/2025|True|True
0|4506486|2024-12-26|18|Chelsea|Fulham|1.0|2.0|1.12|1.78|"[0.06395933 0.10947313 0.04558881 0.04790369 0.16696227 0.06541779
 0.06717224 0.02624745 0.21575551 0.02647988 0.27418235 0.00894965]"|"[0.03681752 0.0218232  0.0171207  0.11052439 0.01625858 0.02954109
 0.04407898 0.21382953 0.13534804 0.04207766 0.05255615 0.62755829
 0.02216294 0.41454121]"|2024/2025|True|True
0|4506489|2024-12-26|18|Newcastle United|Aston Villa|3.0|0.0|2.76|0.34|"[0.05425296 0.01326881 0.09693801 0.05407196 0.01933903 0.05110583
 0.09404048 0.04724584 0.36831427 0.05598896 0.02965747 0.12141316
 0.71840632 0.04147172 0.02738652 0.13029498 0.50774062 0.05847583
 0.1341214  0.02392044 0.0331163  0.07622808]"|[0.06852178 0.04687591 0.05088604 0.1858155 ]|2024/2025|True|True
0|4506490|2024-12-26|18|Nottingham Forest|Tottenham Hotspur|1.0|0.0|1.12|0.9|"[0.04583437 0.05596836 0.03736827 0.19918104 0.15143888 0.11279137
 0.20170745 0.04335571 0.2442068  0.02727238]"|"[0.11643707 0.07495002 0.06279207 0.02743997 0.0875349  0.01536452
 0.08106334 0.02393526 0.05540443 0.24033776 0.04187566 0.0444112
 0.02908639]"|2024/2025|True|True
0|4506491|2024-12-26|18|Southampton|West Ham United|0.0|1.0|1.4|1.81|"[0.34160867 0.0707863  0.13551667 0.02301113 0.0666452  0.03919568
 0.00720807 0.02194234 0.11051992 0.05010831 0.09860429 0.03809986
 0.07708734 0.12063912 0.03544712 0.09709355 0.03916905 0.0264853 ]"|"[0.02666007 0.07385021 0.32348526 0.08166693 0.04207131 0.03328034
 0.10853652 0.035795   0.13152617 0.64695007 0.09116576 0.02978062
 0.02241061 0.04368011 0.10867628 0.04020542]"|2024/2025|True|True
0|4506492|2024-12-26|18|Wolverhampton Wanderers|Manchester United|2.0|0.0|0.86|0.44|"[0.03534588 0.0379983  0.14577281 0.01000378 0.07345241 0.00579471
 0.55446035]"|"[0.04557271 0.01962437 0.04859062 0.03872588 0.04817639 0.05433381
 0.01338974 0.02938543 0.04643078 0.01528555 0.07811394]"|2024/2025|True|True
0|4506487|2024-12-26|18|Liverpool|Leicester City|3.0|1.0|1.91|0.34|"[0.37029129 0.08633637 0.03473571 0.02681922 0.04360485 0.03499976
 0.08042267 0.0306102  0.11481329 0.03227294 0.12779054 0.03785338
 0.68172431 0.02277726 0.1182     0.04661369 0.03635108 0.05804157
 0.04634039]"|[0.24480619 0.02869357 0.03102612 0.03707615]|2024/2025|True|True
0|4506485|2024-12-27|18|Brighton & Hove Albion|Brentford|0.0|0.0|1.31|1.07|"[0.10921497 0.02743634 0.03590045 0.07540629 0.03868986 0.10459717
 0.07932987 0.05418983 0.0774873  0.09925867 0.0306102  0.04695967
 0.03877561 0.02834001 0.01423057 0.04401389 0.01534519 0.04943405
 0.04617479 0.09701879 0.03812042 0.05964195 0.0309234  0.06489867]"|"[0.04518761 0.03681752 0.1529761  0.04237546 0.46720552 0.16603
 0.12256517 0.03681752]"|2024/2025|True|True
0|4506484|2024-12-27|18|Arsenal|Ipswich Town|1.0|0.0|1.86|0.15|"[0.04127521 0.04446135 0.7619105  0.02819801 0.0338665  0.11015258
 0.10595062 0.2370915  0.07187857 0.07909865 0.27030128 0.03789756
 0.03454508]"|[0.01366482 0.01913519 0.1197741 ]|2024/2025|True|True
0|4506499|2024-12-29|19|Leicester City|Manchester City|0.0|2.0|1.3|1.27|"[0.02040809 0.17118227 0.11441173 0.03116861 0.05903038 0.02077325
 0.27098545 0.45856494 0.03910316 0.04169476 0.03249929]"|"[0.0276696  0.23976769 0.04809522 0.01501681 0.18859574 0.08149805
 0.20953734 0.08831344 0.04576796 0.18299909 0.02144389 0.01669977
 0.0697022  0.03333172]"|2024/2025|True|True
0|4506495|2024-12-29|19|Crystal Palace|Southampton|2.0|1.0|2.03|0.94|"[0.06605157 0.01035783 0.05694016 0.05269535 0.10427897 0.03969717
 0.03604199 0.0394065  0.20665272 0.24231598 0.20172009 0.09775407
 0.41758317 0.04240633 0.06216266 0.13951349 0.1102452  0.0447121
 0.06109875]"|"[0.10603175 0.56186324 0.03523224 0.07563823 0.01746412 0.1257486
 0.0194035 ]"|2024/2025|True|True
0|4506496|2024-12-29|19|Everton|Nottingham Forest|0.0|2.0|0.89|1.48|"[0.16280481 0.13249293 0.02012997 0.02183215 0.03088758 0.04952924
 0.03844459 0.16838033 0.03232481 0.0450291  0.11276711 0.03203629
 0.03858721]"|"[0.0493     0.19611441 0.1275447  0.0945699  0.08444478 0.21119428
 0.03594288 0.21562058 0.10665472 0.34329012 0.14713506]"|2024/2025|True|True
0|4506497|2024-12-29|19|Fulham|AFC Bournemouth|2.0|2.0|1.11|1.98|"[0.07995912 0.08449436 0.04081909 0.02776076 0.14262548 0.04212555
 0.01847342 0.17231968 0.17522298 0.05607348 0.30385622]"|"[0.19628067 0.14850269 0.03861975 0.33699146 0.06479045 0.08416263
 0.10242702 0.22846152 0.02645651 0.02646717 0.05647596 0.16490768
 0.04275848 0.17187272 0.04637777 0.24674882]"|2024/2025|True|True
0|4506501|2024-12-29|19|Tottenham Hotspur|Wolverhampton Wanderers|2.0|2.0|2.25|0.72|"[0.01366482 0.09113841 0.04947838 0.08978885 0.05449599 0.7884
 0.06920577 0.1456188  0.04762576 0.04939444 0.02544196 0.41847962
 0.40577215]"|"[0.05561029 0.02917296 0.05298627 0.01682998 0.01924367 0.01438837
 0.09306376 0.03622796 0.03843386 0.21583512 0.14357997]"|2024/2025|True|True
0|4506502|2024-12-29|19|West Ham United|Liverpool|0.0|5.0|0.36|3.15|"[0.06090966 0.04242597 0.01897709 0.03942004 0.15306821 0.03234744
 0.01419187]"|"[0.5351705  0.03920699 0.19825004 0.01429105 0.05175241 0.04244606
 0.11801965 0.02905828 0.19379392 0.06261132 0.31129041 0.05142994
 0.48206046 0.04785337 0.06295767 0.02299281 0.0323517  0.05599378
 0.21361828 0.28635049 0.0423888  0.25891268]"|2024/2025|True|True
0|4506493|2024-12-30|19|Aston Villa|Brighton & Hove Albion|2.0|2.0|1.78|1.13|"[0.00449447 0.03289309 0.01327371 0.15466414 0.7884     0.04668616
 0.07607336 0.02017704 0.09225718 0.03293004 0.06050926 0.04937114
 0.08692014 0.03247269 0.0422257  0.0541936  0.0642212  0.02813946
 0.04512002 0.05422252]"|"[0.31425044 0.03384178 0.03688232 0.04362902 0.03306452 0.02892915
 0.12046588 0.01909316 0.04931179 0.15231487 0.06474692 0.11347587
 0.12448727]"|2024/2025|True|True
0|4506498|2024-12-30|19|Ipswich Town|Chelsea|2.0|0.0|1.58|2.0|"[0.39062068 0.7884     0.0534667  0.03778738 0.05429029 0.12832843
 0.02279063 0.01582076 0.09095952]"|"[0.03062043 0.03430141 0.71702164 0.06706947 0.07238773 0.0923321
 0.11517444 0.16353528 0.06695329 0.03358625 0.17670286 0.04012119
 0.05726825 0.03814819 0.06867523 0.1024788  0.02230044 0.0228396
 0.02045655 0.08742511]"|2024/2025|True|True
0|4506500|2024-12-30|19|Manchester United|Newcastle United|0.0|2.0|0.9|1.92|"[0.15847482 0.01535372 0.1206724  0.02160032 0.02774943 0.09931152
 0.05996813 0.17447701 0.0482306  0.13792767]"|"[0.52236193 0.03234966 0.04117977 0.14757909 0.266321   0.25078237
 0.01878409 0.02431239 0.01690379 0.0167613  0.55752832 0.02479701]"|2024/2025|True|True
0|4506494|2025-01-01|19|Brentford|Arsenal|1.0|3.0|0.32|1.91|[0.05734818 0.0715685  0.01361694 0.07582162 0.10179298]|"[0.0628961  0.03259957 0.02110616 0.01963804 0.16876011 0.03667597
 0.46713173 0.04354212 0.02365615 0.08545366 0.47257155 0.17300382
 0.08794913 0.22945526]"|2024/2025|True|True
0|4506511|2025-01-04|20|Tottenham Hotspur|Newcastle United|1.0|2.0|0.94|2.53|"[0.17175914 0.11687752 0.03758909 0.0191412  0.04274117 0.07277536
 0.03286731 0.04525534 0.02891665 0.13734442 0.07096637 0.03534083
 0.13650157]"|"[0.21265599 0.1869334  0.01028781 0.52229381 0.88865763 0.04385742
 0.03847689 0.05520274 0.03274466 0.12988465 0.16510594 0.19245021
 0.01252001 0.03464152]"|2024/2025|True|True
0|4506503|2025-01-04|20|AFC Bournemouth|Everton|1.0|0.0|1.84|0.71|"[0.3277539  0.08271642 0.00960452 0.04544607 0.35991234 0.18170047
 0.05421305 0.05504302 0.03777275 0.16222006 0.0782578  0.02322631
 0.14064851 0.03772804 0.03119387 0.05243621 0.09584241 0.01357739
 0.05357033]"|"[0.01890943 0.01461117 0.0393473  0.08589847 0.03368256 0.36578381
 0.07278666 0.01983253 0.0553387 ]"|2024/2025|True|True
0|4506504|2025-01-04|20|Aston Villa|Leicester City|2.0|1.0|1.56|0.41|"[0.10458338 0.01642882 0.04066467 0.06663299 0.07050819 0.01583533
 0.08175134 0.23004229 0.07991847 0.04379429 0.29166275 0.3465879
 0.16998856]"|[0.04943398 0.09369206 0.15194666 0.13264523]|2024/2025|True|True
0|4506506|2025-01-04|20|Crystal Palace|Chelsea|1.0|1.0|1.08|1.24|"[0.02912053 0.00854235 0.02497409 0.0496361  0.29805061 0.02412828
 0.0610432  0.08702867 0.00545191 0.03405946 0.04465196 0.3789188
 0.03698081]"|"[0.02531557 0.02825605 0.17975965 0.0253367  0.13492016 0.20711677
 0.20821145 0.04794877 0.01488125 0.04331861 0.05772239 0.06695329
 0.07605058 0.11099754 0.01466941]"|2024/2025|True|True
0|4506509|2025-01-04|20|Manchester City|West Ham United|4.0|1.0|1.91|1.37|"[0.01944665 0.01553466 0.03773796 0.16981424 0.06280652 0.64861745
 0.29859287 0.59269851 0.03689775 0.02967752]"|"[0.06510422 0.08352225 0.16103192        nan 0.0224035  0.04240647
 0.09366789 0.03393959 0.01657571 0.03072657 0.0450184  0.03928497
 0.20064931 0.37016508 0.02094635 0.08098633 0.02528029 0.04102174]"|2024/2025|True|True
0|4506510|2025-01-04|20|Southampton|Brentford|0.0|5.0|0.29|4.46|"[0.01200417 0.0093982  0.11938796 0.02335311 0.01918327 0.04883972
 0.01969401 0.03957871]"|"[0.44473356 0.08903453 0.27520803 0.34054467 0.06281486 0.03758795
 0.06819364 0.11652245 0.07739566 0.40458831 0.21686555 0.08628283
 0.7884     0.0284369  0.07977764 0.37767965 0.18975149 0.07702039
 0.36803392 0.32786375]"|2024/2025|True|True
0|4506505|2025-01-04|20|Brighton & Hove Albion|Arsenal|1.0|1.0|1.52|0.88|"[0.03016363 0.05652574 0.16329971 0.0145982  0.24999708 0.0363306
 0.01199517 0.7884     0.11250958 0.0384586  0.01905719]"|"[0.02415103 0.2400973  0.06621207 0.03178493 0.2217043  0.12341305
 0.04132753 0.09381517 0.03487068]"|2024/2025|True|True
0|4506507|2025-01-05|20|Fulham|Ipswich Town|2.0|2.0|2.24|1.59|"[0.01063138 0.15924653 0.05847583 0.03846215 0.06525523 0.04819733
 0.03767493 0.01285437 0.03910316 0.12356936 0.7884     0.0159187
 0.03726668 0.7884     0.01737496]"|"[0.20775627 0.2807844  0.06970899 0.07534491 0.7884     0.09637441
 0.06989111]"|2024/2025|True|True
0|4506508|2025-01-05|20|Liverpool|Manchester United|2.0|2.0|2.82|1.05|"[0.05546355 0.15509938 0.424833   0.31298003 0.0192572  0.05947545
 0.06566914 0.05281548 0.07233144 0.01957176 0.03323953 0.7884
 0.12458121 0.20109271 0.04844637 0.27651209 0.01888858 0.02415215
 0.06300335]"|"[0.03919568 0.11529138 0.13027108 0.11118112 0.04365148 0.00807458
 0.0289956  0.07676987 0.12237661 0.01451804 0.02779358 0.03013383
 0.31072834]"|2024/2025|True|True
0|4506512|2025-01-06|20|Wolverhampton Wanderers|Nottingham Forest|0.0|3.0|1.59|2.13|"[0.13332684 0.67091024 0.04385234 0.02919005 0.10612059 0.03733937
 0.27281827 0.02709097 0.05469418 0.09958953 0.04248515 0.06175983
 0.01470003]"|"[0.15333214 0.10006342 0.01912365 0.04651879 0.25181326 0.08840726
 0.03711044 0.08614767 0.30158436 0.0709244  0.97811341]"|2024/2025|True|True
0|4506514|2025-01-14|21|Brentford|Manchester City|2.0|2.0|2.58|2.2|"[0.06026818 0.06580862 0.05488668 0.09670319 0.09510097 0.06082464
 0.0210262  0.04535952 0.0537103  0.07552905 0.08475761 0.64883453
 0.04921884 0.03419286 0.79177833 0.09220468 0.06785725 0.18438248]"|"[0.09546671 0.10537585 0.08312351 0.0476299  0.05382638 0.03105452
 0.07614343 0.04830737 0.09283791 0.07638954 0.14563572 0.0582838
 0.09995883 0.18794888 0.36639866 0.07370747 0.1407948  0.03493743
 0.13250776 0.0775471  0.17758191]"|2024/2025|True|True
0|4506520|2025-01-14|21|Chelsea|AFC Bournemouth|2.0|2.0|2.5|1.18|"[0.03792491 0.06995007 0.56143296 0.05528169 0.07977764 0.06540918
 0.26912907 0.1177645  0.0238698  0.03882213 0.04027631 0.48730916
 0.17723711 0.05218992 0.02285746 0.07264078 0.02706734 0.01441243
 0.07875903 0.05161357 0.04517307 0.01213881 0.05792661 0.01858274
 0.06351358 0.04694309]"|"[0.15917099 0.02105162 0.7884     0.01776938 0.02655111 0.14043939
 0.03027046]"|2024/2025|True|True
0|4506519|2025-01-14|21|West Ham United|Fulham|3.0|2.0|0.95|1.9|[0.0671918  0.30678719 0.49803668 0.08045241]|"[0.11591355 0.02064867 0.05376444 0.05590387 0.02057308 0.03558743
 0.35408452 0.0186984  0.01535372 0.03150798 0.02895497 0.13069421
 0.09366784 0.03371672 0.02434746 0.08669017 0.01454082 0.09141804
 0.19511724 0.17226826 0.37559155]"|2024/2025|True|True
0|4506518|2025-01-14|21|Nottingham Forest|Liverpool|1.0|1.0|0.31|1.99|[0.16409242 0.02554633 0.03302957 0.03680955 0.00599568 0.04904107]|"[0.01831932 0.01483782 0.01517272 0.06309469 0.02374697 0.0730238
 0.21212979 0.02241706 0.02388375 0.06734124 0.33017346 0.28489244
 0.05299356 0.22955351 0.17333972 0.07026652 0.0331002  0.05157471
 0.03619831 0.06211217 0.06612459 0.04538971 0.02037002]"|2024/2025|True|True
0|4506515|2025-01-15|21|Everton|Aston Villa|0.0|1.0|1.14|1.21|"[0.0103003  0.08539947 0.00561494 0.18694481 0.19794732 0.02538357
 0.17075181 0.14325051 0.09825399 0.21913721]"|"[0.02063161 0.03911794 0.02789105 0.2168261  0.10162375 0.07488883
 0.02730416 0.03272093 0.14567977 0.16933213 0.35757506]"|2024/2025|True|True
0|4506517|2025-01-15|21|Leicester City|Crystal Palace|0.0|2.0|1.7|1.82|"[0.1740502  0.04690107 0.01645257 0.03771807 0.02118297 0.01923051
 0.51123828 0.01647631 0.09487073 0.09686469 0.01772388 0.10199982
 0.07833454 0.08876222 0.01701611 0.06002844 0.02306994 0.03010318
 0.12386996 0.09594937 0.03002255]"|"[0.09297815 0.22679092 0.02009668 0.08051126 0.87479603 0.17906502
 0.18313199 0.07363684 0.09107373]"|2024/2025|True|True
0|4506521|2025-01-15|21|Newcastle United|Wolverhampton Wanderers|3.0|0.0|2.11|1.62|"[0.0352068  0.02046878 0.02348092 0.13865104 0.03618949 0.18594757
 0.07991847 0.07991847 0.05762999 0.05863401 0.50293988 0.05667715
 0.19115268 0.14374349 0.4447988  0.02732712 0.02713616]"|"[0.07752696 0.14934246 0.25897515 0.04008139 0.0353597  0.07676235
 0.0231054  0.14497    0.06643719 0.36905193 0.00924622 0.25730553
 0.11337101]"|2024/2025|True|True
0|4506513|2025-01-15|21|Arsenal|Tottenham Hotspur|2.0|1.0|1.45|0.78|"[0.13029541 0.06806889 0.04532504 0.05166025 0.06578847 0.24785011
 0.09730399 0.09918483 0.06176981 0.13342537 0.07552614 0.04397921
 0.02653274 0.30006546]"|"[0.2689915  0.05619851        nan 0.04668284 0.04883972 0.07779167
 0.07609356 0.12053557 0.01535166 0.05817925 0.01444267]"|2024/2025|True|True
0|4506516|2025-01-16|21|Ipswich Town|Brighton & Hove Albion|0.0|2.0|0.28|0.97|[0.04989766 0.01631449 0.05385912 0.01869773 0.14451848]|"[0.02210707 0.12617657 0.06903758 0.04521616 0.17488675 0.16160977
 0.10753375 0.05638222 0.06612771 0.03596831 0.1070573 ]"|2024/2025|True|True
0|4506522|2025-01-16|21|Manchester United|Southampton|3.0|1.0|3.42|1.54|"[0.0627462  0.02316515 0.10197174 0.22168528 0.02959958 0.08142525
 0.16363101 0.0245723  0.07561625        nan 0.05858294 0.06007499
 0.03622417 0.7072531  0.08760968 0.02567555 0.11687752 0.02898368
 0.22334702 0.0284369  0.27267903 0.26572654 0.67660761 0.04318635]"|"[0.056842   0.03427903 0.06380022 0.70953393 0.07169799 0.04856967
 0.131835   0.07901108 0.10834241 0.0751883  0.10327276 0.02483014
 0.02801784]"|2024/2025|True|True
0|4506530|2025-01-18|22|Newcastle United|AFC Bournemouth|1.0|4.0|0.79|2.26|"[0.06874224 0.04647681 0.00591404 0.05829415 0.03406601 0.05529604
 0.03621161 0.04251203 0.0352037  0.06463615 0.01118802 0.1395047
 0.22787006]"|"[0.193468   0.10057476 0.13082816 0.03418561 0.08947799 0.13059135
 0.09044861 0.18399765 0.10810035 0.09546671 0.10595906 0.11642434
 0.06219735 0.2754662  0.03504642 0.07520916 0.04165516 0.13093029
 0.04770519]"|2024/2025|True|True
0|4506524|2025-01-18|22|Brentford|Liverpool|0.0|2.0|0.72|3.43|"[0.26785725 0.03540878 0.03910316 0.01981443 0.06616168 0.01062633
 0.06410234 0.03368496 0.09687347 0.03332343 0.05126449]"|"[0.09385209 0.03343154 0.08558217 0.36429361 0.05166417 0.11571523
 0.02725426 0.07075993 0.01798375 0.02725426 0.14147398 0.04697052
 0.03273637 0.03084991 0.03764368 0.2565915  0.07430019 0.07019126
 0.05342515 0.04885554 0.01779639 0.09683736 0.11439508 0.06024818
 0.14475346 0.04218132 0.10108336 0.02343975 0.01349962 0.01991986
 0.18335588 0.02837646 0.04131802 0.02750948 0.04735713 0.167478
 0.62383294]"|2024/2025|True|True
0|4506528|2025-01-18|22|Leicester City|Fulham|0.0|2.0|0.47|2.19|"[0.13061763 0.03393523 0.27859181 0.02012997 0.0367628  0.02576477
 0.05338215 0.05921752]"|"[0.03706105 0.02914903 0.03958128 0.02026417 0.02335311 0.06219191
 0.03992561 0.05895243 0.27069938 0.16521414 0.81277573 0.02533172
 0.12808967 0.04829649 0.01967816 0.34551898 0.06834789]"|2024/2025|True|True
0|4506532|2025-01-18|22|West Ham United|Crystal Palace|0.0|2.0|0.28|1.32|"[0.04163568 0.01284427 0.08012726 0.030477   0.01058227 0.02966467
 0.07598619]"|"[0.03233179 0.02417596 0.02550842 0.04789504 0.02247702 0.11574941
 0.01577707 0.11427325 0.06071494 0.01173642 0.7884     0.0567973 ]"|2024/2025|True|True
0|4506523|2025-01-18|22|Arsenal|Aston Villa|2.0|2.0|1.33|1.04|"[0.06960014 0.03106391 0.02724892 0.37774757 0.06100982 0.07489119
 0.07463491 0.02054563 0.09357353 0.01488946 0.02627257 0.0253149
 0.02420156 0.04102527 0.0286139  0.07379842 0.04701172 0.23623364]"|"[0.05233617 0.02125731 0.04425946 0.21476126 0.06432166 0.55833685
 0.04103212 0.04550837]"|2024/2025|True|True
0|4506526|2025-01-19|22|Everton|Tottenham Hotspur|3.0|2.0|1.95|1.12|"[0.03507361 0.15472686 0.08742812 0.22339833 0.10753601 0.35613194
 0.19463024 0.4850409  0.0211212  0.08887074 0.11091448 0.08702233]"|"[0.03623545 0.2622593  0.06576864 0.03690377        nan 0.09343135
 0.12276752 0.1078905  0.08610693 0.05991435 0.24118564 0.01984501]"|2024/2025|True|True
0|4506529|2025-01-19|22|Manchester United|Brighton & Hove Albion|1.0|3.0|1.48|1.93|"[0.04984074 0.0901422  0.06445136 0.7884     0.10102447 0.16619341
 0.0572124  0.09390421 0.03730953 0.02897677]"|[0.52053797 0.29313904 0.01851401 0.02316697 0.80085677 0.2722975 ]|2024/2025|True|True
0|4506531|2025-01-19|22|Nottingham Forest|Southampton|3.0|2.0|2.05|0.89|"[0.03423445 0.1005244  0.09158274 0.01440299 0.0651663  0.03593571
 0.0380467  0.01192529 0.17759351 0.58701044 0.0368072  0.03303351
 0.29632717 0.5315702 ]"|"[0.06737125 0.14669132 0.02024493 0.04612483 0.033317   0.17827718
 0.02584547 0.14460345 0.18339655 0.04882995]"|2024/2025|True|True
0|4506527|2025-01-19|22|Ipswich Town|Manchester City|0.0|6.0|0.58|3.03|"[0.09928679 0.1105402  0.02751406 0.12259196 0.04425279 0.08069295
 0.0085646  0.01758584]"|"[0.55530459 0.02246986 0.0554744  0.10097717 0.03514296 0.23875828
 0.03984491 0.0280726  0.41195878 0.06033997 0.50563514 0.23462228
 0.12866946 0.03664446 0.45954549 0.02624847 0.12448314]"|2024/2025|True|True
0|4506525|2025-01-20|22|Chelsea|Wolverhampton Wanderers|3.0|1.0|3.2|0.81|"[0.02545714 0.1548263  0.0594679  0.01646714 0.22256774 0.108286
 0.05522697 0.02017392 0.03032202 0.24033776 0.02341611 0.07858002
 0.01690912 0.01902374 0.03939262 0.89682263 0.11491811 0.973131
 0.10748788]"|"[0.03221554 0.05780254 0.02887577 0.09697037 0.31303567 0.03099708
 0.02014345 0.20346148 0.02928567]"|2024/2025|True|True
0|4506603|2025-01-25|23|AFC Bournemouth|Nottingham Forest|5.0|0.0|1.69|0.98|"[0.07565478 0.07102956 0.03309275 0.03609281 0.03683639 0.09328833
 0.24583143 0.10056407 0.0517728  0.10671703 0.02795339 0.0642212
 0.02450301 0.50294423 0.04810855 0.19339907]"|"[0.02735732 0.01582553 0.08766063 0.01325607 0.01183893 0.01174131
 0.06089009 0.16792351 0.06178678 0.0430721  0.03114246 0.04209286
 0.18425146 0.09948019 0.02958122 0.03513269 0.0207392  0.03758132]"|2024/2025|True|True
0|4506605|2025-01-25|23|Brighton & Hove Albion|Everton|0.0|1.0|0.73|0.85|"[0.03410921 0.04203438 0.06478911 0.02759969 0.03117769 0.0334698
 0.09631048 0.01964407 0.13170244 0.03350666 0.05298978 0.06066421
 0.02203878 0.01834418 0.03035575 0.0344734 ]"|[0.01699532 0.7884     0.04220726]|2024/2025|True|True
0|4506608|2025-01-25|23|Liverpool|Ipswich Town|4.0|1.0|1.98|0.48|"[0.01966234 0.03757806 0.12573504 0.02179447 0.03567299 0.03701072
 0.15501553 0.47583318 0.5622462  0.04619475 0.02408615 0.50608617
 0.02995834 0.0221478  0.11048809 0.03589089]"|[0.03035234 0.19505484 0.25380784]|2024/2025|True|True
0|4506610|2025-01-25|23|Southampton|Newcastle United|1.0|3.0|0.76|2.93|"[0.22171265 0.02559518 0.02032189 0.03062938 0.2104827  0.01700369
 0.04797995 0.06688923 0.0186577  0.02917225 0.03173072 0.04057915]"|"[0.02842468 0.02535555 0.7884     0.05235931 0.5828054  0.07628579
 0.07024998 0.59264892 0.06175983 0.01739137 0.32376972 0.04081355
 0.05184583 0.05295455 0.02453332 0.1310126  0.01364397]"|2024/2025|True|True
0|4506612|2025-01-25|23|Wolverhampton Wanderers|Arsenal|0.0|1.0|0.74|1.0|"[0.41814303 0.02061668 0.01426127 0.0178945  0.07762792 0.02200145
 0.07107966 0.08153147 0.02146682]"|"[0.08399265 0.16944136 0.02879451 0.16807134 0.07410544 0.06355795
 0.03835066 0.27418521 0.09690502]"|2024/2025|True|True
0|4506609|2025-01-25|23|Manchester City|Chelsea|3.0|1.0|2.5|1.8|"[0.0433533  0.05299637 0.01924833 0.18075866 0.15971419 0.04784265
 0.05964685 0.0444112  0.23616636 0.36054614 0.68140507 0.18421055
 0.09546671 0.08118417 0.25445107]"|"[0.90067822 0.01974255 0.24210112 0.07137676 0.31345546 0.06998927
 0.03563433 0.03839549 0.06195806 0.04690597]"|2024/2025|True|True
0|4506606|2025-01-26|23|Crystal Palace|Brentford|1.0|2.0|1.08|1.26|"[0.05062437 0.03304395 0.04726178 0.06930459 0.0109948  0.15100983
 0.04029134 0.04713245 0.02314145 0.02285571 0.05828348 0.01045448
 0.02752718 0.08585077 0.32102183 0.07932987]"|"[0.03410563 0.01591868 0.04676963 0.02494655 0.0552141  0.03421439
 0.10336313 0.02695336 0.7884     0.03914596 0.06351852 0.02783671]"|2024/2025|True|True
0|4506611|2025-01-26|23|Tottenham Hotspur|Leicester City|1.0|2.0|1.04|1.56|"[0.03856911 0.02550401 0.04735964 0.07223734 0.47066143 0.03094526
 0.06572979 0.04462396 0.02005995 0.05284807 0.02640583 0.0381055
 0.01761688 0.05117027 0.03456219]"|"[0.02273846 0.04549795 0.0982297  0.01136556 0.04761895 0.0449966
 0.01233271 0.11412016 0.95766848 0.04892275 0.02175575 0.1315282 ]"|2024/2025|True|True
0|4506604|2025-01-26|23|Aston Villa|West Ham United|1.0|1.0|0.85|1.31|"[0.17889979 0.09958266 0.04019341 0.04720479 0.04179256 0.08316863
 0.04295814 0.02653274 0.06575335 0.08978591 0.02739187 0.03665716
 0.05123945 0.02336366]"|"[0.06118381 0.10332401 0.03733782 0.07620618 0.05482126 0.2770344
 0.15832637 0.08214284 0.1939013  0.03821021 0.04026902 0.12147623
 0.03340863 0.03619717]"|2024/2025|True|True
0|4506607|2025-01-26|23|Fulham|Manchester United|0.0|1.0|0.67|0.25|"[0.05101838 0.07523105 0.04019341 0.02674114 0.0494397  0.06249022
 0.10597053 0.07796223 0.18183906]"|[0.18015473 0.01394916 0.04511178 0.015458  ]|2024/2025|True|True
0|4506621|2025-02-01|24|Nottingham Forest|Brighton & Hove Albion|7.0|0.0|3.41|0.88|"[0.05124087 0.0701239  0.1197741  0.03541623 0.04126785 0.50399643
 0.16857514 0.83379036 0.06064827 0.7884     0.3552916  0.28871256
 0.06179059 0.02950241]"|"[0.05038574        nan 0.05185857 0.25353792 0.04197579 0.11227499
 0.13835013 0.03086301 0.05823941 0.10776107 0.03486863]"|2024/2025|True|True
0|4506613|2025-02-01|24|AFC Bournemouth|Liverpool|0.0|2.0|1.58|2.52|"[0.03242159 0.05761437 0.02609159 0.03293964 0.02720773 0.10948221
 0.13689163 0.51983535 0.0280538  0.4845235  0.03121026 0.05632078
 0.01600869 0.03916785]"|"[0.14572829 0.17773305 0.02645143 0.0186577  0.04826856 0.02530824
 0.7884     0.49653152 0.10247885 0.07832459 0.03910316 0.03401178
 0.05244084 0.01264771 0.04999657 0.01903949 0.0290553  0.05220914
 0.3279404 ]"|2024/2025|True|True
0|4506617|2025-02-01|24|Everton|Leicester City|4.0|0.0|2.46|0.33|"[0.32852751 0.23782046 0.03827856 0.04055448 0.39422521 0.01210271
 0.39603263 0.22539818 0.06407245 0.24228911 0.0338665  0.02670359
 0.4242976 ]"|"[0.05280697 0.01888661 0.0155864  0.04063339 0.03998123 0.09122951
 0.01789369 0.02270729 0.02744437]"|2024/2025|True|True
0|4506618|2025-02-01|24|Ipswich Town|Southampton|1.0|2.0|1.84|0.91|"[0.01491749 0.03385267 0.04060703 0.16909713 0.61239672 0.17007075
 0.04215503 0.15050504 0.13522151 0.04259289 0.07330194 0.02122385
 0.02738099 0.20018978 0.10851087]"|"[0.13337983 0.0155368  0.10069969 0.01952735 0.02231092 0.06288268
 0.13915768 0.04174891 0.3896279 ]"|2024/2025|True|True
0|4506620|2025-02-01|24|Newcastle United|Fulham|1.0|2.0|0.75|1.56|"[0.04526285 0.01954305 0.04829303 0.15951145 0.02271561 0.16484852
 0.07156615 0.12104996 0.01226611 0.03749056 0.04776817]"|"[0.08026194 0.08192253 0.0206129  0.03373874 0.03625638 0.02680879
 0.04776919 0.14623623 0.0642212  0.01601804 0.04209915 0.23220865
 0.0305995  0.02106686 0.67632049]"|2024/2025|True|True
0|4506622|2025-02-01|24|Wolverhampton Wanderers|Aston Villa|2.0|0.0|1.63|0.45|"[0.14525352 0.23684232 0.18877749 0.46130058 0.02589372 0.43123892
 0.05997946 0.12241971]"|"[0.02185564 0.02164058 0.04241311 0.01928887 0.04656685 0.03746571
 0.05981453 0.14162885 0.0145325  0.04142723]"|2024/2025|True|True
0|4506615|2025-02-02|24|Brentford|Tottenham Hotspur|0.0|2.0|2.06|0.86|"[0.15034553 0.27407157 0.10533383 0.08574929 0.08038436        nan
 0.06039712 0.10545247 0.10471784 0.05382638 0.0461054  0.42764342
 0.00766038 0.00893306 0.01726338 0.04320341 0.03078397 0.01649784
 0.27818143 0.04338037 0.11923379]"|"[0.02759302 0.12418342 0.07890725 0.01643474 0.01690644 0.01903918
 0.04826687 0.0168749  0.01289061 0.02123447 0.15280192 0.06930459
 0.25523889]"|2024/2025|True|True
0|4506619|2025-02-02|24|Manchester United|Crystal Palace|0.0|2.0|1.12|2.6|"[0.1811804  0.07523622 0.03446642 0.04401311 0.03974777 0.07606623
 0.03140271 0.03982184 0.12166578 0.05553403 0.16743791 0.01586396
 0.05188999 0.08655697 0.01971307 0.02608969 0.05813574]"|"[0.10404748 0.01620186 0.03777627 0.03701072 0.05154294 0.41094142
 0.47187102 0.02672704 0.03233947 0.87855643 0.5598017 ]"|2024/2025|True|True
0|4506614|2025-02-02|24|Arsenal|Manchester City|5.0|1.0|1.0|0.81|"[0.02086403 0.12197118 0.29848307 0.01363644 0.04961823 0.04217653
 0.04240267 0.16686313 0.13210306 0.04787341 0.04226203 0.02454023]"|"[0.02103819 0.16544268 0.05387652 0.16116481 0.02267745 0.0260273
 0.35794437]"|2024/2025|True|True
0|4506616|2025-02-03|24|Chelsea|West Ham United|2.0|1.0|1.67|1.22|"[0.01657058 0.03105005 0.0948241  0.03453228 0.03732261 0.05469248
 0.28014514 0.09895003 0.03379825 0.14929421 0.0252533  0.01860396
 0.02623362 0.0309175  0.05758489 0.27737707 0.1322479  0.06450598
 0.05509381 0.07672881 0.03638682 0.03458718]"|"[0.03395115 0.0157916  0.06366954 0.08121105 0.07351252 0.02363884
 0.05326743 0.08266839 0.0582962  0.23483551        nan 0.41696033
 0.04847204 0.00942996 0.02431239]"|2024/2025|True|True
0|4506436|2025-02-12|15|Everton|Liverpool|2.0|2.0|0.95|0.62|"[0.52001172 0.02056349 0.06627433 0.04011609 0.04300428 0.07985866
 0.045844   0.03020692 0.02137866 0.08695309]"|[0.14816263 0.03921806 0.04063163 0.10982436 0.19863518 0.08639289]|2024/2025|True|True
0|4506624|2025-02-14|25|Brighton & Hove Albion|Chelsea|3.0|0.0|1.42|0.54|"[0.03305084 0.04735713 0.0178581  0.2554037  0.08535392 0.04984074
 0.10307937 0.16481511 0.13915271 0.18617591 0.27489224 0.03495381
 0.02780138]"|"[0.02989805 0.1258838  0.02318679 0.01717346 0.14439844 0.05948344
 0.08108735 0.05910441]"|2024/2025|True|True
0|4506627|2025-02-15|25|Leicester City|Arsenal|0.0|2.0|0.22|1.38|[0.06958856 0.02335311 0.04500263 0.03120636 0.03652014 0.0144015 ]|"[0.22490454 0.0382567  0.12250364 0.0220679  0.05066505 0.05926074
 0.0332113  0.02457897 0.27716175 0.4659965  0.06441797]"|2024/2025|True|True
0|4506623|2025-02-15|25|Aston Villa|Ipswich Town|1.0|1.0|2.42|0.37|"[0.068424   0.02943704 0.02932942 0.31527072 0.06292012 0.10203585
 0.01577823 0.30717817 0.02623494 0.03053159 0.20347568 0.03654737
 0.05526168 0.27700067 0.01894903 0.02558827 0.1681482  0.09515476
 0.10419112 0.05859409 0.00906599 0.04715164 0.03740745 0.04397093
 0.26766384]"|[0.01973359 0.05806199 0.17064007 0.11839838]|2024/2025|True|True
0|4506626|2025-02-15|25|Fulham|Nottingham Forest|2.0|1.0|2.18|0.42|"[0.08707211 0.36465412 0.15847671 0.04815308 0.01045183 0.06986251
 0.15606426 0.13278048 0.02794125 0.15696137 0.01964574 0.02694561
 0.04439721 0.11766557 0.06174324 0.03613514 0.01604435 0.11270076
 0.0412523  0.07850889 0.05186441 0.07803884 0.16946772 0.13054952]"|"[0.01897633 0.14475346 0.02780138 0.02231887 0.04637909 0.03569389
 0.0955461  0.03333423]"|2024/2025|True|True
0|4506629|2025-02-15|25|Manchester City|Newcastle United|4.0|0.0|1.9|0.48|"[0.04470318 0.35383299 0.0812066  0.33542529 0.22589248 0.06804658
 0.04529462 0.10099504 0.02855678 0.06730428 0.55283278]"|[0.03618168 0.03346298 0.41307282]|2024/2025|True|True
0|4506630|2025-02-15|25|Southampton|AFC Bournemouth|1.0|3.0|0.79|1.2|"[0.04819733 0.02314412 0.03152004 0.06455392 0.0821879  0.01641107
 0.02395965 0.1316814  0.02155956 0.01944756 0.32981223]"|"[0.03686581 0.47724545 0.04902066 0.02408615 0.01072503 0.02173573
 0.02019403 0.11314289 0.00951108 0.2227844  0.03508873 0.03244248
 0.09515476 0.04809302]"|2024/2025|True|True
0|4506632|2025-02-15|25|West Ham United|Brentford|0.0|1.0|0.82|1.66|"[0.11912344 0.01377947 0.03608192 0.2298713  0.04544489 0.03897522
 0.03303351 0.04730086 0.0386583  0.05240563 0.08622369 0.03729545
 0.03798674]"|"[0.25120661 0.18630716 0.13204014 0.02889303 0.07723395 0.07708564
 0.17982064 0.05814859 0.17509535 0.18710363 0.15095975 0.05889982
 0.09278888 0.04993676]"|2024/2025|True|True
0|4506625|2025-02-15|25|Crystal Palace|Everton|1.0|2.0|1.72|0.96|"[0.20385192 0.02692043 0.01894027 0.07263128 0.17089911 0.12591189
 0.53333068 0.05893651 0.048879   0.03725014 0.05861194 0.04622101
 0.01939891 0.08514543 0.04101282 0.05532273 0.05518057]"|"[0.02779404 0.02878062 0.19155574 0.10704775 0.03714205 0.27674827
 0.0183353  0.04706359 0.04709245 0.04955814 0.13255629]"|2024/2025|True|True
0|4506628|2025-02-16|25|Liverpool|Wolverhampton Wanderers|2.0|1.0|1.66|1.5|"[0.05571576 0.13297214 0.16389228 0.08691721 0.14169711 0.0469055
 0.11247823 0.05406417 0.7884     0.08087628]"|"[0.03477657 0.09409445 0.05169014 0.05790347 0.11258622 0.03224166
 0.14531256 0.57226235 0.02432724 0.01156387 0.11653186 0.01975511
 0.06444781 0.0672672  0.02273527 0.06887456]"|2024/2025|True|True
0|4506631|2025-02-16|25|Tottenham Hotspur|Manchester United|1.0|0.0|2.23|1.52|"[0.02633254 0.0968434  0.71950454 0.05593263 0.18237224 0.06523737
 0.04619635 0.04486897 0.14038931 0.20630214 0.10498366 0.0940123
 0.00635985 0.0273506  0.02772986 0.01826624 0.04155292 0.0638769
 0.03757456 0.10867771 0.09248857 0.09468171]"|"[0.03179826 0.02754085 0.3137171  0.0336415  0.02121385 0.13573754
 0.01886438 0.07824172 0.11631565 0.09723815 0.35077092 0.02270729
 0.0269301  0.0572124  0.09968294 0.09689801]"|2024/2025|True|True
0|4506355|2025-02-19|29|Aston Villa|Liverpool|2.0|2.0|0.67|2.51|"[0.11723974 0.11215141 0.19162549 0.08138804 0.03517704 0.01880112
 0.03362938 0.01816714 0.04019341]"|"[0.01986001 0.08031107 0.05769873 0.07590518 0.05332013 0.0716293
 0.40594113 0.46269363 0.05368353 0.14475346 0.03748811 0.0447121
 0.08185965 0.08118723 0.05322455 0.03317419 0.74759406]"|2024/2025|True|True
0|4506639|2025-02-21|26|Leicester City|Brentford|0.0|4.0|0.51|1.52|"[0.02742053 0.25303313 0.04106635 0.01707459 0.07680178 0.0316513
 0.01716474 0.04735713]"|"[0.13587537 0.36079049 0.06113175 0.23895219 0.08989996 0.07096227
 0.02653965 0.07891134 0.02039029 0.02157903 0.12431654 0.08270038
 0.08747513 0.1162424 ]"|2024/2025|True|True
0|4506636|2025-02-22|26|Everton|Manchester United|2.0|2.0|1.91|0.41|"[0.0422257  0.24624275 0.4195331  0.74887341 0.07318414 0.05758932
 0.17086887 0.13297018 0.0162739 ]"|"[0.02256303 0.01302516 0.03131254 0.05299637 0.02892325 0.14937784
 0.06318688 0.03157532 0.01712892]"|2024/2025|True|True
0|4506633|2025-02-22|26|AFC Bournemouth|Wolverhampton Wanderers|0.0|1.0|0.62|2.0|"[0.01639764 0.50428122 0.00755947 0.12635961 0.03737773 0.03894722
 0.0908482  0.06700949]"|"[0.03018808 0.16588841 0.11231063 0.03193542 0.03892491 0.08448326
 0.58867168 0.02231794 0.07075993 0.13884012 0.63327628 0.02778951
 0.0551357 ]"|2024/2025|True|True
0|4506634|2025-02-22|26|Arsenal|West Ham United|0.0|1.0|1.22|1.07|"[0.03291094 0.2295035  0.02988293 0.0091748  0.034367   0.05792207
 0.01871561 0.03162159 0.01628562 0.03417771 0.06025783 0.05709374
 0.03888931 0.03822685 0.14332092 0.13622487 0.06678335 0.05966911
 0.07061113 0.05552909]"|[0.08424954 0.1587905  0.03908253 0.75682807 0.0266353 ]|2024/2025|True|True
0|4506637|2025-02-22|26|Fulham|Crystal Palace|0.0|2.0|0.2|1.29|"[0.01278996 0.01828936 0.00994536        nan 0.0162019  0.01265537
 0.01559177 0.03023563 0.01998365 0.02938145 0.03988529]"|"[0.02942177 0.03914276 0.01283914 0.03578436 0.08887149 0.0298422
 0.5719533  0.05209461 0.10604803 0.3566111 ]"|2024/2025|True|True
0|4506638|2025-02-22|26|Ipswich Town|Tottenham Hotspur|1.0|4.0|1.15|1.71|"[0.08945037 0.1375889  0.1343274  0.05530776 0.02351314 0.01974354
 0.05075074 0.02048478 0.02101677 0.03130295 0.31669462 0.03708772
 0.07114585 0.0176825  0.09896799 0.00983478 0.01985867]"|"[0.06598837 0.0329305  0.89361328 0.20546636 0.09990948 0.16690178
 0.04982434 0.04715231 0.1054256  0.04651666]"|2024/2025|True|True
0|4506642|2025-02-22|26|Southampton|Brighton & Hove Albion|0.0|4.0|0.13|3.97|[0.01383136 0.01533997 0.00939525 0.02017392 0.02992531 0.01850718]|"[0.15754087 0.08676044 0.01671996 0.03853206 0.32703644 0.56592095
 0.03215598 0.49255735 0.1263541  0.60913211 0.37839422 0.08705846
 0.17797232 0.17187254 0.01932533 0.62542564 0.0228498  0.0322966 ]"|2024/2025|True|True
0|4506635|2025-02-22|26|Aston Villa|Chelsea|2.0|1.0|2.33|2.3|"[0.12784205 0.16090988 0.49484691 0.02292301 0.04162781 0.95397645
 0.02027175 0.02919116 0.23978676 0.07902227 0.04019341 0.11964148]"|"[0.16803959 0.96299434 0.14949122 0.03744419 0.06156297 0.0382502
 0.04347698 0.04078573 0.03203551 0.08579573 0.16194318 0.13499521
 0.07991847 0.28957579 0.01667434]"|2024/2025|True|True
0|4506641|2025-02-23|26|Newcastle United|Nottingham Forest|4.0|3.0|2.91|1.79|"[0.05060704 0.39784646 0.08163935 0.08133634 0.93092746 0.7884
 0.13358718 0.21951655 0.05008424 0.035698   0.07283214 0.0284369
 0.04876231]"|"[0.02012406 0.02481775 0.03447953 0.12382177 0.02081309 0.4732092
 0.02067811 0.04306942 0.29303169 0.05276711 0.02744015 0.13491228
 0.05141963 0.09295823 0.3319073  0.03325976 0.00840227]"|2024/2025|True|True
0|4506640|2025-02-23|26|Manchester City|Liverpool|0.0|2.0|0.65|0.71|"[0.02544531 0.01535372 0.03366905 0.01408271 0.0414942  0.0219046
 0.02180879 0.01688372 0.04459234 0.05021654 0.0428886  0.01352867
 0.02937766 0.02267131 0.04261432 0.21513028]"|"[0.02786152 0.17087568 0.14259198 0.15183771 0.02782436 0.03501102
 0.09049988 0.06206892]"|2024/2025|True|True
0|4506334|2025-02-25|27|Brighton & Hove Albion|AFC Bournemouth|2.0|1.0|2.42|1.46|"[0.2501232  0.26765898 0.7884     0.06210307 0.05664734 0.35724163
 0.15606743 0.04010126 0.03208967 0.03786365 0.37382269]"|"[0.03665716 0.06695329 0.12935056 0.0411878  0.09985253 0.18840674
 0.04946241 0.0294056  0.08039133 0.02623092 0.01909144 0.24872053
 0.08369172 0.1360451  0.02686446 0.03774435 0.08513513 0.01111112
 0.06098543]"|2024/2025|True|True
0|4506339|2025-02-25|27|Crystal Palace|Aston Villa|4.0|1.0|4.31|0.38|"[0.0242784  0.8315348  0.17537159 0.374605   0.77795315 0.2716361
 0.041526   0.01717579 0.03423243 0.06598279 0.02817576 0.07671838
 0.02812678 0.13484827 0.0188267  0.16617195 0.55809271 0.02922084
 0.96783286]"|[0.04735681 0.13148111 0.0739922  0.06036455 0.0408345  0.02308702]|2024/2025|True|True
0|4506338|2025-02-25|27|Wolverhampton Wanderers|Fulham|1.0|2.0|1.31|1.69|"[0.06271677 0.0213932  0.05381816 0.0234319  0.21050438 0.18922564
 0.14370303 0.03651588 0.03105451 0.0522597  0.07689493 0.05622895
 0.01992537 0.09344488 0.0855762  0.02697563 0.02011186 0.10760348]"|"[0.36773551 0.01315303 0.29329252 0.02753608 0.04494123 0.30819362
 0.21208319 0.09975588 0.04749853 0.24093054 0.03805798]"|2024/2025|True|True
0|4506340|2025-02-25|27|Chelsea|Southampton|4.0|0.0|2.56|0.72|"[0.08593488 0.60542399 0.03797941 0.23417047 0.36695194 0.0642968
 0.14392088 0.04496373 0.03836925 0.07352683 0.08555969 0.07106984
 0.10631482 0.02568877 0.36581275 0.03519306 0.07546332 0.05620797
 0.0477247 ]"|"[0.05910631 0.02450387 0.14648767 0.02241595 0.31991893 0.02398954
 0.12671439]"|2024/2025|True|True
0|4506333|2025-02-26|27|Brentford|Everton|1.0|1.0|1.48|1.37|"[0.01541187 0.02892124 0.1098725  0.04626352 0.00784137 0.03620267
 0.27090946 0.85433549 0.11723974 0.03405946 0.10916634 0.0788659 ]"|"[0.01836551 0.02260608 0.07458714 0.37573376 0.02137329 0.0444112
 0.0909949  0.09845074 0.0285772  0.2438681  0.10302839 0.30949947
 0.03740657 0.08529929]"|2024/2025|True|True
0|4506342|2025-02-26|27|Manchester United|Ipswich Town|3.0|2.0|0.72|1.43|"[0.03681523 0.02725223 0.03955378 0.08749179 0.12967531 0.30679601
 0.04634729 0.0447121  0.07234789 0.0066545 ]"|"[0.04704098 0.95951378        nan 0.01535372 0.04176654 0.03378651
 0.06327979 0.04812051 0.05212701 0.02432139 0.02792737 0.09122862
 0.02417628]"|2024/2025|True|True
0|4506335|2025-02-26|27|Nottingham Forest|Arsenal|0.0|0.0|0.4|0.99|[0.04277299 0.01269666 0.11484973 0.07517374 0.05066386 0.09807082]|"[0.04523656 0.01172683 0.05742657 0.10154162 0.01717669 0.03722333
 0.18813494 0.01793313 0.09464732 0.20873028 0.02112477 0.12883548
 0.05711497]"|2024/2025|True|True
0|4506336|2025-02-26|27|Tottenham Hotspur|Manchester City|0.0|1.0|1.33|2.12|"[0.03710718 0.01033671 0.20702569 0.04384339 0.02438873 0.04297955
 0.08916207 0.05171148 0.3205533  0.26135674 0.23977056]"|"[0.4647665  0.46144038 0.06210307 0.38555542 0.45212626 0.06926801
 0.04831416 0.0148009  0.03903836 0.07210179 0.00637417 0.04142788]"|2024/2025|True|True
0|4506341|2025-02-26|27|Liverpool|Newcastle United|2.0|0.0|1.7|0.23|"[0.27893499 0.0231054  0.03586282 0.11170528 0.0238615  0.19469164
 0.36916217 0.13512594 0.04355784 0.07840893 0.38822338 0.01690285]"|[0.13178228 0.04367678 0.05261184]|2024/2025|True|True
0|4506337|2025-02-27|27|West Ham United|Leicester City|2.0|0.0|1.84|0.39|"[0.6420601  0.54870051 0.0122152  0.0300838  0.0540082  0.02031743
 0.11271918 0.26009834]"|"[0.0445164  0.         0.03429238 0.00805866 0.03287778 0.03840691
 0.05767224 0.04746474 0.06783148 0.02457194 0.03382349]"|2024/2025|True|True
0|4506349|2025-03-08|28|Nottingham Forest|Manchester City|1.0|0.0|0.73|0.86|"[0.1179732  0.07894827 0.04075666 0.04192299 0.02260355 0.12067708
 0.03264236 0.05757564 0.21320087]"|"[0.04971054 0.01213745 0.10261054 0.03579491 0.15705253 0.13920061
 0.03474247 0.01308546 0.03911794 0.07464188 0.02780794 0.06423579
 0.04319669 0.07000434]"|2024/2025|True|True
0|4506344|2025-03-08|28|Brighton & Hove Albion|Fulham|2.0|1.0|1.54|0.9|"[0.05327781 0.0285364  0.10312692 0.09448858 0.13096444 0.09297815
 0.20748886 0.03910974 0.7884    ]"|[0.03544223 0.08016649 0.5409165  0.03661492 0.1511943  0.05828593]|2024/2025|True|True
0|4506346|2025-03-08|28|Crystal Palace|Ipswich Town|1.0|0.0|3.26|1.48|"[0.12076355 0.0267658  0.0525206  0.22022527 0.04945397 0.06425838
 0.2362757  0.27671501 0.24195704 0.07954288 0.02693187 0.02711236
 0.02210671 0.68458951 0.21605614 0.03772178 0.31339446 0.42190403
 0.14151078]"|"[0.14043939 0.01858123 0.03130485 0.02285374 0.01748781 0.05850171
 0.02490735 0.03894073 0.01931803 0.02673101 0.29223081 0.30775338
 0.5624032  0.04159342 0.2789441 ]"|2024/2025|True|True
0|4506347|2025-03-08|28|Liverpool|Southampton|3.0|1.0|4.12|0.36|"[0.03928662 0.14037025 0.09129529 0.11468507 0.27674857 0.35052249
 0.0977459  0.06398581 0.05689195 0.06691177 0.0932467  0.04674653
 0.0207307  0.0682964  0.02030332 0.04516843 0.37530699 0.02211929
 0.06452122 0.7884     0.04515482 0.02117144 0.03049304 0.24599798
 0.05888582 0.02413961 0.7884     0.06154143]"|[0.13808826 0.01582539 0.0192535  0.08156916 0.02510423 0.0767195 ]|2024/2025|True|True
0|4506343|2025-03-08|28|Brentford|Aston Villa|0.0|1.0|0.83|1.33|"[0.0966273  0.01995663 0.17807786 0.02399689 0.08876586 0.02646364
 0.04924729 0.0569666  0.07912441 0.10195962 0.0375412  0.02680122
 0.04836369]"|"[0.04599623 0.04853454 0.04883972 0.05926325 0.32253045 0.09849847
 0.07571812 0.06987024 0.07127493 0.06135181 0.10585809 0.32475528]"|2024/2025|True|True
0|4506352|2025-03-08|28|Wolverhampton Wanderers|Everton|1.0|1.0|0.77|1.41|"[0.06453514 0.08752823 0.02944758 0.02767215 0.02657704 0.0772325
 0.28257781 0.0562309  0.03268863 0.03614013 0.04982194]"|"[0.05981453 0.01816783 0.15553492 0.14133357 0.53974235 0.03231674
 0.0697751  0.04007385 0.17184389 0.06768278 0.08334351 0.03470859]"|2024/2025|True|True
0|4506345|2025-03-09|28|Chelsea|Leicester City|1.0|0.0|1.78|0.1|"[0.05391387 0.03328367 0.7884     0.03920699 0.05340781 0.10600097
 0.05452145 0.01314184 0.07559973 0.02184284 0.0658066  0.07456364
 0.0263453  0.0381681  0.06815391 0.0166667  0.10261054 0.05626302
 0.01843375 0.07169206]"|[0.04817007 0.01561994 0.03765085]|2024/2025|True|True
0|4506350|2025-03-09|28|Tottenham Hotspur|AFC Bournemouth|2.0|2.0|1.53|2.2|"[0.09565051 0.2416191  0.08623793 0.0207011  0.02875041 0.02257409
 0.0288481  0.11093581 0.03679783 0.02604534 0.7884     0.03925182]"|"[0.25817889 0.31952596 0.06501602 0.1102452  0.05776651 0.0355003
 0.08208114 0.27379    0.0367187  0.05100958 0.01582207 0.58245355
 0.04943506 0.04892835 0.09055001 0.05503288 0.06897292]"|2024/2025|True|True
0|4506348|2025-03-09|28|Manchester United|Arsenal|1.0|1.0|1.52|1.62|"[0.03729598 0.06621755 0.01121403 0.15274991 0.64539349 0.08565876
 0.0330111  0.19063933 0.03501102 0.26208076]"|"[0.09550594 0.02912579 0.02395498 0.03298172 0.35314777 0.07998261
 0.02093459 0.0305065  0.05009395 0.04357567 0.13349788 0.07136729
 0.0639555  0.16679204 0.14849414 0.30444324 0.02109635]"|2024/2025|True|True
0|4506351|2025-03-10|28|West Ham United|Newcastle United|0.0|1.0|0.72|1.4|"[0.39452186 0.0608426  0.02736548 0.0679388  0.02199222 0.04045374
 0.01414898 0.01706443 0.07285106]"|"[0.02215501 0.02230044 0.21825591 0.12789676 0.03509628 0.04248565
 0.41751763 0.03274101 0.48322883]"|2024/2025|True|True
0|4506356|2025-03-15|29|Everton|West Ham United|1.0|1.0|1.0|0.83|"[0.07796901 0.1218297  0.06721293 0.04205307 0.03208016 0.1332195
 0.03020827 0.03676463 0.01465606 0.06045116 0.00742615 0.2890124
 0.08397446]"|"[0.04270682 0.10629604 0.01071886 0.06445325 0.02459058 0.15491554
 0.05153742 0.04051814 0.29363868 0.05701935]"|2024/2025|True|True
0|4506358|2025-03-15|29|Ipswich Town|Nottingham Forest|2.0|4.0|0.42|1.52|"[0.04846918 0.08593328 0.01826894 0.03776933 0.02752718 0.02860467
 0.03655406 0.02560434 0.0366395  0.05966911 0.02713053]"|"[0.01179691 0.05068011 0.07991847 0.02232031 0.13501392 0.06791338
 0.47963187 0.14043939 0.02097938 0.46588024 0.04242859]"|2024/2025|True|True
0|4506362|2025-03-15|29|Southampton|Wolverhampton Wanderers|1.0|2.0|1.37|0.36|"[0.0147821  0.0499841  0.07019126 0.02917699 0.03280155 0.16437152
 0.07178887 0.19769731 0.0476299  0.72228795]"|[0.10455449 0.03385251 0.02082482 0.0741992  0.12844181]|2024/2025|True|True
0|4506360|2025-03-15|29|Manchester City|Brighton & Hove Albion|2.0|2.0|1.72|1.97|"[0.7884     0.16993243 0.07527459 0.1762372  0.03694237 0.04901256
 0.         0.04993214 0.05331596 0.08451883 0.12446584 0.12942931]"|"[0.05895827 0.26252785 0.01689482 0.06441742 0.00998701 0.03560498
 0.21582849 0.19359043 0.42986652 0.02416288 0.07021736 0.02335311
 0.14622046 0.04507935 0.44002524]"|2024/2025|True|True
0|4506353|2025-03-15|29|AFC Bournemouth|Brentford|1.0|2.0|1.67|0.83|"[0.01705209 0.07258241 0.07565427 0.0367983  0.07118914 0.28114438
 0.05788181 0.05572858 0.03428803 0.02958545 0.30202806 0.07689129
 0.46463698 0.02365761 0.0213134  0.01086397 0.03391541]"|"[       nan 0.0236333  0.17149416 0.02999719 0.17482352 0.09674566
 0.04990421 0.16150032 0.06868934 0.02132736 0.03518481]"|2024/2025|True|True
0|4506354|2025-03-16|29|Arsenal|Chelsea|1.0|0.0|0.71|0.36|"[0.06589939 0.02211929 0.07269486 0.01774637 0.1265984  0.05204197
 0.03137213 0.11646592 0.02312248 0.08949998 0.07212538 0.02505202]"|"[0.0284972  0.0331163  0.10483113 0.02206293 0.02047408 0.02647756
 0.02490735 0.0985145 ]"|2024/2025|True|True
0|4506357|2025-03-16|29|Fulham|Tottenham Hotspur|2.0|0.0|0.97|0.95|"[0.02730327 0.01482448 0.13691916 0.12091572 0.03083229 0.04460674
 0.04116686 0.05421305 0.04383355 0.11851294 0.12662281 0.13091125
 0.08129046]"|"[0.06570337 0.10347492 0.01211919 0.03250497 0.00962508 0.03583543
 0.01392702 0.02464735 0.43839112 0.05249498 0.03581413 0.12697528]"|2024/2025|True|True
0|4506359|2025-03-16|29|Leicester City|Manchester United|0.0|3.0|1.05|0.91|"[0.27265388 0.14835048 0.0605618  0.03555711 0.10129973 0.03547386
 0.03504474 0.01690737 0.16043667 0.02551274 0.16090998]"|"[0.05715968 0.04499389 0.03152468 0.02597859 0.01761337 0.07182065
 0.01654784 0.13871615 0.03197453 0.0306775  0.0238906  0.1718899
 0.02043    0.01174131 0.03182456 0.06207934 0.02090961 0.10261054]"|2024/2025|True|True
0|4506364|2025-04-01|30|Arsenal|Fulham|2.0|1.0|2.38|0.99|"[0.15539955 0.08628967 0.06261132 0.0776979  0.05898308 0.04014059
 0.16601087 0.10913739 0.28415078 0.08338495 0.01990663 0.02592128
 0.06490024 0.05981685 0.24859053 0.77173483 0.06156354]"|"[0.02046615 0.00984662 0.11909465 0.08846442 0.02009085 0.40689203
 0.19302697 0.12045444 0.01114439]"|2024/2025|True|True
0|4506367|2025-04-01|30|Wolverhampton Wanderers|West Ham United|1.0|0.0|1.18|1.34|"[0.12019171 0.02545056 0.07479779 0.14740576 0.04572014 0.04827993
 0.02647756 0.1381299  0.55477935]"|"[0.02609383 0.30881721 0.03274023 0.1490211  0.10185076 0.02643158
 0.23896445 0.05321439 0.04885793 0.35730988]"|2024/2025|True|True
0|4506366|2025-04-01|30|Nottingham Forest|Manchester United|1.0|0.0|0.48|1.63|"[0.1184511  0.01835603 0.08070329 0.01795908 0.06438968 0.10785963
 0.01783133 0.04977803]"|"[0.02835525 0.04825664 0.07478558 0.03727642 0.05650503 0.14757121
 0.05000187 0.02083019 0.04443786 0.03710593 0.02767228 0.01838716
 0.02463426 0.08671489 0.03601968 0.02896729 0.04479694 0.07865655
 0.11460407 0.23778829 0.03303658 0.11947915 0.24464691]"|2024/2025|True|True
0|4506363|2025-04-02|30|AFC Bournemouth|Ipswich Town|1.0|2.0|1.87|1.17|"[0.03247956 0.02277118 0.04644826 0.01812018 0.01192516 0.01909699
 0.03910316 0.02779137 0.11687752 0.04999179 0.0336892  0.03163671
 0.02717023 0.16821055 0.10992707 0.0189974  0.02496446 0.21780673
 0.67238152 0.01335197 0.01346968 0.02120007 0.04114819 0.24182652]"|"[0.02105531 0.07167994 0.01103595 0.42599791 0.19197275 0.0927583
 0.27087036 0.02291587 0.0326198  0.02672822]"|2024/2025|True|True
0|4506365|2025-04-02|30|Brighton & Hove Albion|Aston Villa|0.0|3.0|0.9|1.25|"[0.05861569 0.0483251  0.18659747 0.05470965 0.02252851 0.01805871
 0.09880557 0.01356285 0.03784252 0.20980097 0.14697172]"|"[0.06532031 0.1723811  0.10639777 0.01723595 0.43026781 0.12264328
 0.25808579 0.06219482]"|2024/2025|True|True
0|4506369|2025-04-02|30|Manchester City|Leicester City|2.0|0.0|2.24|0.07|"[0.11913695 0.27267849 0.47058949 0.33377841 0.05354231 0.04968857
 0.11302538 0.04529745 0.02508391 0.17722452 0.07292166 0.11181057
 0.09546671 0.17780732 0.01447545 0.03728635 0.06175749 0.01238994]"|[0.0191952  0.05372765]|2024/2025|True|True
0|4506370|2025-04-02|30|Newcastle United|Brentford|2.0|1.0|1.29|1.6|"[0.23124985 0.03252809 0.07425269 0.01560727 0.03828601 0.05440082
 0.06798472 0.03407972 0.02232859 0.25904024 0.05049359 0.01983013
 0.03819091 0.06321407 0.06083609 0.00271124 0.08608758 0.02329326
 0.02285388 0.02746092 0.06223582]"|"[0.07521456 0.03284001 0.14357167 0.04650847 0.06070679 0.02279787
 0.03681803 0.7884     0.21386844 0.0940311  0.0339356  0.05518096]"|2024/2025|True|True
0|4506371|2025-04-02|30|Southampton|Crystal Palace|1.0|1.0|0.67|0.74|"[0.11216194 0.11167393 0.08363096 0.06385519 0.06346004 0.04542223
 0.17749578 0.01472643]"|"[0.035795   0.10810371 0.18350725 0.15758045 0.03881584 0.10197025
 0.01911381 0.04063044 0.05773704]"|2024/2025|True|True
0|4506372|2025-04-02|30|Liverpool|Everton|1.0|0.0|1.47|0.67|"[0.47446716 0.12895006 0.06341245 0.03928662 0.06586484 0.05402217
 0.07268211 0.04344252 0.01797047 0.0225577  0.0191024  0.09350497
 0.06186469 0.1044395  0.15018018 0.03694259 0.0191412 ]"|[0.12553675 0.56785035 0.02873378 0.1679801  0.02736757]|2024/2025|True|True
0|4506368|2025-04-03|30|Chelsea|Tottenham Hotspur|1.0|0.0|1.1|0.87|"[0.04916979 0.07902782 0.05909377 0.05716169 0.05576985 0.14999473
 0.02785968 0.42838877 0.09974062 0.00924909 0.03295177]"|"[0.06356369 0.06595349 0.20707931 0.04910823 0.01802986 0.05607171
 0.3828795  0.03067884]"|2024/2025|True|True
0|4506376|2025-04-05|31|Everton|Arsenal|1.0|1.0|1.09|1.79|[0.12737799 0.10479341 0.0233945  0.7884     0.04463132]|"[0.27959716 0.0777     0.18606845 0.10943969 0.17308477 0.1697738
 0.07048135 0.03752263 0.07227091 0.1102452  0.22613174 0.0393473
 0.19949141 0.06986251]"|2024/2025|True|True
0|4506375|2025-04-05|31|Crystal Palace|Brighton & Hove Albion|2.0|1.0|0.6|1.0|"[0.07974558 0.0508808  0.20518002 0.0180815  0.04559256 0.10505222
 0.02901106 0.0340584 ]"|"[0.03169613 0.02576348 0.010175   0.2329172  0.2984699  0.04085989
 0.01882549 0.06721293 0.07283696 0.03690377 0.16874263]"|2024/2025|True|True
0|4506378|2025-04-05|31|Ipswich Town|Wolverhampton Wanderers|1.0|2.0|0.8|2.71|[0.02658453 0.46394992 0.03489009 0.02069862 0.17582744 0.07539789]|"[0.09740075 0.18435359 0.10190226 0.05407746 0.39313981 0.04895202
 0.14967878 0.07207681 0.09669455 0.05536276 0.03331672 0.10829433
 0.03110295 0.13775049 0.03289373 0.0159369  0.05068998 0.05162975
 0.11778439 0.02088389 0.12276937 0.73305994]"|2024/2025|True|True
0|4506382|2025-04-05|31|West Ham United|AFC Bournemouth|2.0|2.0|0.69|2.12|"[0.02026417 0.02874683 0.14522158 0.13914946 0.01575216 0.08822355
 0.09525999 0.10611743 0.0511502 ]"|"[0.22653686 0.02359152 0.68530971 0.16881135 0.03806433 0.03254747
 0.80702204 0.07710533 0.02834464 0.01908663 0.03393772]"|2024/2025|True|True
0|4506373|2025-04-05|31|Aston Villa|Nottingham Forest|2.0|1.0|3.03|1.48|"[0.09918679 0.09323902 0.03475865 0.41149023 0.72015131 0.03668532
 0.04599022 0.01494214 0.50879413 0.13606679 0.10910279 0.03795677
 0.08986989 0.01578572 0.05495372 0.09751733 0.52103543]"|"[0.02685559 0.02219393 0.16807662 0.12896478 0.02718317 0.07080434
 0.01612438 0.26743734 0.06197968 0.10479365 0.13750893 0.03607596
 0.05981453 0.1121755  0.07547802 0.05026418 0.03016667 0.01749632
 0.0672229 ]"|2024/2025|True|True
0|4506374|2025-04-06|31|Brentford|Chelsea|0.0|0.0|1.18|1.23|"[0.21042296 0.08395986 0.10815075 0.02744437 0.02848693 0.06867012
 0.10350982 0.48802119 0.06619155]"|"[0.1552258  0.0767195  0.06527008 0.05132404 0.12785044 0.02002133
 0.02387738 0.06397718 0.01281124 0.03513274 0.04186893 0.05546773
 0.06948667 0.07227965 0.06476609 0.03781227 0.05141312 0.01594427
 0.09970121 0.01835096 0.07262842]"|2024/2025|True|True
0|4506377|2025-04-06|31|Fulham|Liverpool|3.0|2.0|0.74|1.5|"[0.17216191 0.04013998 0.0473671  0.01157577 0.05981453 0.06643093
 0.02659147 0.1218273  0.01902377 0.02744692 0.06527234 0.08576398]"|"[0.02434536 0.0206165  0.31561437 0.0633473  0.02375818 0.02765809
 0.44367409 0.22912708 0.06326431 0.04901039 0.11434117 0.04580363
 0.03708277 0.041367  ]"|2024/2025|True|True
0|4506381|2025-04-06|31|Tottenham Hotspur|Southampton|3.0|1.0|2.12|1.04|"[0.07128029 0.12739228 0.08607902 0.09314141 0.18479849 0.14739913
 0.26566982 0.14839143 0.03780286 0.09430917 0.02041681 0.05103857
 0.7884    ]"|"[0.11737338 0.02535555 0.07069591 0.02320617 0.34921715 0.03631981
 0.02558005 0.02075154 0.0163074  0.02900464 0.02910616 0.29485148]"|2024/2025|True|True
0|4506380|2025-04-06|31|Manchester United|Manchester City|0.0|0.0|0.91|0.49|"[0.16807134 0.02788533 0.15885291 0.03010318 0.02018163 0.00830666
 0.09672892 0.09073476 0.17866047 0.01192762 0.03890428 0.08022559
 0.01787397]"|"[0.02538834 0.06496381 0.01729823 0.03130208 0.234759   0.02928577
 0.01435111 0.05805011 0.01201177]"|2024/2025|True|True
0|4506379|2025-04-07|31|Leicester City|Newcastle United|0.0|3.0|0.48|3.25|"[0.02628807 0.04969999 0.0420392  0.10309989 0.01351459 0.19206245
 0.02623362]"|"[0.72223723 0.01715152 0.84797549 0.04425946 0.08614512 0.03010434
 0.06026989 0.07663324 0.90952915 0.05581735 0.03514602 0.03240377
 0.01898266 0.03942895 0.28790966 0.05981453]"|2024/2025|True|True
0|4506388|2025-04-12|32|Manchester City|Crystal Palace|5.0|2.0|3.81|1.82|"[0.10927344 0.48148927 0.10679381 0.02396405 0.05698132 0.32791314
 0.06853621 0.05606318 0.35233891 0.17588955 0.10624468 0.15378004
 0.09607525 0.17377606 0.04742338 0.73553067 0.44719318 0.31508291
 0.0352833  0.07880291 0.07374726]"|"[0.04659144 0.64939874 0.52714974 0.44525814 0.01485887 0.06344622
 0.05620986 0.01436443]"|2024/2025|True|True
0|4506385|2025-04-12|32|Brighton & Hove Albion|Leicester City|2.0|2.0|3.91|1.5|"[0.07991847 0.23408635 0.08411028 0.12343905 0.17380577 0.09499891
 0.7884     0.0905269  0.056568   0.16941705 0.15464476 0.14475346
 0.0646824  0.11277172 0.05742657 0.06334122 0.39219081 0.02677503
 0.7884     0.11842094 0.08695309]"|"[0.05693817 0.1023966  0.12443279 0.0800849  0.04392175 0.02033878
 0.05286089 0.03709595 0.47854289 0.10985926 0.0395281  0.01797245
 0.05101838 0.26743469 0.03098425]"|2024/2025|True|True
0|4506390|2025-04-12|32|Nottingham Forest|Everton|0.0|1.0|0.52|1.36|"[0.02009608 0.15796736 0.01990933 0.01620695 0.01684085 0.10078598
 0.07293933 0.03064346 0.04456269 0.0365101 ]"|"[0.01443993 0.04420727 0.00985483 0.02331613 0.07885986 0.0704485
 0.37030736 0.03118274 0.03737773 0.22288065 0.07048135 0.0865756
 0.29656273]"|2024/2025|True|True
0|4506391|2025-04-12|32|Southampton|Aston Villa|0.0|3.0|0.31|3.03|"[0.02904915 0.13692203 0.04273847 0.01871571 0.02445397 0.02101677
 0.03759101]"|"[0.0471089  0.0222509  0.02294573 0.01925706 0.05965875 0.14834553
 0.17928314 0.01721923 0.0402435  0.02418517 0.02218146 0.024041
 0.02999491 0.02622772 0.0318868  0.01073365 0.02137866 0.0647051
 0.03212684 0.7884     0.2779451  0.22654392 0.03701353 0.7884
 0.30922613]"|2024/2025|True|True
0|4506384|2025-04-12|32|Arsenal|Brentford|1.0|1.0|0.96|0.24|"[0.02837391 0.01629918 0.01967333 0.20836413 0.03105143 0.02780129
 0.09145629 0.0181694  0.26385137 0.0179834  0.09781148 0.04901441
 0.06945303 0.02546103]"|[0.10572422 0.01533046 0.12266956]|2024/2025|True|True
0|4506386|2025-04-13|32|Chelsea|Ipswich Town|2.0|2.0|2.27|1.07|"[0.27170697 0.10328552 0.02805216 0.05356677 0.04924689 0.21264839
 0.03338146 0.00913445 0.0295344  0.03565652 0.01945742 0.03200758
 0.02532334 0.13021728 0.01563903 0.02682041 0.01958784 0.08615514
 0.02779005 0.03758683 0.01269578 0.02476351 0.05779242 0.02396801
 0.03780932 0.0275346  0.05342403 0.04012066 0.44194344 0.01733081
 0.0943659  0.03213998 0.09672115 0.06503212]"|"[0.0334226  0.3777504  0.02739528 0.04901256 0.16589575        nan
 0.02795717 0.11332698 0.03920975 0.06285346 0.06602625 0.04215807
 0.04060786 0.02917512]"|2024/2025|True|True
0|4506387|2025-04-13|32|Liverpool|West Ham United|2.0|1.0|1.78|1.5|"[0.03701072 0.03095114 0.07314065 0.01802509 0.09119805 0.56630653
 0.01978216 0.18793313 0.31918755 0.06115091        nan 0.07844228
 0.0721764  0.0953244  0.02348844 0.1029935 ]"|"[0.22090612 0.05422454 0.04594011 0.14126016 0.01707773 0.29656732
 0.11135299 0.38668156 0.0268837  0.08035548 0.12331033]"|2024/2025|True|True
0|4506392|2025-04-13|32|Wolverhampton Wanderers|Tottenham Hotspur|4.0|2.0|2.39|1.96|"[0.04771301 0.55372941 0.07917063 0.13227253 0.12379379 0.04550056
 0.67287505 0.07386609 0.07305223 0.05365575 0.02137866 0.03822809
 0.47094446]"|"[0.06923603 0.02639604 0.45543137 0.04993214 0.08481341        nan
 0.08910251 0.16210686 0.06752381 0.12655565 0.88834959 0.05218083]"|2024/2025|True|True
0|4506389|2025-04-13|32|Newcastle United|Manchester United|4.0|1.0|2.17|0.72|"[0.02383645 0.11496586 0.20369111 0.02211581 0.23496437 0.06859057
 0.0209729  0.01031359 0.54377007 0.07375374 0.25120661 0.1427373
 0.4590686 ]"|"[0.01117545 0.16384996 0.10209461 0.03082236 0.02548681 0.03829442
 0.03911278 0.2524654  0.05708481]"|2024/2025|True|True
0|4506383|2025-04-14|32|AFC Bournemouth|Fulham|1.0|0.0|1.46|1.07|"[0.11945117 0.02237077 0.47014526 0.02961838 0.0254566  0.08646591
 0.06612659 0.18313891 0.08598035 0.03393435 0.30853403 0.01016801]"|"[0.07541326 0.04926663 0.0993305  0.14516002 0.08206779 0.04890347
 0.0630516  0.11084041 0.18204793 0.08707319 0.07352135 0.04912806]"|2024/2025|True|True
0|4506361|2025-04-16|29|Newcastle United|Crystal Palace|5.0|0.0|1.54|2.0|"[0.01095022 0.22818097 0.06944328 0.01162946 0.01529829 0.16422962
 0.16385311 0.31122577 0.14002965 0.04518172 0.20121475 0.071449
 0.03829651 0.06469423]"|"[0.23078997 0.02971812 0.07573932 0.7884            nan 0.02631724
 0.33741179 0.20353906 0.05247586 0.09094521 0.13514727 0.0330097 ]"|2024/2025|True|True
0|4506544|2025-04-19|33|Brentford|Brighton & Hove Albion|4.0|2.0|2.17|1.43|"[0.14787121 0.04802204 0.48988461 0.02099794 0.04882722 0.04590905
 0.31785533 0.03471832 0.25473386 0.15376835 0.10003753 0.2754297
 0.02067273 0.13823691 0.04219108 0.11468834]"|"[0.05177092 0.17880428 0.05341233 0.05054786 0.12116178 0.03178149
 0.10090977 0.41094455 0.27660123 0.06385014 0.0243277  0.0518715 ]"|2024/2025|True|True
0|4506545|2025-04-19|33|Crystal Palace|AFC Bournemouth|0.0|0.0|0.37|0.72|[0.02632968 0.06070532 0.0384586  0.0429056  0.19928864]|"[0.02979372 0.03279496 0.01568578 0.18102194 0.0662389  0.0642212
 0.03835066 0.01662425 0.05179894 0.03753067 0.08576965 0.04158723
 0.0140439  0.02632324 0.02296704]"|2024/2025|True|True
0|4506546|2025-04-19|33|Everton|Manchester City|0.0|2.0|0.91|2.04|"[0.17691356 0.32792386 0.15619159 0.09451555 0.05197301 0.02900464
 0.03503077 0.03973135]"|"[0.01902377 0.15946864 0.05360148 0.07011276 0.0576074  0.11748829
 0.02012911 0.09122931 0.41966265 0.86439234 0.09463038 0.07394718]"|2024/2025|True|True
0|4506552|2025-04-19|33|West Ham United|Southampton|1.0|1.0|0.91|0.64|"[0.10555219 0.03130485 0.02676812 0.08613025 0.07048135 0.08334911
 0.1485149  0.08278481 0.02439222 0.07609356 0.02680173 0.14683439]"|"[0.04127168 0.01879154 0.05473107 0.01834957 0.07344673 0.03077352
 0.04024437 0.01142419 0.04209204 0.03546662 0.13691296 0.0156396
 0.01182796 0.03880665 0.07147277]"|2024/2025|True|True
0|4506543|2025-04-19|33|Aston Villa|Newcastle United|4.0|1.0|2.26|1.0|"[0.04019341 0.0449966  0.01135933 0.01208354 0.38831982 0.17754722
 0.14110363 0.03186765 0.03773796 0.03150692 0.05310966 0.07550669
 0.08381621 0.03668538 0.04441698 0.36970389 0.05456698 0.21018252
 0.1940324  0.06945303 0.07740408 0.05994694 0.01035878]"|"[0.02121162 0.05371503 0.28983054 0.02610073 0.02883861 0.07939976
 0.08553749 0.05011078 0.0476231         nan 0.31273299]"|2024/2025|True|True
0|4506547|2025-04-20|33|Fulham|Chelsea|1.0|2.0|0.25|0.9|[0.0400475  0.03313499 0.05235475 0.05634641 0.03776061 0.03239898]|"[0.0336892  0.031185   0.05423063 0.0480695  0.2335636  0.02442821
 0.18015572 0.03171146 0.04745004 0.04563221 0.06874224 0.03466379
 0.07055259]"|2024/2025|True|True
0|4506548|2025-04-20|33|Ipswich Town|Arsenal|0.0|4.0|0.17|2.55|[0.02417554 0.06662982 0.03844654 0.03851986]|"[0.19063933 0.11120203 0.0344613  0.01927034 0.25925964 0.1837239
 0.51385218 0.01726533 0.38390744 0.02164805 0.12211262 0.02090616
 0.05330691 0.05969667 0.0427204  0.04598157 0.03869103 0.03942194
 0.08422786 0.06322934 0.02669265 0.07327594 0.103906   0.03635086]"|2024/2025|True|True
0|4506550|2025-04-20|33|Manchester United|Wolverhampton Wanderers|0.0|1.0|1.32|0.25|"[0.0384586  0.03446582 0.02140412 0.06934454 0.03132845 0.03846113
 0.02605396 0.4793967  0.24943106 0.26099086 0.05044994 0.020783  ]"|[0.01880135 0.09856445 0.08936419 0.02753229]|2024/2025|True|True
0|4506549|2025-04-20|33|Leicester City|Liverpool|0.0|1.0|0.27|2.57|[0.04506635 0.04450831 0.01899265 0.1146246  0.05056275]|"[0.3058809  0.04592298 0.02019395 0.00811547 0.01991811 0.03059908
 0.01964032 0.03518317 0.00292014 0.00363335 0.02015584 0.00615592
 0.26659569 0.02982589 0.0177631  0.22679347 0.10216507 0.27019972
 0.18015572 0.0636495  0.04682062 0.18589152 0.20237862 0.20843408
 0.01548358 0.1748427  0.08962213 0.01739962]"|2024/2025|True|True
0|4506551|2025-04-21|33|Tottenham Hotspur|Nottingham Forest|1.0|2.0|2.14|0.48|"[0.0351675  0.02579163 0.01588122 0.02176121 0.10303463 0.02902482
 0.01600315 0.1603893  0.78585976 0.12085261 0.06805855 0.01079913
 0.06596068 0.18847403 0.01677658 0.09455226 0.09226287 0.08125881
 0.07406019 0.09404593 0.01272291 0.02641901]"|[0.02422186 0.03080156 0.11582804 0.30952445]|2024/2025|True|True
0|4506558|2025-04-22|34|Manchester City|Aston Villa|2.0|1.0|1.33|1.76|"[0.21321972 0.078219   0.02377277 0.06745035 0.18499558 0.03362681
 0.08131342 0.02564703 0.05734455 0.00901838 0.0741301  0.06223329
 0.05920701 0.36182016]"|"[0.10559762 0.7884     0.06780375 0.2173337  0.17149416 0.37960449
 0.02535522]"|2024/2025|True|True
0|4506554|2025-04-23|34|Arsenal|Crystal Palace|2.0|2.0|1.18|1.81|"[0.04232847 0.03836865 0.05792661 0.08947799 0.03431525 0.12725411
 0.48153204 0.09926568 0.01972816 0.11012202 0.10568354 0.03928657]"|"[0.19340061 0.05891455 0.10755052 0.03077036 0.05865552 0.46781376
 0.03548077 0.03280899 0.05369272 0.13794011 0.14539415 0.27197063
 0.04352145 0.07174011 0.09644639]"|2024/2025|True|True
0|4506556|2025-04-26|34|Chelsea|Everton|1.0|0.0|0.88|0.44|"[0.07991847 0.1354413  0.09189216 0.05606095 0.0268496  0.05064667
 0.0282835  0.1706531  0.21442395 0.02699874]"|[0.15642603 0.02608935 0.0301827  0.03886961 0.04001826 0.1501269 ]|2024/2025|True|True
0|4506555|2025-04-26|34|Brighton & Hove Albion|West Ham United|3.0|2.0|1.31|1.27|"[0.01620695 0.04080376 0.05507695 0.04383014 0.07991847 0.03119178
 0.15267512 0.0690634  0.02061609 0.029396   0.05441111 0.04899648
 0.09781148 0.03488299 0.51865125 0.01507286]"|"[0.02657704 0.08229812 0.05541571 0.01640719 0.04197128 0.03680507
 0.27542481 0.05188296 0.02774229 0.02569442 0.11668453 0.51726133]"|2024/2025|True|True
0|4506559|2025-04-26|34|Newcastle United|Ipswich Town|3.0|0.0|2.85|0.1|"[0.01892071 0.25087693 0.25276807 0.01237897 0.20591581 0.17261024
 0.06211285 0.05470728 0.04518172 0.7884     0.04242228 0.07351328
 0.07901012 0.03200758 0.04149345 0.03102622 0.39708281 0.02149806
 0.0210498  0.04402757 0.02304816 0.08799748 0.04336894 0.03433859
 0.01458757]"|[0.04917889 0.02019432 0.01923319 0.01274486]|2024/2025|True|True
0|4506561|2025-04-26|34|Southampton|Fulham|1.0|2.0|0.63|2.42|"[0.25740135 0.0490946  0.08094427 0.033564   0.15614606 0.02794633
 0.02315007]"|"[0.02282292 0.03144386 0.0969146  0.03923672 0.02520178 0.03290875
 0.06121066 0.09808601 0.09717332 0.16297135 0.03249257 0.02561671
 0.01480172 0.06695329 0.15015531 0.16704002 0.02755549 0.18210039
 0.06106229 0.21844859 0.03659952 0.0972741  0.07055317 0.27596709
 0.17512396 0.14693424]"|2024/2025|True|True
0|4506562|2025-04-26|34|Wolverhampton Wanderers|Leicester City|3.0|0.0|2.02|1.15|"[0.04080376 0.0820931  0.0259428  0.09402949 0.03944102 0.04216083
 0.0311321  0.27452579 0.16799477 0.04314778 0.02281189 0.08547105
 0.46687809 0.08184492 0.06210307 0.12919186 0.14712854 0.09535263
 0.00838476 0.08202338]"|"[0.10814739 0.03169964 0.04056013 0.05635979 0.04405472 0.02680096
 0.7884     0.05127703]"|2024/2025|True|True
0|4506553|2025-04-27|34|AFC Bournemouth|Manchester United|1.0|1.0|0.53|2.52|"[0.09243198 0.10395452 0.02981544 0.00767906 0.13313372 0.04490213
 0.03692862 0.07842679]"|"[0.02262059 0.02023064 0.02463777 0.06558922 0.0489005  0.53632915
 0.04410995 0.21550305 0.04873797 0.01427878 0.18853918 0.02397906
 0.05123688 0.04046001 0.07480121 0.18792135 0.03454393 0.07860697
 0.00940292 0.0429056  0.09413441 0.02236528 0.01620186 0.12826174
 0.4823651 ]"|2024/2025|True|True
0|4506557|2025-04-27|34|Liverpool|Tottenham Hotspur|5.0|1.0|2.28|0.46|"[0.03967097 0.0451718  0.02082463 0.04797161 0.75799185 0.05142971
 0.01717123 0.0846668  0.07261331 0.01632135 0.03607164 0.03413263
 0.03883888 0.06053586 0.08202977 0.06380124 0.02240917 0.11296498
 0.25895008 0.01988156 0.06175652 0.01887411 0.2685152  0.02451966
 0.02005316]"|"[0.07773897 0.01097274 0.17580509 0.07864333 0.03493189 0.02219457
 0.04066101        nan 0.01587334]"|2024/2025|True|True
0|4506560|2025-05-01|34|Nottingham Forest|Brentford|0.0|2.0|0.9|1.29|"[0.08035548 0.0306319  0.16027923 0.0393473  0.05909148 0.01745343
 0.02010636 0.1305958  0.08422977 0.02031212 0.03138716 0.01173114
 0.14701308 0.06615666]"|"[0.07333147 0.22120564 0.07020701 0.02526761 0.24664873 0.02586064
 0.0202114  0.09521461 0.34715372 0.08013918 0.08235481]"|2024/2025|True|True
0|4506570|2025-05-02|35|Manchester City|Wolverhampton Wanderers|1.0|0.0|0.71|0.4|"[0.01528965 0.02394231 0.02850285 0.11138136 0.01408789 0.38258544
 0.02119571 0.09210026 0.02323049]"|[0.05742657 0.03892525 0.06387725 0.16324797 0.08127216 0.02156607]|2024/2025|True|True
0|4506564|2025-05-03|35|Aston Villa|Fulham|1.0|0.0|0.96|0.85|"[0.03423751 0.06380299 0.02435218 0.08475184 0.17555371 0.03821005
 0.03813961 0.25615183 0.07660358 0.16569875]"|"[0.06003128 0.06124014 0.01991048 0.01625474 0.11089953 0.0304215
 0.32069078 0.08081828 0.06176826 0.0623942  0.02931798]"|2024/2025|True|True
0|4506568|2025-05-03|35|Everton|Ipswich Town|2.0|2.0|0.55|0.85|"[0.10987378 0.02528139 0.05577185 0.03108764 0.18762213 0.03025041
 0.06841943 0.04561295]"|"[0.04143357 0.13051978 0.03695342 0.01829344 0.0365286  0.1130152
 0.01936527 0.0222212  0.05515736 0.08412882 0.2794362  0.01204717]"|2024/2025|True|True
0|4506569|2025-05-03|35|Leicester City|Southampton|2.0|0.0|1.4|0.53|"[0.00983588 0.43192753 0.14990655 0.08697172 0.07428846 0.04687728
 0.06261247 0.04027501 0.06382954 0.15236308 0.05353849 0.07366364
 0.0484437  0.10750807]"|"[0.01976495 0.03855219 0.05911594 0.03767778 0.28373355 0.05895717
 0.00403208 0.03102816]"|2024/2025|True|True
0|4506563|2025-05-03|35|Arsenal|AFC Bournemouth|1.0|2.0|1.42|0.97|"[0.09098308 0.04481405 0.05946965 0.0924116  0.45112368 0.05637608
 0.2038863  0.14114973 0.10720995 0.02942177 0.01862717 0.06441742
 0.05751587]"|"[0.30202806 0.08628967 0.02521878 0.105869   0.04401091 0.14943333
 0.05593263 0.04041256 0.15698725]"|2024/2025|True|True
0|4506565|2025-05-04|35|Brentford|Manchester United|4.0|3.0|2.8|1.56|"[0.49448991 0.05234029 0.22073844 0.04053503 0.22790015 0.09642193
 0.3551051  0.01815563 0.44953206 0.73807985 0.042841   0.05922315]"|"[0.52888709        nan 0.13725036 0.16169639 0.03714679 0.19412267
 0.05216898 0.03117049 0.02437938 0.11261714 0.02051743 0.03326473
 0.14875717 0.01031798 0.06406751]"|2024/2025|True|True
0|4506572|2025-05-04|35|Brighton & Hove Albion|Newcastle United|1.0|1.0|0.69|1.87|[0.02108595 0.14583427 0.10226672 0.13682836 0.28171805]|"[0.0394535  0.11283343 0.02394051 0.06945381 0.09464023 0.04172714
 0.1176151  0.19609188 0.11905606 0.04261491 0.18710363 0.7884
 0.03473993]"|2024/2025|True|True
0|4506571|2025-05-04|35|West Ham United|Tottenham Hotspur|1.0|1.0|0.84|0.77|"[0.01510369 0.28651443 0.03976044 0.0397681  0.03414353 0.05500899
 0.06945548 0.19062547 0.02389071 0.01847048 0.06947931]"|"[0.47268003 0.04402757 0.0790646  0.05811844 0.06478671 0.03780932
 0.01816714]"|2024/2025|True|True
0|4506566|2025-05-04|35|Chelsea|Liverpool|3.0|1.0|3.13|1.05|"[0.53225952 0.11867452 0.11744819 0.02922053 0.04962366 0.19936088
 0.04791349 0.1023562  0.4781816  0.01433713 0.06540526 0.20974943
 0.23479602 0.03006583 0.03549127 0.08066314 0.7884    ]"|"[0.13831902 0.05654696 0.04235981 0.03714918        nan 0.05747126
 0.06753282 0.07019318 0.03490451 0.29810396 0.09410299 0.15234309]"|2024/2025|True|True
0|4506567|2025-05-05|35|Crystal Palace|Nottingham Forest|1.0|1.0|2.32|0.73|"[0.03277032 0.11033647 0.03609239 0.06754877 0.01237995 0.05784884
 0.11189766 0.05155234 0.04010126 0.02243018 0.44797722 0.7884
 0.0395328  0.04619742 0.15752199 0.11425532 0.06420639 0.03202151
 0.08089949 0.00793083]"|"[0.07141665 0.01836551 0.02246207 0.02655763 0.0754026  0.13621759
 0.21989624 0.02237248 0.04093993 0.040736   0.04477607 0.01078283]"|2024/2025|True|True
0|4506574|2025-05-10|36|Fulham|Everton|1.0|3.0|0.79|1.12|"[0.05085014 0.02711589 0.01894086 0.03300035 0.18419784 0.02505357
 0.01947894 0.03541175 0.03571364 0.0447121  0.04475109 0.02948864
 0.03365292 0.05448586 0.0197539  0.05425614 0.05401843 0.0206237 ]"|"[0.06957745 0.15717886 0.00943116 0.05249498 0.03302362 0.06905879
 0.18554819 0.24462348 0.17372666 0.03256994 0.09504352]"|2024/2025|True|True
0|4506575|2025-05-10|36|Ipswich Town|Brentford|0.0|1.0|0.93|1.41|"[0.03150071 0.01690841 0.02559438 0.01902377 0.04044515 0.06563849
 0.15658678 0.03074652 0.01769211 0.36012489 0.16593038]"|"[0.11875824 0.09014718 0.11093952 0.03201023 0.07494553 0.1162424
 0.04462167 0.06884299 0.12407234 0.12635981 0.20525521 0.0217041
 0.12709108 0.03836991 0.11803034]"|2024/2025|True|True
0|4506580|2025-05-10|36|Southampton|Manchester City|0.0|0.0|0.1|1.82|[0.02960159 0.0713869 ]|"[0.04078889 0.10929839 0.01533918 0.01537744 0.07509373 0.17013651
 0.01258358 0.20977443 0.05385694 0.02058115 0.09630299 0.05897354
 0.01786702 0.20472805 0.03942526 0.08840168 0.03704457 0.03117104
 0.14652471 0.05901623 0.07774403 0.03936737 0.0576074  0.03610191
 0.05659757 0.05305039]"|2024/2025|True|True
0|4506582|2025-05-10|36|Wolverhampton Wanderers|Brighton & Hove Albion|0.0|2.0|0.91|1.57|"[0.30380058 0.21827585 0.03550886 0.02419575 0.09991113 0.01836638
 0.01513489 0.03345467 0.08139782 0.08030003]"|"[0.01797192 0.03200357 0.7884     0.06959461 0.08797061 0.06453514
 0.51152879]"|2024/2025|True|True
0|4506573|2025-05-10|36|AFC Bournemouth|Aston Villa|0.0|1.0|0.8|0.98|"[0.04541403 0.03032145 0.00905505 0.03737773 0.07542474 0.03151705
 0.02656187 0.03425764 0.08807087 0.46394837]"|[0.10662101 0.07604152 0.34919068 0.03909643 0.3622131  0.05915829]|2024/2025|True|True
0|4506578|2025-05-11|36|Newcastle United|Chelsea|2.0|0.0|1.57|0.69|"[0.66752416 0.04608182 0.05816528 0.02694188 0.06305487 0.1333416
 0.03418204 0.05278624 0.04672671 0.13938846 0.07137293 0.1358397
 0.0491215  0.02637814 0.01409261]"|"[0.12573504 0.07474779 0.03372698 0.16276748 0.03958315 0.0501209
 0.02990185 0.03679826 0.02267745 0.11347977]"|2024/2025|True|True
0|4506577|2025-05-11|36|Manchester United|West Ham United|0.0|2.0|2.23|1.76|"[0.02924311 0.03060214 0.07240828 0.04694096 0.24193005 0.05655479
 0.12346864 0.12574396 0.0261066  0.33726281 0.03755512 0.0175021
 0.04775699 0.31510389 0.26121596 0.00718445 0.0651284  0.02392618
 0.11109343 0.25932685]"|"[0.20441827 0.03468841 0.58582342 0.02623362 0.06478336 0.11670548
 0.06319261 0.32113656 0.34314898]"|2024/2025|True|True
0|4506579|2025-05-11|36|Nottingham Forest|Leicester City|2.0|2.0|1.3|1.05|"[0.07815813 0.09171622 0.0186577  0.34187371 0.04835242 0.05977971
 0.02845562 0.25644717 0.06970287 0.04152283 0.20678371 0.01864469
 0.00950097 0.02123635 0.01911301]"|"[0.09705986 0.31699926 0.01825423 0.01285805 0.03144386 0.17208737
 0.18406753 0.11217687 0.01867227 0.1194718 ]"|2024/2025|True|True
0|4506581|2025-05-11|36|Tottenham Hotspur|Crystal Palace|0.0|2.0|0.73|3.36|"[0.04166569 0.02967194 0.01735138 0.04020266 0.02532907 0.36439982
 0.03444862 0.17818072]"|"[0.08166397 0.10245547 0.19587943 0.00958415 0.06296229 0.08220112
 0.05394149 0.08104803 0.10925249 0.03960649 0.04999706 0.00840227
 0.02666007 0.30019972 0.85548067 0.29812396 0.12581779 0.0227897
 0.04509051 0.45128495 0.0286668  0.10379248 0.22932579]"|2024/2025|True|True
0|4506576|2025-05-11|36|Liverpool|Arsenal|2.0|2.0|2.39|2.58|"[0.30725047 0.08089954 0.38927484 0.98489791 0.10161635 0.05480148
 0.02589686 0.02526226 0.08309115 0.05794974 0.07408305 0.02900555
 0.14251405 0.03246398]"|"[0.24635544 0.21199743 0.04589437 0.04855902 0.03072657 0.41679204
 0.28387716 0.0155126  0.08804351 0.04588153 0.17079946 0.0625716
 0.0282835  0.79827827 0.10486633]"|2024/2025|True|True
0|4506584|2025-05-16|37|Aston Villa|Tottenham Hotspur|2.0|0.0|1.39|0.51|"[0.04633893 0.03932776 0.03012573 0.33890891 0.06770071 0.08306002
 0.03105452 0.03968762 0.04518172 0.30631408 0.09544034 0.03539419
 0.03605407 0.05828348 0.0374425  0.03617175 0.02490551 0.03758047]"|[0.05712338 0.40955538 0.04617295]|2024/2025|True|True
0|4506587|2025-05-16|37|Chelsea|Manchester United|1.0|0.0|0.82|0.29|"[0.36350134 0.02519727 0.02486105 0.02676532 0.02205995 0.01792077
 0.03292306 0.0384586  0.15704964 0.08795048 0.01911381]"|[0.09022027 0.12258176 0.03169958 0.0467837 ]|2024/2025|True|True
0|4506589|2025-05-18|37|Everton|Southampton|2.0|0.0|2.73|1.21|"[0.0207612  0.66757083 0.10493284 0.26816496 0.04766507 0.23351651
 0.11330741 0.894449   0.04105666 0.08098564 0.13347949 0.09181004
 0.03079881]"|[0.31900191 0.02821529 0.62188011 0.13740645 0.10521276 0.08638047]|2024/2025|True|True
0|4506592|2025-05-18|37|West Ham United|Nottingham Forest|1.0|2.0|1.13|1.96|"[0.04047762 0.20930868 0.01648465 0.12644    0.07192785 0.05094571
 0.01911775 0.12049016 0.01077467 0.01376478 0.13778481 0.13080031
 0.05832642 0.0837293  0.02254208 0.01470017]"|"[0.3833257  0.06237907 0.0436327  0.0349164  0.71286732 0.17431742
 0.28494585 0.17539386 0.00594372 0.08038436]"|2024/2025|True|True
0|4506585|2025-05-18|37|Brentford|Fulham|2.0|3.0|2.87|0.99|"[0.27137479 0.09781148 0.14309463 0.7884     0.06712818 0.26473147
 0.97955978 0.12063194 0.05706886 0.0505496  0.03137029]"|"[0.08133399 0.01739607 0.088976   0.06681617 0.06479651 0.05649586
 0.04431814 0.04222405 0.09738855 0.08321499 0.03541602 0.01201282
 0.08089949 0.14233971 0.01416883 0.06680349]"|2024/2025|True|True
0|4506590|2025-05-18|37|Leicester City|Ipswich Town|2.0|0.0|0.8|1.41|"[0.12606542 0.09059659 0.23234978 0.12505998 0.06699847 0.04668616
 0.05165272 0.02335311 0.04200891]"|"[0.03121701 0.05980743 0.0139876  0.01608305 0.06392    0.11880112
 0.06358398 0.08358128 0.01957847 0.09865484 0.02828773 0.08947332
 0.14399482 0.0813705  0.07167442 0.1732406  0.04510022 0.02751406
 0.10032105 0.07561625]"|2024/2025|True|True
0|4506583|2025-05-18|37|Arsenal|Newcastle United|1.0|0.0|0.64|1.86|"[0.02576348 0.04868375 0.2104875  0.02530845 0.0192607  0.03773796
 0.07170215 0.07116415 0.03028673 0.03343982 0.01949167 0.04640771]"|"[0.27448323 0.01755206 0.06738655 0.02569435 0.09896626 0.17822915
 0.14632754 0.48131168 0.15925762 0.03222927 0.08193978 0.05360881
 0.04597612 0.22226608]"|2024/2025|True|True
0|4506586|2025-05-19|37|Brighton & Hove Albion|Liverpool|3.0|2.0|2.2|2.23|"[0.01405316 0.01869234 0.01746223 0.0122234  0.14239052 0.02657563
 0.1655217  0.06500322 0.03620403 0.03069269 0.06700744 0.03522932
 0.08014461 0.02105079 0.0421405  0.02773179 0.01062998 0.15933938
 0.03564484 0.18871574 0.191091   0.01964316 0.62104368 0.1937719
 0.01093165]"|"[0.03200758 0.07205892 0.77275115 0.10557445 0.07900354 0.04215465
 0.02944288 0.08935659 0.46028587 0.06174689 0.06234819 0.04701985
 0.02731615 0.14480914 0.0829499  0.02973764 0.02014247 0.07632948]"|2024/2025|True|True
0|4506588|2025-05-20|37|Crystal Palace|Wolverhampton Wanderers|4.0|2.0|1.66|1.41|"[0.09393422 0.04823919 0.06806523 0.13490118 0.14453273 0.52888709
 0.06578495 0.03147265 0.02396405 0.02017392 0.22007725 0.05548009
 0.0234948  0.21799085]"|"[0.55533278 0.04795527 0.0270088  0.11507628 0.11401729 0.23809367
 0.03032872 0.06233207 0.01364088 0.03695342 0.07265577 0.1001775 ]"|2024/2025|True|True
0|4506591|2025-05-20|37|Manchester City|AFC Bournemouth|3.0|1.0|1.54|1.12|"[0.02047944 0.02798951 0.02126485 0.10778396 0.82000774 0.3029018
 0.01324578 0.01826624 0.02948994 0.01623766 0.07509373 0.08450126]"|"[0.12385359 0.37593007 0.0257375  0.07349958 0.10465959 0.05419205
 0.07991847 0.28557503]"|2024/2025|True|True
0|4506593|2025-05-25|38|AFC Bournemouth|Leicester City|2.0|0.0|1.62|0.27|"[0.21995099 0.0269821  0.19973192 0.04177436 0.0575101  0.02738925
 0.07257549 0.04070147 0.02227455 0.04450029 0.09030531 0.16721301
 0.0191439  0.18589152 0.13980857 0.03490426 0.06878019 0.03744987
 0.0784976  0.04652417]"|[0.04620503 0.2064092  0.01366482]|2024/2025|True|True
0|4506594|2025-05-25|38|Fulham|Manchester City|0.0|2.0|1.28|2.99|"[0.06095787 0.07154866 0.09329324 0.13686825 0.1069667  0.1904871
 0.09774037 0.12316459 0.0656303  0.05601647 0.02494643 0.19728892
 0.0835446 ]"|"[0.04790369 0.01229235 0.29066005 0.47771409 0.06446993 0.0841663
 0.04211177 0.01724378 0.1258326  0.10475732 0.16707779 0.0890047
 0.04220726 0.16144252 0.01771422 0.40787488 0.03326473 0.1205619
 0.7884     0.03437409]"|2024/2025|True|True
0|4506595|2025-05-25|38|Ipswich Town|West Ham United|1.0|3.0|0.74|1.08|"[0.05223098 0.0251794  0.02246207 0.05887538 0.02471698 0.01868424
 0.05257003 0.0124471  0.0291308  0.19526537 0.0417104  0.11914643
 0.0538799  0.03764527]"|"[0.03041188 0.15778746 0.07565244 0.02273846 0.03906379 0.18254547
 0.37509462 0.11312472 0.0214496  0.07060689]"|2024/2025|True|True
0|4506596|2025-05-25|38|Liverpool|Crystal Palace|1.0|1.0|2.14|1.77|"[0.04046025 0.17908268 0.04590381 0.50256342 0.10267325 0.0058282
 0.04802527 0.50832057 0.0303555  0.08842299 0.14724113 0.19209613
 0.04221489 0.20612746]"|"[0.52566594 0.64760935 0.01529304 0.03667519 0.15808056 0.07910652
 0.2239875  0.0872058 ]"|2024/2025|True|True
0|4506597|2025-05-25|38|Manchester United|Aston Villa|2.0|0.0|2.97|0.39|"[0.096902   0.475133   0.16415137 0.02771156 0.15754679 0.09349717
 0.08680244 0.02105586 0.01535521 0.02285743 0.04808883 0.01688144
 0.0285091  0.01726338 0.09664202 0.10101031 0.0445164  0.04790813
 0.05493549 0.31180194 0.03691915 0.09770037 0.048879   0.7884
 0.02217131 0.05042362]"|[0.03378651 0.04878391 0.06536599 0.06637901 0.11764999 0.06221894]|2024/2025|True|True
0|4506598|2025-05-25|38|Newcastle United|Everton|0.0|1.0|1.27|1.16|"[0.01810123 0.03616757 0.05805081 0.06900115 0.19196527 0.1023966
 0.13342734 0.08257584 0.03933404 0.08083132 0.05424914 0.02388611
 0.02463662 0.04132494 0.21255523 0.06043557 0.04398759]"|"[0.03576555 0.02639604 0.03480221 0.0305834  0.05046009 0.0721764
 0.07944782 0.07745668 0.04456503 0.07614774 0.04113751 0.0977459
 0.35544527 0.21541208]"|2024/2025|True|True
0|4506599|2025-05-25|38|Nottingham Forest|Chelsea|0.0|1.0|1.2|1.09|"[0.174362   0.29661465 0.02095157 0.02552445 0.02342333 0.03392369
 0.08053963 0.10294873 0.08538584 0.35155109]"|[0.07565244 0.31116298 0.03398693 0.57764202 0.01356367 0.07372513]|2024/2025|True|True
0|4506600|2025-05-25|38|Southampton|Arsenal|1.0|2.0|0.62|2.39|"[0.01318956 0.11682431 0.05388238 0.03627847 0.13508882 0.04764514
 0.21450852]"|"[0.02294932 0.14117484 0.11328229 0.0402704  0.10498302 0.02568877
 0.5065614  0.02417262 0.14695139 0.02467961 0.31665534 0.01910761
 0.01511608 0.04156846 0.3053872  0.04102365 0.02886165 0.02585915
 0.11472636 0.10342255 0.06019403 0.02738099 0.13756613]"|2024/2025|True|True
0|4506601|2025-05-25|38|Tottenham Hotspur|Brighton & Hove Albion|1.0|4.0|2.03|2.24|[0.03932776 0.7884     0.65621102 0.55089873]|"[0.03113239 0.01568813 0.02020339 0.08434495 0.0564267  0.0501812
 0.02101696 0.04034953 0.01957503 0.02875355 0.13998413 0.08865551
 0.04116384 0.06925131 0.05456257 0.02999456 0.08294067 0.39402983
 0.10757168 0.02513475 0.02518995 0.7884     0.02508693]"|2024/2025|True|True
0|4506602|2025-05-25|38|Wolverhampton Wanderers|Brentford|1.0|1.0|1.04|1.43|"[0.01369391 0.02247702 0.03481556 0.08507807 0.04205114 0.02701555
 0.02803515 0.02873272 0.0275346  0.02835525 0.09086961 0.04969046
 0.10365779 0.19935301 0.05868028 0.05202083 0.10483585 0.04570853]"|"[0.03708602 0.04310851 0.06362993 0.25668892 0.05445823 0.51328379
 0.12149889 0.06548721 0.03810259 0.01646423 0.05046009 0.03215958
 0.13969952]"|2024/2025|True|True
0|4193450|2023-08-11|1|Burnley|Manchester City|0.0|3.0|0.33|2.08|[0.07776586 0.03180509 0.03198085 0.11507628 0.0447121  0.02410175]|"[0.16659862 0.02154936 0.210887   0.13789387 0.23885889 0.05384827
 0.035532   0.01933347 0.01265232 0.05867084 0.05026574 0.31068441
 0.41728845 0.19723929 0.0902909  0.01899344 0.03581888]"|2023/2024|True|True
0|4193451|2023-08-12|1|Arsenal|Nottingham Forest|2.0|1.0|0.83|1.18|"[0.05965138 0.0315043  0.02211929 0.10553319 0.03796161 0.04201526
 0.02025087 0.02783389 0.02828603 0.0534569  0.1722348  0.02050754
 0.126313   0.03584786 0.04906615]"|[0.27775681 0.0195896  0.21369393 0.57403338 0.07469497 0.02238968]|2023/2024|True|True
0|4193452|2023-08-12|1|AFC Bournemouth|West Ham United|1.0|1.0|1.37|1.07|"[0.04616871 0.01771205 0.01698757 0.06840384 0.06524562 0.04412855
 0.02812771 0.03232879 0.02377025 0.03916905 0.04577856 0.05427405
 0.87120718 0.0192572 ]"|"[0.05078841 0.02693048 0.06250134 0.34205949 0.03129509 0.03926299
 0.08606721 0.02344538 0.05845437 0.01522182 0.03608059 0.02961841
 0.04007299 0.04059933 0.12368535 0.0642499 ]"|2023/2024|True|True
0|4193453|2023-08-12|1|Brighton & Hove Albion|Luton Town|4.0|1.0|4.01|1.48|"[0.01652868 0.1016973  0.34697434 0.01424948 0.13630646 0.00815315
 0.03662004 0.03665716 0.01949151 0.01841274 0.33304945 0.17086887
 0.01045448 0.10218216 0.02000013 0.01586036 0.05996764 0.00941225
 0.06259008 0.7884     0.01150004 0.05782387 0.25305974 0.04864219
 0.15453561 0.35055295 0.82691556]"|"[0.25120613 0.02580903 0.01342023 0.04302935 0.02068137 0.07969797
 0.7884     0.11164818 0.14423791]"|2023/2024|True|True
0|4193454|2023-08-12|1|Everton|Fulham|0.0|1.0|2.73|1.5|"[0.04912572 0.5358544  0.06596385 0.01481304 0.06710488 0.68075991
 0.05464621 0.5336774  0.04133723 0.08443339 0.00910557 0.03737031
 0.2583451  0.15035476 0.0305578  0.04300096 0.04065919 0.0285518
 0.01221823]"|"[0.04396207 0.02432973 0.06839448 0.12148884 0.0728921  0.72140557
 0.29319772 0.06175524 0.10054416]"|2023/2024|True|True
0|4193455|2023-08-12|1|Sheffield United|Crystal Palace|0.0|1.0|0.51|1.89|"[0.02019403 0.04100402 0.04352964 0.01540333 0.12331591 0.02021764
 0.21843758 0.02422089]"|"[0.03853206 0.02431239 0.11242364 0.05715637 0.01727892 0.0306912
 0.02098888 0.00902217 0.05683786 0.0622594  0.02995653 0.05196255
 0.00438513 0.03232476 0.63833898 0.03267826 0.01302013 0.17608298
 0.06108895 0.17164403 0.02891336 0.01620695 0.07327594 0.13389947]"|2023/2024|True|True
0|4193456|2023-08-12|1|Newcastle United|Aston Villa|5.0|1.0|3.41|1.77|"[0.06552032 0.21639737 0.41778147 0.44386598 0.15801385 0.02659562
 0.06819506 0.07021926 0.07513756 0.25337481 0.05448591 0.47283259
 0.01597651 0.3905234  0.11618746 0.53448707 0.03129683]"|"[0.02340989 0.13311113 0.00745485 0.15678646 0.11170841 0.12019493
 0.02091867 0.02500427 0.02078404 0.16052066 0.70492291 0.01817638
 0.06256717 0.07627831 0.03477778 0.20782708]"|2023/2024|True|True
0|4193457|2023-08-13|1|Brentford|Tottenham Hotspur|2.0|2.0|2.22|1.27|"[0.04997594 0.03183727 0.0808266  0.7884     0.04605088 0.17306875
 0.5623467  0.03564383 0.07456931 0.03059513 0.34875238]"|"[0.0119995  0.01353105 0.5809347  0.00812769 0.01669628 0.01021961
 0.02489206 0.03358477 0.05084818 0.12045197 0.00883645 0.01649483
 0.0755972  0.01603158 0.0202265  0.08563913 0.08744935 0.08795048]"|2023/2024|True|True
0|4193458|2023-08-13|1|Chelsea|Liverpool|1.0|1.0|1.35|1.28|"[0.06032738 0.12666127 0.04398178 0.41481376 0.13051978 0.05874359
 0.15849617 0.03378985 0.08272824 0.24398965]"|"[0.02256967 0.04795289 0.07991847 0.51376629 0.16593696 0.03443315
 0.110984   0.05118311 0.0265037  0.16738401 0.02128707 0.02266065
 0.01403082]"|2023/2024|True|True
0|4193459|2023-08-14|1|Manchester United|Wolverhampton Wanderers|1.0|0.0|2.21|2.35|"[0.17851265 0.00840934 0.13989906 0.02408615 0.04185264 0.05416507
 0.06071067 0.17219958 0.07609356 0.0303798  0.05465607 0.03965659
 0.83247644 0.05315998 0.44411549]"|"[0.00897841 0.01011407 0.05799843 0.01141323 0.19037415 0.00942299
 0.50191098 0.2355846  0.06892893 0.05826553 0.06694534 0.03520368
 0.37040508 0.10914915 0.07976897 0.0739281  0.03013407 0.12763087
 0.06358408 0.02859293 0.06097183 0.03926432 0.10829242]"|2023/2024|True|True
0|4193476|2023-08-18|2|Nottingham Forest|Sheffield United|2.0|1.0|1.39|0.5|"[0.28583556 0.03501102 0.1858155  0.02017392 0.11470377 0.03072539
 0.07478402 0.01052974 0.03077538 0.02515022 0.26456612 0.0982297
 0.03144967 0.02055553 0.04300269 0.11846465]"|"[0.0237261  0.07267036 0.02440781 0.034577   0.03206772 0.04609945
 0.26758501]"|2023/2024|True|True
0|4193472|2023-08-19|2|Fulham|Brentford|0.0|3.0|0.46|3.93|"[0.10584275 0.01620695 0.01624839 0.0073377  0.03315021 0.14146556
 0.02790665 0.01719195 0.07428846 0.01890161]"|"[0.01431075 0.10954018 0.02547035 0.01758998 0.12552731 0.03765085
 0.09331072 0.30676827 0.11796372 0.06010162 0.27483684 0.7884
 0.04193791 0.5581103  0.9584679  0.13836926 0.26204893]"|2023/2024|True|True
0|4193473|2023-08-19|2|Liverpool|AFC Bournemouth|3.0|1.0|3.08|1.29|"[0.0931665  0.02505468 0.03864272 0.11180353 0.03666317 0.02223282
 0.27010757 0.10370895 0.7884     0.75009418 0.06643093 0.09588116
 0.05644194 0.0477671  0.04030109 0.06494191 0.08830657 0.10241619
 0.08438133 0.13483605 0.09068444 0.02542522 0.34430137 0.10304578
 0.01917726 0.0776881 ]"|"[0.09413534 0.01530904 0.035795   0.04836369 0.23210372 0.02206219
 0.06395933 0.2228156  0.34498188 0.06345113 0.01957176 0.13484827
 0.06659011]"|2023/2024|True|True
0|4193479|2023-08-19|2|Wolverhampton Wanderers|Brighton & Hove Albion|1.0|4.0|2.14|2.22|"[0.03206319 0.01123468 0.40416366 0.0635187  0.08034589 0.05127661
 0.04187723 0.31797808 0.65164584 0.44562626 0.05770124 0.08629655
 0.01615569 0.02491895 0.09213294 0.05127542]"|"[0.02206054 0.08597407 0.51157057 0.02550658 0.03758959 0.08829751
 0.08600833 0.20852594 0.42126951 0.11354022 0.31663659 0.1607082
 0.0875804  0.02410116 0.02251096 0.02576773]"|2023/2024|True|True
0|4193477|2023-08-19|2|Tottenham Hotspur|Manchester United|2.0|0.0|1.74|2.07|"[0.04685769 0.05695537 0.13673608 0.07622649 0.11045234 0.01808503
 0.11050828 0.31675062 0.08535524 0.04456854 0.02508299 0.12914571
 0.04357838 0.07020633 0.41539064 0.0568316  0.01181609]"|"[0.04865561 0.0224035  0.01062011 0.02023436 0.11811587 0.10797773
 0.02544221 0.24676976 0.07168847 0.07586429 0.04523318 0.05014044
 0.01859878 0.52116454 0.14357167 0.22120564 0.05876437        nan
 0.0318647  0.02945033 0.04724584 0.01952996 0.13315658]"|2023/2024|True|True
0|4193475|2023-08-19|2|Manchester City|Newcastle United|1.0|0.0|1.01|0.29|"[0.02694188 0.02632324 0.02004955 0.06621967 0.05406839 0.1071306
 0.02976933 0.03910316 0.07913388 0.07024335 0.17139573 0.09859435
 0.07294918 0.1459572 ]"|"[0.04046001 0.0303555  0.03417957 0.0541293  0.07407059 0.02516425
 0.03177183]"|2023/2024|True|True
0|4193470|2023-08-20|2|Aston Villa|Everton|4.0|0.0|3.0|0.63|"[0.02011986 0.06695329 0.57101244 0.10814739 0.7884     0.0829299
 0.17420775 0.02812045 0.2103748  0.33810619 0.05118342 0.5452373
 0.01588233]"|"[0.08644105 0.02622636 0.10263994 0.01641057 0.02739003 0.20749241
 0.02566335 0.09699354 0.03648118]"|2023/2024|True|True
0|4193478|2023-08-20|2|West Ham United|Chelsea|3.0|1.0|1.8|2.49|"[0.36690745 0.12684651 0.14259198 0.01956868 0.0642212  0.01172683
 0.03775135 0.07585547 0.03430168 0.01515053 0.11344306 0.7884    ]"|"[0.02862564 0.6922332  0.03896757 0.02972682 0.09344336 0.10899975
 0.10789204 0.07596124 0.04756044 0.7884     0.12123237 0.05584466
 0.09577488 0.02318494 0.05574013 0.07838962 0.05243287]"|2023/2024|True|True
0|4193471|2023-08-21|2|Crystal Palace|Arsenal|0.0|1.0|1.01|2.02|"[0.05689172 0.02103651 0.01775799 0.01276296 0.08942443 0.02096675
 0.1273059  0.09775801 0.23890753 0.02380218 0.0255615  0.09690994
 0.13366197 0.05806287]"|"[0.05591429 0.16937016 0.02240388 0.04454787 0.20202605 0.44572169
 0.05132195 0.01081007 0.0494852  0.7884     0.02788285 0.02336841
 0.10607884 0.0230635 ]"|2023/2024|True|True
0|4193485|2023-08-25|3|Chelsea|Luton Town|3.0|0.0|2.27|0.44|"[0.02320619 0.08164673 0.16384003 0.10786519 0.04405653 0.07639076
 0.01165755 0.15038478 0.05013225 0.02302483 0.24327216 0.04889653
 0.08567408 0.2568574  0.05746893 0.28058016 0.03418824 0.45815673
 0.07735961]"|"[0.02246207 0.02670112 0.04036864 0.02403898 0.06155177 0.0371851
 0.01243053 0.01832631 0.11988053 0.04603511 0.02641397]"|2023/2024|True|True
0|4193480|2023-08-26|3|AFC Bournemouth|Tottenham Hotspur|0.0|2.0|0.67|2.06|"[0.02431865 0.12651382 0.10194766 0.02104333 0.03003369 0.16410725
 0.04016396 0.03658521 0.02569442 0.0650411  0.03171631]"|"[0.13605072 0.24100323 0.20754214 0.59842676 0.06884299 0.02184941
 0.01747254 0.05480498 0.04712741 0.32869211 0.10539432 0.02495654
 0.02972058 0.04905483 0.01325727 0.12936978 0.03521299]"|2023/2024|True|True
0|4193481|2023-08-26|3|Arsenal|Fulham|2.0|2.0|3.2|0.56|"[0.27628937 0.09778117 0.23913696 0.04029067 0.52868253 0.03925731
 0.08789054 0.03293004 0.03839561 0.01890218 0.04661175 0.7884
 0.25190786 0.02302958 0.06851266 0.0701289  0.04137246 0.42326784
 0.14325872]"|"[0.03392487 0.07527459 0.05708051 0.01961605 0.03775157 0.02812706
 0.10691733 0.20504321]"|2023/2024|True|True
0|4193482|2023-08-26|3|Brentford|Crystal Palace|1.0|1.0|0.97|0.8|"[0.03291019 0.04544607 0.24014339 0.03558245 0.04958211 0.05915646
 0.06310193 0.17580487 0.12355824 0.04178222 0.08839027 0.01212941]"|"[0.02785968 0.06552032 0.02638961 0.21462883 0.03338286 0.0224035
 0.03084991 0.02511981 0.05298122 0.01392419 0.05533439 0.078779
 0.05256704 0.0635258  0.04327255]"|2023/2024|True|True
0|4193486|2023-08-26|3|Everton|Wolverhampton Wanderers|0.0|1.0|1.34|1.08|"[0.02732331 0.0537703  0.22787207 0.01372532 0.06521682 0.18047439
 0.09672812 0.12611981 0.08058784 0.04268885 0.06159723 0.04898956
 0.21012227 0.05491999 0.06227018]"|"[0.0117338  0.00975991 0.04766603 0.03773796 0.0339471  0.13024676
 0.30229944 0.02984376 0.25837678 0.15680879 0.05720373]"|2023/2024|True|True
0|4193487|2023-08-26|3|Manchester United|Nottingham Forest|3.0|2.0|2.83|1.21|"[0.03765085 0.02901208 0.01817854 0.02349286 0.27784333 0.04158467
 0.62718904 0.03623761 0.03893074 0.01637615 0.30173096 0.03112607
 0.0448407  0.32447195 0.07327618 0.7884     0.07700897 0.04489278]"|"[0.56406265 0.17448832 0.21164428 0.03139063 0.04821501 0.06043404
 0.05584586 0.05330632 0.01519927]"|2023/2024|True|True
0|4193483|2023-08-26|3|Brighton & Hove Albion|West Ham United|1.0|3.0|1.48|3.23|"[0.04027536 0.09764246 0.01864111 0.04027788 0.03135161 0.15597902
 0.11345303 0.02412128 0.1184855  0.1317251  0.03843881 0.03794609
 0.0265303  0.02279338 0.02979498 0.03195441 0.07055824 0.03372659
 0.01934267 0.03457343 0.07414188 0.01967708 0.21802668 0.03179694
 0.01541187]"|"[0.31164387 0.15924606 0.29622328 0.64253783 0.09352389 0.03197685
 0.03639844 0.58420771 0.0802765  0.04551932 0.4141455  0.53157854]"|2023/2024|True|True
0|4193484|2023-08-27|3|Burnley|Aston Villa|1.0|3.0|0.73|2.7|"[0.01476078 0.02559188 0.02553045 0.12525442 0.04356476 0.01888739
 0.02410096 0.11716588 0.33457246]"|"[0.08813062 0.2090369  0.89527369 0.29430392 0.10249422 0.03561793
 0.096646   0.16777693 0.02062103 0.07901012 0.36855492 0.18874851
 0.01242855 0.07262842 0.0349352  0.02911582]"|2023/2024|True|True
0|4193489|2023-08-27|3|Sheffield United|Manchester City|1.0|2.0|0.67|3.6|[0.15192431 0.03062615 0.02404752 0.09271525 0.3158423  0.05962222]|"[0.03361118 0.07080434 0.02866933 0.05885907 0.01833532 0.03215598
 0.17253292 0.03134448 0.7884     0.02614566 0.26472035 0.06194461
 0.01868206 0.06968265 0.22378731 0.02270729 0.05576314 0.0415423
 0.0708342  0.3617309  0.08107105 0.01737939 0.21167514 0.03410592
 0.07045797 0.03389675 0.203033   0.34751433 0.12513743 0.01996035]"|2023/2024|True|True
0|4193488|2023-08-27|3|Newcastle United|Liverpool|1.0|2.0|1.99|0.88|"[0.0617478  0.02053117 0.50617874 0.09616643 0.02082348 0.10006752
 0.02582767 0.08026247 0.16125278 0.12591121 0.02705488 0.01987106
 0.08549776 0.07427812 0.02998147 0.15601455 0.07535948 0.00992177
 0.0512075  0.05075248 0.07279874 0.11526202 0.02643817]"|"[0.11022872 0.07568682 0.03255244 0.03392369 0.01294524 0.1417377
 0.07264758 0.03903345 0.35637411]"|2023/2024|True|True
0|4193497|2023-09-01|4|Luton Town|West Ham United|1.0|2.0|1.47|1.03|"[0.041497   0.02600211 0.11507108 0.08700766 0.08129857 0.03937164
 0.14743823 0.17809977 0.01464419 0.14868933 0.20127293 0.04210668
 0.0721764  0.12521997 0.12070759 0.02629214]"|"[0.02645652 0.03097784 0.0074323  0.13869038 0.07520211 0.43722448
 0.09424796 0.02457306 0.19898492]"|2023/2024|True|True
0|4193499|2023-09-02|4|Sheffield United|Everton|2.0|2.0|1.19|2.59|"[0.0513779  0.02532533 0.01913562 0.07665094 0.11764999 0.05728572
 0.08893926 0.16455677 0.13464826 0.03174428 0.07759514 0.10848984
 0.29270184]"|"[0.04242405 0.78823543 0.90854096 0.04670602 0.12540603 0.03937485
 0.04874824 0.04209636 0.15429866        nan 0.14192328 0.08448326
 0.03504845 0.69640642 0.0435258  0.07285246 0.03775135]"|2023/2024|True|True
0|4193491|2023-09-02|4|Brentford|AFC Bournemouth|2.0|2.0|2.91|2.09|"[0.03611469 0.03501102 0.15154533 0.04894607 0.33014634 0.0292562
 0.25655618 0.14018242 0.03933411 0.11139645 0.11690946 0.01703595
 0.09770198 0.03938204 0.44831708 0.16641571 0.02327798 0.01974113
 0.54728824 0.22095802 0.0327072 ]"|"[0.43928576 0.03597448 0.09390637 0.06144447 0.055469   0.18328044
 0.08591563 0.0466069  0.04414186 0.03141616 0.9567861  0.05202003]"|2023/2024|True|True
0|4193493|2023-09-02|4|Burnley|Tottenham Hotspur|2.0|5.0|1.36|2.28|"[0.36122659 0.04427329 0.02700891 0.03717035 0.0193366  0.18797849
 0.06002092 0.02688118 0.02144583 0.04878984 0.01527771 0.06244868
 0.04177725 0.05566235 0.23179394 0.11557104]"|"[0.07029159 0.04665411 0.19976848 0.01084615 0.0483695  0.13876218
 0.05949974 0.02177771 0.3215467  0.03030351 0.03704457 0.04593401
 0.03387264 0.13776842 0.06347124 0.08816819 0.03375684 0.01505428
 0.19010338 0.55276155 0.13129228]"|2023/2024|True|True
0|4193494|2023-09-02|4|Chelsea|Nottingham Forest|0.0|1.0|2.3|0.76|"[0.03681803 0.3177841  0.05120437 0.19298404 0.07624605 0.07002874
 0.10980861 0.0591938  0.12515788 0.01740219 0.06641764 0.0774095
 0.10386006 0.29813692 0.02980294 0.01614285 0.45445856 0.06118401
 0.0162692  0.07072078 0.05182764]"|"[0.13404295 0.09761925 0.00728968 0.01535363 0.42939574 0.02981121
 0.04426296]"|2023/2024|True|True
0|4193498|2023-09-02|4|Manchester City|Fulham|5.0|1.0|2.26|1.45|"[0.07385717 0.57417536 0.02915649 0.52607268 0.07965747 0.7884
 0.18851045]"|[0.06353103 0.41053623 0.95630163 0.0059578  0.27734235 0.12739292]|2023/2024|True|True
0|4193492|2023-09-02|4|Brighton & Hove Albion|Newcastle United|3.0|1.0|1.3|1.23|"[0.02544817 0.072613   0.02249033 0.0620411  0.0314398  0.02946894
 0.07507538 0.01964187 0.63799566 0.14475346 0.04019323 0.01272036
 0.03264825 0.0500393  0.09957905]"|"[0.15854688 0.21327107 0.12418851 0.03984491 0.19548203 0.02690132
 0.02818414 0.01715763 0.42823824]"|2023/2024|True|True
0|4193495|2023-09-03|4|Crystal Palace|Wolverhampton Wanderers|3.0|2.0|2.11|1.18|"[0.06091015 0.42506382 0.08829006 0.16761145 0.16304533 0.03253149
 0.23431599 0.01474506 0.08141309 0.0483251  0.03180087 0.0484437
 0.50286376 0.15341333 0.07706374 0.0138117 ]"|"[0.03223036 0.02892137 0.29016373 0.01264338 0.05903059 0.01561605
 0.0346742  0.05141022 0.19184576 0.05926453 0.01293209 0.38956887]"|2023/2024|True|True
0|4193496|2023-09-03|4|Liverpool|Aston Villa|3.0|0.0|2.47|0.66|"[0.03025155 0.02595941 0.32376105 0.30000517 0.10403048 0.06623547
 0.03280516 0.15934013 0.09225718 0.61426502 0.03025999 0.5049817
 0.02666007 0.04025221 0.04325166 0.02743406 0.05013225]"|"[       nan 0.11205541 0.12379441 0.09022614 0.06089215 0.08106831
 0.07534502 0.02876889 0.02419361 0.06005703]"|2023/2024|True|True
0|4193490|2023-09-03|4|Arsenal|Manchester United|3.0|1.0|2.27|0.94|"[0.04415279 0.26335251 0.0132283  0.03509859 0.17688751 0.17086887
 0.03341961 0.01853402 0.08771279 0.06609995 0.04886281 0.03521984
 0.03766769 0.41429198 0.01979882 0.05164225 0.75697941]"|"[0.19992507 0.06074975 0.03472972 0.03168641 0.12274089 0.03203123
 0.33115706 0.05234655 0.02149684 0.06057237]"|2023/2024|True|True
0|4193509|2023-09-16|5|Wolverhampton Wanderers|Liverpool|1.0|3.0|0.63|2.52|"[0.02499292 0.11459148 0.04005783 0.02733175 0.06074478 0.00818258
 0.04067792 0.08606071 0.00796339 0.10291333 0.11582787        nan]"|"[0.13550951 0.09455408 0.04514731 0.24198347 0.11138584 0.05619152
 0.94184726 0.03080124 0.01510746 0.14052084 0.0444112  0.02532847
 0.0468466  0.41546661 0.0489475  0.1546147 ]"|2023/2024|True|True
0|4193501|2023-09-16|5|Aston Villa|Crystal Palace|3.0|1.0|3.21|1.17|"[0.16324039 0.03350773 0.06478911 0.03406754 0.45137328 0.23150764
 0.04617367 0.18840112 0.07546332 0.05000979 0.19212399 0.13544156
 0.06601158 0.04670595 0.7884     0.63857418]"|[0.03332734 0.02816954 0.3110114  0.44957912 0.32709447 0.02350123]|2023/2024|True|True
0|4193503|2023-09-16|5|Fulham|Luton Town|1.0|0.0|0.96|1.1|"[0.01980913 0.06646774 0.19317617 0.05652046 0.04472975 0.0388995
 0.03534852 0.01636598 0.31580764 0.05742657 0.0502373  0.01163746
 0.04984901]"|"[0.05191863 0.09837937 0.34864768 0.24978299 0.03142727 0.11040203
 0.20940018]"|2023/2024|True|True
0|4193504|2023-09-16|5|Manchester United|Brighton & Hove Albion|1.0|3.0|0.96|1.7|"[0.12942313 0.03054971 0.05130715 0.05009289 0.16368766 0.03212219
 0.06520588 0.12076379 0.04569176 0.0202919  0.03351252 0.04502942
 0.02612467 0.14660138]"|"[0.01493541 0.52180445 0.02424468 0.0336892  0.29160506 0.09359337
 0.14166479 0.0784862  0.09181573 0.41169158]"|2023/2024|True|True
0|4193507|2023-09-16|5|Tottenham Hotspur|Sheffield United|2.0|1.0|2.12|0.66|"[0.0152457  0.18648063 0.04446458 0.4383212  0.0280538  0.07752149
 0.06489787 0.04416635 0.09181004 0.03488627 0.03723405 0.02273894
 0.07474779 0.04062675 0.04924822 0.01808277 0.0254023  0.13744268
 0.02721366 0.02059531 0.02645491 0.05303132 0.07774523 0.12169636
 0.0813527  0.03647612 0.17079057 0.07726151]"|"[0.10833818 0.23706946 0.05562763 0.05946628 0.10290413 0.08222292
 0.01001594]"|2023/2024|True|True
0|4193508|2023-09-16|5|West Ham United|Manchester City|1.0|3.0|0.94|3.63|[0.23505902 0.03988821 0.52734196 0.0642212  0.05501617 0.01749882]|"[0.02227873 0.10051302 0.26338127 0.15642221 0.03956268 0.54222465
 0.02583061 0.04701197 0.028844   0.07784628 0.02361825 0.01769834
 0.58464837 0.00868289 0.01511393 0.03204747 0.02859249 0.06034008
 0.01415645 0.02574031 0.06338621 0.03776061 0.39735818 0.03587053
 0.21323548 0.02125856 0.35291812 0.36459437 0.07548004]"|2023/2024|True|True
0|4193505|2023-09-16|5|Newcastle United|Brentford|1.0|0.0|1.44|0.5|"[0.01620695 0.07912415 0.2721422  0.1219606  0.0060834  0.08608406
 0.01351991 0.7884     0.05415469]"|"[0.04059976 0.07324131 0.02685267 0.03861931 0.02386084 0.01946814
 0.03773796 0.01488065 0.01842665 0.1115646  0.09854463]"|2023/2024|True|True
0|4193500|2023-09-17|5|AFC Bournemouth|Chelsea|0.0|0.0|1.04|1.85|"[0.12352971 0.01159709 0.11404452 0.03164057 0.04021079 0.04240647
 0.03652948 0.17581217 0.23687822 0.04746474 0.08112507 0.03706655
 0.05946965]"|"[0.0357497  0.14078246 0.03226828 0.13998811 0.21073325 0.09063827
 0.04513761 0.18009377 0.41507971 0.01759498 0.0186022  0.19647528
 0.24825153 0.20393527]"|2023/2024|True|True
0|4193502|2023-09-17|5|Everton|Arsenal|0.0|1.0|0.34|1.02|"[0.01566133 0.06270795 0.01080421 0.05892906 0.04000631 0.01031976
 0.04634555 0.09795619]"|"[0.0406892  0.12565231 0.03520892 0.2088154  0.02762679 0.0210491
 0.04037003 0.02339128 0.03555577 0.08900464 0.09262602 0.1039137
 0.20646007]"|2023/2024|True|True
0|4193506|2023-09-18|5|Nottingham Forest|Burnley|1.0|1.0|0.71|0.55|"[0.02294641 0.0346742  0.08274703 0.06904573 0.03001443 0.03086301
 0.07614955 0.02176102 0.12120561 0.02315632 0.06869294 0.05299823
 0.0573429  0.02322068]"|"[0.02110172 0.02789327 0.06522539 0.06223191 0.01517347 0.08994583
 0.12616938 0.04064345 0.06594073 0.04037447]"|2023/2024|True|True
0|4193515|2023-09-23|6|Crystal Palace|Fulham|0.0|0.0|0.3|0.59|"[0.03308166 0.0261976  0.05981453 0.03581135 0.02473055 0.05499422
 0.06323265]"|"[0.06827828 0.03202151 0.02853644 0.08147871 0.007068   0.0422257
 0.09686469 0.0381893  0.10970349 0.0939954 ]"|2023/2024|True|True
0|4193517|2023-09-23|6|Luton Town|Wolverhampton Wanderers|1.0|1.0|2.17|0.59|"[0.03821021 0.19040613 0.03111899 0.12330467 0.03555167 0.02574647
 0.03231195 0.02996414 0.02381804 0.05932891 0.22019468 0.02488206
 0.04768087 0.7884     0.07515655 0.03665716 0.021195   0.0818666
 0.09795473 0.19117379]"|[0.14092363 0.0993233  0.3901808 ]|2023/2024|True|True
0|4193518|2023-09-23|6|Manchester City|Nottingham Forest|2.0|0.0|1.33|1.03|"[0.12805606 0.09959096 0.13673002 0.07538488 0.28334764 0.05889159
 0.5485059 ]"|"[0.12995149 0.0629368  0.0618641  0.49388424 0.04389973 0.02674725
 0.06460042 0.06131676 0.03992044 0.0404701 ]"|2023/2024|True|True
0|4193511|2023-09-23|6|Brentford|Everton|1.0|3.0|1.03|1.9|"[0.05161971 0.07289585 0.03694183 0.02261315 0.0288936  0.09827342
 0.18329784 0.22465503 0.05369958 0.13006817 0.0944839  0.03756965]"|"[0.05984116 0.02339999 0.00919694 0.14523855 0.01836145 0.05595862
 0.27546087 0.0205676  0.10668726 0.00571357 0.0447121  0.13440962
 0.03526662 0.03340896 0.23853841 0.611606   0.00726703 0.07505448]"|2023/2024|True|True
0|4193513|2023-09-23|6|Burnley|Manchester United|0.0|1.0|1.09|0.97|"[0.06382076 0.09108731 0.39882898 0.01755883 0.02944903 0.03363881
 0.02034565 0.12787408 0.20977443 0.07686336 0.01651446 0.0091748 ]"|"[0.05056139 0.13820098 0.05741494 0.03668239 0.10627233 0.04344252
 0.02673318 0.32420823 0.05947676 0.06175764 0.06934427]"|2023/2024|True|True
0|4193510|2023-09-24|6|Arsenal|Tottenham Hotspur|2.0|2.0|2.03|1.46|"[0.07084133 0.11034711 0.04474059 0.0493072  0.42793089 0.03910974
 0.01674762 0.31143036 0.7884     0.02271035 0.05978099 0.01870235
 0.07421309]"|"[0.03913462 0.04843326 0.07824439 0.02572719        nan 0.37561572
 0.17262124 0.12544724 0.34057266 0.02908181 0.04599582 0.05198481
 0.04772766 0.08299899]"|2023/2024|True|True
0|4193512|2023-09-24|6|Brighton & Hove Albion|AFC Bournemouth|3.0|1.0|1.85|1.14|"[0.01598439 0.03680797 0.00495117 0.02037817 0.15267512 0.06520287
 0.02998387 0.21724319 0.11093555 0.50363362 0.07774856 0.50509161
 0.11325151]"|"[0.10869037 0.05421544 0.1662205         nan 0.04502942 0.04647374
 0.0337623  0.02030613 0.03502779 0.25044417 0.28272697 0.02463777
 0.08073616]"|2023/2024|True|True
0|4193514|2023-09-24|6|Chelsea|Aston Villa|0.0|1.0|1.33|1.07|"[0.02576062 0.48223373 0.19377151 0.14862813 0.01967308 0.22094588
 0.03476989 0.15896592 0.0257443  0.02336658]"|"[0.01363555 0.02249191 0.03198066 0.10734592 0.00605446 0.04885787
 0.02024924 0.04848801 0.02391329 0.09100454 0.10127516 0.09652232
 0.13410823 0.12242109 0.19879584]"|2023/2024|True|True
0|4193516|2023-09-24|6|Liverpool|West Ham United|3.0|1.0|3.03|1.1|"[0.02733255 0.7884     0.17100243 0.07405446 0.02917241 0.05154294
 0.01911381 0.03046264 0.15086906 0.32853091 0.03640813 0.01462559
 0.28509709 0.2474087  0.01690644 0.02292837 0.0262715  0.46913275
 0.02443029 0.07992026 0.03690377 0.10330972]"|"[0.12391525 0.12261715 0.01024137 0.04703357 0.16469899 0.0429488
 0.08627105 0.40602893 0.05580992 0.02025991 0.02016117]"|2023/2024|True|True
0|4193519|2023-09-24|6|Sheffield United|Newcastle United|0.0|8.0|0.94|3.92|"[0.09848947 0.16786127 0.05370874 0.0139003  0.35075665 0.04778409
 0.11170062 0.05799196 0.03682577]"|"[0.06365854 0.25069645 0.08378103 0.17186537 0.19913742 0.04746291
 0.03704735 0.28345582 0.04252635 0.03799944 0.02016982 0.03225082
 0.58178616 0.54569608 0.04713826 0.27106673 0.05262714 0.28948438
 0.05767558 0.0199822  0.18192285 0.60432249]"|2023/2024|True|True
0|4193521|2023-09-30|7|Aston Villa|Brighton & Hove Albion|6.0|1.0|1.58|1.71|"[0.02806953 0.36681825 0.05246548 0.03835066 0.09393103 0.02839214
 0.17048214 0.12436169 0.08208311 0.01527921 0.08628615 0.02889987
 0.03763008 0.0167157  0.0898375  0.04371948 0.02335311 0.16642161
 0.12405103]"|"[0.49076599        nan 0.34419557 0.49876779 0.04552957 0.10734253
 0.03501102 0.03595744 0.0483967  0.02778865 0.04339153 0.03122981]"|2023/2024|True|True
0|4193520|2023-09-30|7|AFC Bournemouth|Arsenal|0.0|4.0|0.64|3.43|"[0.10999708 0.0223798  0.06358408 0.09672791 0.10949014 0.09009937
 0.05207495 0.10063601]"|"[0.05202895 0.02203658 0.81443906 0.05194132 0.06605157 0.7884
 0.11732777 0.07110112 0.7884     0.03398254 0.0558022  0.05341208
 0.3924512  0.0839633  0.06604546]"|2023/2024|True|True
0|4193522|2023-09-30|7|Everton|Luton Town|1.0|2.0|2.9|0.89|"[0.06678175 0.18021396 0.08070325 0.09343135 0.04206784 0.09805534
 0.55884695 0.02616796 0.03353357 0.40452331 0.97499371 0.36676008
 0.08108613 0.04668616 0.02981895 0.06626247 0.09972662 0.00898418
 0.02260235 0.13035199 0.11452685 0.10460119 0.0275858 ]"|"[0.04019341 0.11758165 0.00970978 0.0864061  0.35687459 0.19123851
 0.02752718 0.04109452 0.05306791]"|2023/2024|True|True
0|4193524|2023-09-30|7|Manchester United|Crystal Palace|0.0|1.0|1.3|0.9|"[0.08483857 0.08922813 0.09192559 0.09226001 0.02586623 0.01189714
 0.09378377 0.0610078  0.02089597 0.04505667 0.23032625 0.01877035
 0.09898149 0.01223874 0.0376073  0.02623494 0.07073587 0.03648642
 0.14803955]"|"[0.2029563  0.03538174 0.05074704 0.06808212 0.1213946  0.09759158
 0.05407196 0.26963443]"|2023/2024|True|True
0|4193525|2023-09-30|7|Newcastle United|Burnley|2.0|0.0|3.18|0.65|"[0.05728981 0.06295587 0.02862397 0.03078912 0.17627402 0.20018874
 0.83820534 0.27541068 0.09546671 0.04020173 0.13176355 0.01438243
 0.05332867 0.06392    0.00792095 0.03253097 0.7884     0.06075447
 0.3314383  0.05301137]"|"[0.27255771 0.06918139 0.02990224 0.121333   0.0222509  0.08036922
 0.06100659 0.01485229]"|2023/2024|True|True
0|4193528|2023-09-30|7|West Ham United|Sheffield United|2.0|0.0|2.14|1.07|"[0.41820413 0.09805534 0.20197445 0.23920153 0.06149481 0.16619341
 0.01843141 0.05986131 0.03286378 0.09051286 0.13057511 0.01957469
 0.0410752  0.07119368 0.06894401 0.10218166 0.05953016 0.15717566
 0.08301235 0.0672672 ]"|"[0.09331395 0.03269662 0.06736436 0.06721293 0.06975465 0.08845897
 0.06784899 0.02242305 0.19223458 0.03265647 0.01765647 0.05796181
 0.0833157  0.07252558 0.06025482 0.04656261]"|2023/2024|True|True
0|4193529|2023-09-30|7|Wolverhampton Wanderers|Manchester City|2.0|1.0|0.47|0.87|[0.1134105  0.07614782 0.27559012]|"[0.02009134 0.01315707 0.02186095 0.03448182        nan 0.03633475
 0.08647897 0.02329348 0.05509179 0.02694461 0.07450433 0.03156186
 0.03944322 0.04987774 0.01799121 0.06117137 0.04446151 0.05362267
 0.02589693 0.02685784 0.03299395 0.01800266 0.04808456 0.02349865]"|2023/2024|True|True
0|4193527|2023-09-30|7|Tottenham Hotspur|Liverpool|2.0|1.0|2.23|1.31|"[0.03003369 0.04220726 0.02624846 0.11388303 0.69840449 0.07465289
 0.02794288 0.02083417 0.0414376  0.0385404  0.05009419 0.02499809
 0.10611706 0.07142434 0.04673178 0.04552331 0.0263368  0.03622649
 0.01776203 0.4584969  0.06250088 0.07176112 0.08620501 0.01462505]"|"[0.05596752 0.03646285 0.10939178 0.04595261 0.05991393 0.0169224
 0.03412332 0.01896015 0.2875315  0.60112    0.03717253 0.01000266
        nan]"|2023/2024|True|True
0|4193526|2023-10-01|7|Nottingham Forest|Brentford|1.0|1.0|0.46|1.66|[0.06207921 0.08051387 0.02903559 0.0348289  0.22495659 0.03120567]|"[0.0710794  0.03049707 0.23500061 0.19554168 0.03123133 0.02717659
 0.18039417 0.04751292 0.02251867 0.04013475 0.06707481 0.09776428
 0.15685439 0.05723709 0.07849998 0.0206129  0.1770715  0.12740974]"|2023/2024|True|True
0|4193523|2023-10-02|7|Fulham|Chelsea|0.0|2.0|1.09|1.7|"[0.02841683 0.11163823 0.06764282 0.1160677  0.01624704 0.08959209
 0.58271098 0.07700614 0.01080421 0.03434018]"|"[0.04666726 0.51369542 0.21868148 0.09635422 0.01486315 0.21531993
 0.03605529 0.14518403 0.32438847 0.07773897 0.05871345]"|2023/2024|True|True
0|4193474|2023-10-03|2|Luton Town|Burnley|1.0|2.0|1.34|1.11|"[0.02207692 0.06351852 0.01813644 0.0354577  0.06672335 0.28274187
 0.17071921 0.02019403 0.04251203 0.09245072 0.04731236 0.05771079
 0.11777622 0.08019079 0.02023064 0.12994419 0.0407615  0.03265237]"|"[0.0421165  0.20941898 0.03567049 0.04055949 0.13097849 0.033564
 0.02316697 0.44684148 0.00801126 0.02288716 0.05194214 0.01344432
 0.0282116  0.02358611]"|2023/2024|True|True
0|4193536|2023-10-07|8|Luton Town|Tottenham Hotspur|0.0|1.0|0.76|1.96|"[0.03612133 0.01723635 0.01927274 0.07714294 0.079561   0.13650157
 0.06570639 0.15046863 0.02972792 0.02460496 0.10128582 0.02096275]"|"[0.53178442 0.23811488 0.02844057 0.3283093  0.13585475 0.02102511
 0.07310841 0.02604257 0.03357422 0.05743552 0.05539923 0.14259198
 0.04327178 0.21294247 0.0322835 ]"|2023/2024|True|True
0|4193532|2023-10-07|8|Burnley|Chelsea|1.0|4.0|0.75|1.86|"[0.07792504 0.30952674        nan 0.01852906 0.04751699 0.09525999
 0.04261731 0.01766944 0.09229863 0.02152907 0.03217248]"|"[0.03480609 0.06823356 0.11909315 0.07658533 0.05736994 0.7884
 0.10206518 0.31047088 0.30145153]"|2023/2024|True|True
0|4193534|2023-10-07|8|Everton|AFC Bournemouth|3.0|0.0|2.49|0.69|"[0.14064851 0.03932776 0.04880376 0.07837617 0.03194706 0.03129435
 0.05187485 0.01789848 0.01087108 0.05000652 0.17771082 0.12338984
 0.07316636 0.04112158 0.17482924 0.33110857 0.18467112 0.18170229
 0.03356246 0.04984074 0.03542743 0.0458496  0.02013188 0.18499434
 0.33594188]"|"[0.01933618 0.01762    0.06688901 0.03246476 0.01505149 0.03532004
 0.04119277 0.21450852 0.10174089 0.11422859 0.02906926]"|2023/2024|True|True
0|4193535|2023-10-07|8|Fulham|Sheffield United|3.0|1.0|2.21|0.57|"[0.05933697 0.17816865 0.04106751 0.38886261 0.04584814 0.0193537
 0.03143785 0.04242597 0.02974249 0.24236695 0.0337985  0.07808966
 0.01015548 0.58058262 0.0286458         nan 0.0313176  0.03991371
 0.18225661 0.02164569 0.12170811]"|[0.01599409 0.10790095 0.03216264 0.40425974        nan 0.01121937]|2023/2024|True|True
0|4193537|2023-10-07|8|Manchester United|Brentford|2.0|1.0|1.43|0.95|"[0.0566784  0.05144218 0.08907001 0.07286547 0.03723405 0.08417838
 0.01983367 0.01549086 0.05134895 0.03913579 0.01946814 0.02063034
 0.04699543 0.04786063 0.03482751 0.0261976  0.05154294 0.13963044
 0.10051556 0.16099143 0.28179011]"|"[0.01886621 0.08740666 0.02900464 0.02313438 0.11720752 0.02612961
 0.19877291 0.027258   0.16945669 0.04145673 0.21217959]"|2023/2024|True|True
0|4193533|2023-10-07|8|Crystal Palace|Nottingham Forest|0.0|0.0|0.81|1.05|"[0.31030315 0.07291266 0.20673196 0.08194669 0.007954   0.08176012
 0.01766288 0.03167209]"|"[0.00910557 0.02381804 0.01309754 0.11792676 0.07534711 0.02975423
 0.28009409 0.19713849 0.02548314 0.04954806 0.03024087 0.08471132
 0.06252382 0.05249303 0.02846848 0.02864399]"|2023/2024|True|True
0|4193531|2023-10-08|8|Brighton & Hove Albion|Liverpool|2.0|2.0|2.32|2.35|"[0.11323857 0.05223512 0.11854375 0.07630975 0.0447121  0.01387197
 0.09546671 0.12805606 0.28659251 0.04735713 0.20021558 0.64844185
 0.04224269 0.45478126]"|"[0.01390224 0.01871571 0.07074446 0.44736379 0.02204936 0.7884
 0.04112645 0.62249213 0.06691631 0.10585152 0.03964439 0.01897729
 0.08091572 0.01096276]"|2023/2024|True|True
0|4193538|2023-10-08|8|West Ham United|Newcastle United|2.0|2.0|1.16|2.01|[0.92724884 0.04982997 0.09972418 0.04689669 0.03426005]|"[0.0706306  0.01559533 0.01482853 0.19132148 0.54759014 0.02010958
 0.69129092 0.06288476 0.36356476 0.03411023]"|2023/2024|True|True
0|4193539|2023-10-08|8|Wolverhampton Wanderers|Aston Villa|1.0|1.0|1.68|1.61|"[0.03344808 0.17180373 0.01564479 0.21167994 0.4710027  0.55990446
 0.19045761 0.02684101]"|"[0.08745898 0.1613427  0.01898537 0.09225718 0.01661049 0.04165736
 0.01773524 0.07032709 0.08456884 0.01232611 0.04385354 0.27369508
 0.11462674 0.01289078 0.13224432 0.13449718 0.21665284 0.08241695]"|2023/2024|True|True
0|4193530|2023-10-08|8|Arsenal|Manchester City|1.0|0.0|0.39|0.48|"[0.01985814 0.03663398 0.01993187 0.0444112  0.03103119 0.03283913
 0.02902736 0.02414568 0.00800358 0.08873376 0.02025087 0.03980969]"|[0.08374234 0.29594234 0.01914588 0.08128608]|2023/2024|True|True
0|4193544|2023-10-21|9|Liverpool|Everton|2.0|0.0|2.23|0.13|"[0.02270729 0.13762045 0.11667366 0.02377027 0.01826624 0.01040302
 0.04664921 0.09078916 0.02243689 0.0174123  0.01561092 0.14317629
 0.05328462 0.03839301 0.00894038 0.02301801 0.02212388 0.7884
 0.01556129 0.0255702  0.0413104  0.01432355 0.02129648 0.04248905
 0.03921806 0.43356729]"|[0.0620377  0.02035772 0.01604314 0.00807052 0.01886384 0.00924308]|2023/2024|True|True
0|4193540|2023-10-21|9|AFC Bournemouth|Wolverhampton Wanderers|1.0|2.0|0.63|2.35|"[0.03191581 0.28478119 0.06241457 0.12932597 0.04204066 0.05738878
 0.01728689]"|"[0.05711497 0.13673416 0.25265265 0.01247984 0.04324351 0.18848632
 0.06118771 0.01659794 0.04746642 0.0510227  0.34504193 0.04490213
 0.04703415 0.24190575 0.02385748 0.01552814 0.08781637 0.21924563
 0.0245185  0.45055032 0.05360263]"|2023/2024|True|True
0|4193542|2023-10-21|9|Brentford|Burnley|3.0|0.0|3.24|1.14|"[0.14495452 0.02489427 0.08413748 0.08303175 0.09288743 0.14058289
 0.02388996 0.72747034 0.18064629 0.06117659 0.12351561 0.18135038
 0.04550168 0.38060787 0.23983248 0.10273857 0.09153494 0.06096806
 0.19804022 0.05470965 0.04544489 0.05673889 0.0918475 ]"|[0.03957669 0.0282835  0.07785363 0.02666596 0.05049    0.91813618]|2023/2024|True|True
0|4193545|2023-10-21|9|Manchester City|Brighton & Hove Albion|2.0|1.0|0.75|0.83|"[0.02231376 0.2275091  0.03150938 0.06627861 0.06071485 0.04617644
 0.02191008 0.19502485 0.03517296 0.04804127]"|[0.0474556  0.13933326 0.31160325 0.12389592 0.20466967]|2023/2024|True|True
0|4193546|2023-10-21|9|Newcastle United|Crystal Palace|4.0|0.0|2.39|1.21|"[0.02910151 0.02074101 0.37872696 0.252545   0.12685472 0.0432022
 0.36782888 0.52622116 0.48345241 0.16209593]"|"[0.09187833 0.03878563 0.02154928 0.047846   0.01173847 0.11431828
 0.00761277 0.05572883 0.01779242 0.05378941 0.09718294 0.16845134
 0.02123447 0.12079762 0.06853621 0.05737429 0.21496616]"|2023/2024|True|True
0|4193547|2023-10-21|9|Nottingham Forest|Luton Town|2.0|2.0|2.97|1.71|"[0.1065888  0.03560546 0.17398165 0.04945074 0.3416214  0.27163336
 0.04436373 0.29347038 0.28312787 0.69657642 0.15549293 0.02725007
 0.10495412 0.17107053 0.05373816 0.03160916 0.03159963 0.05157611
 0.04985534]"|"[0.08674827 0.01901777 0.00913269 0.01777937 0.29592383 0.02202119
 0.0346046  0.12659186 0.16141476 0.34335318 0.06080103 0.0262715
 0.50706404]"|2023/2024|True|True
0|4193543|2023-10-21|9|Chelsea|Arsenal|2.0|2.0|1.35|0.99|"[0.14475346 0.04191016 0.05702615 0.7884     0.03831129 0.05437173
 0.0415423  0.02600376 0.09611867 0.03189016 0.029293  ]"|"[0.09278768 0.05333677 0.0402096  0.07053771 0.03779267 0.03119433
 0.14834553 0.10610326 0.04939274 0.06688231 0.22140767 0.05179565
 0.0196287 ]"|2023/2024|True|True
0|4193548|2023-10-21|9|Sheffield United|Manchester United|1.0|2.0|1.42|1.1|"[0.01854676 0.24828027 0.04218416 0.00608963 0.02773284 0.7884
 0.13211873 0.05490967 0.02739528 0.03758909 0.01290877 0.02140332]"|"[0.02732839 0.02522627 0.046084   0.05998244 0.03081741 0.39950848
 0.04510783 0.04589437 0.24241096 0.02406391 0.04062493 0.02679777
 0.06563419 0.01858567]"|2023/2024|True|True
0|4193541|2023-10-22|9|Aston Villa|West Ham United|4.0|1.0|1.94|1.16|"[0.03977633 0.10207925 0.33427435 0.01274222 0.03297028 0.02396405
 0.01620695 0.0672494  0.04240267 0.01949065 0.12352674 0.7884
 0.0439932  0.03742953 0.25662059]"|"[0.0848217  0.01702455 0.02605759 0.01256757 0.06650484 0.43464991
 0.02369217 0.01230313 0.04984249 0.12138332 0.06227355 0.03734547
 0.1767057  0.03192295]"|2023/2024|True|True
0|4193549|2023-10-23|9|Tottenham Hotspur|Fulham|2.0|0.0|1.53|1.03|"[0.07639627 0.03651356 0.04719851 0.10202371 0.08628967 0.02516775
 0.18869513 0.09807082 0.18785481 0.01410151 0.04271577 0.40413454
 0.01691185 0.17608795 0.02989763]"|"[0.00870841 0.01465531 0.06709014 0.01623369 0.05636246 0.45415923
 0.03509859 0.0698382  0.12931269 0.17604679]"|2023/2024|True|True
0|4193555|2023-10-27|10|Crystal Palace|Tottenham Hotspur|1.0|2.0|0.61|1.12|"[0.03442351 0.04181998 0.02809252 0.05147476 0.0232283  0.02982716
 0.03293476 0.03588306        nan 0.03200758 0.15762542 0.02290196
 0.06423651 0.06043942]"|"[0.03376805 0.05784943 0.0242179  0.02544562 0.71814454 0.02027718
 0.03488373 0.03007757 0.10553196 0.06724913]"|2023/2024|True|True
0|4193554|2023-10-28|10|Chelsea|Brentford|0.0|2.0|2.03|2.16|"[0.03336459 0.03264747 0.04581945 0.04696226 0.03893608 0.45818096
 0.07966127 0.04266339 0.13377388 0.06729757 0.04509244 0.05263961
 0.02917269 0.01199203 0.37320021 0.46592093 0.07189476]"|"[0.06351735 0.00870782 0.26029813 0.19277821 0.48868042 0.31364706
 0.8338837 ]"|2023/2024|True|True
0|4193550|2023-10-28|10|AFC Bournemouth|Burnley|2.0|1.0|1.11|0.83|"[0.03518481 0.1142655  0.36533439 0.1064908  0.08876222 0.04615815
 0.07592013 0.09213492 0.04116593 0.07932125 0.03110169 0.01577643
 0.01422238]"|[0.2170323  0.02070411 0.00738486 0.03092948 0.53016889 0.01937014]|2023/2024|True|True
0|4193551|2023-10-28|10|Arsenal|Sheffield United|5.0|0.0|2.77|0.03|"[0.05966911 0.75436985 0.07992026 0.01563318 0.3800427  0.13947763
 0.06270795 0.04875407 0.05548545 0.7884     0.05677376 0.16714925
 0.16390656]"|[0.01147696 0.01900497]|2023/2024|True|True
0|4193559|2023-10-28|10|Wolverhampton Wanderers|Newcastle United|2.0|2.0|0.89|2.19|"[0.02967138 0.01599998 0.01558614 0.06695329 0.09968033 0.0305239
 0.07379705 0.07763226 0.06659291 0.3491258  0.06618822]"|"[0.08354174 0.02310728 0.38831982 0.57132953 0.08358681 0.0742714
 0.05615484 0.7884     0.08804351 0.09883853 0.06541164 0.0684958
 0.02566182]"|2023/2024|True|True
0|4193558|2023-10-29|10|West Ham United|Everton|0.0|1.0|0.66|0.82|"[0.01241277 0.15704402 0.02779005 0.10047187 0.0878674  0.09712911
 0.01901856 0.06623949 0.01818201 0.02650107 0.02053304 0.02830314]"|"[0.10947715 0.02796265 0.0809216  0.0215327  0.07605047 0.21149124
 0.09463616 0.09454317 0.0278206  0.07201667]"|2023/2024|True|True
0|4193552|2023-10-29|10|Aston Villa|Luton Town|3.0|1.0|2.28|0.48|"[0.03065396 0.02077789 0.0756051  0.11626594 0.47452423 0.36537626
 0.06033994 0.25122002 0.05285303 0.05792661 0.01541187 0.11632615
 0.01680525 0.10459485 0.27876952 0.14475346 0.27609447        nan]"|"[0.01532907        nan 0.0466829  0.04690041 0.05651019 0.07804073
 0.14465626 0.09539738]"|2023/2024|True|True
0|4193553|2023-10-29|10|Brighton & Hove Albion|Fulham|1.0|1.0|1.43|0.71|"[0.02478859 0.12993063 0.01127233 0.09133413 0.02069139 0.0926607
 0.15761648 0.04629521 0.07811596 0.04712163 0.14432517 0.16546276
 0.0271649  0.02149454 0.05950267 0.06491861 0.16922675 0.07387351]"|"[0.00823681 0.00852566 0.08931857 0.027258   0.0155123  0.12573504
 0.12345234 0.20913512 0.04178222 0.06090686]"|2023/2024|True|True
0|4193556|2023-10-29|10|Liverpool|Nottingham Forest|3.0|0.0|3.19|0.45|"[0.14949618 0.02743997 0.01307413 0.03113488 0.14756396 0.10831285
 0.73623884 0.84110147 0.02033087 0.06429132 0.02059115 0.0383841
 0.06736517 0.02804074 0.10318451 0.06451906 0.01558734 0.01614576
 0.72614914 0.02783519 0.0255559 ]"|"[0.04539222 0.08482346 0.03784738 0.10610964 0.01860737 0.08186957
 0.04286066 0.0146716  0.01522215]"|2023/2024|True|True
0|4193557|2023-10-29|10|Manchester United|Manchester City|0.0|3.0|0.95|4.0|"[0.06316772 0.08248607 0.15620573 0.02954991 0.02316363 0.53737932
 0.05398727]"|"[0.2539252  0.02938948 0.02037077 0.7884     0.04163012 0.02017704
 0.38659516 0.21483044 0.29020867 0.04417931 0.06405547 0.06086535
 0.03408374 0.05365575 0.50074679 0.02869039 0.04802527 0.96982443
 0.08057057 0.05966911 0.05228867]"|2023/2024|True|True
0|4193563|2023-11-04|11|Fulham|Manchester United|0.0|1.0|1.01|0.69|"[0.12311804 0.02239938 0.02238913 0.05984886 0.09747736 0.01346287
 0.03151843 0.03318902 0.05578279 0.03969898 0.02612961 0.15361738
 0.0785208  0.04852328 0.04086317 0.05459261 0.05791283 0.05034823]"|"[0.06536226 0.06069504 0.05915829 0.02333905 0.02464769 0.05977182
 0.03957152 0.03220971 0.03889181 0.15811594 0.09433329 0.03820146]"|2023/2024|True|True
0|4193560|2023-11-04|11|Brentford|West Ham United|3.0|2.0|1.63|1.82|"[0.04060668 0.15380555 0.14556578 0.36451536 0.03051392 0.08422622
 0.01091606 0.03163277 0.08015767 0.22737996 0.02111311 0.11930453
 0.01391499 0.16140515 0.12717998 0.01424948]"|"[0.03169084 0.02969526 0.06077191 0.45461023 0.5130012  0.7531842
        nan 0.01831932 0.05257576 0.0177631  0.04890208 0.05542455
 0.01587267]"|2023/2024|True|True
0|4193561|2023-11-04|11|Burnley|Crystal Palace|0.0|2.0|1.12|1.3|"[0.0600891  0.01940712 0.03286975 0.07137736 0.05037333 0.08683997
 0.02031533 0.06476384 0.02801666 0.16993666 0.03773796 0.02900178
 0.07588204 0.01051157 0.00584778 0.07670373 0.28358415]"|[0.03595134 0.83547044 0.0784976  0.35408908]|2023/2024|True|True
0|4193562|2023-11-04|11|Everton|Brighton & Hove Albion|1.0|1.0|0.71|0.51|"[0.10348398 0.1082489  0.08370182 0.12885995 0.06241782 0.00802514
 0.05280319        nan 0.12133819 0.01458287 0.03085   ]"|"[0.03250697 0.02431828 0.1138234  0.11898724 0.05674693 0.14567977
 0.01455827]"|2023/2024|True|True
0|4193565|2023-11-04|11|Manchester City|AFC Bournemouth|6.0|1.0|1.95|0.91|"[0.01690644 0.03392421 0.03676179 0.02311238 0.03910374 0.17519285
 0.07734034 0.04742511 0.02046096 0.06156281 0.15559638 0.0097452
 0.01910761 0.16609184 0.02786347 0.0625596  0.0318647  0.12855032
 0.26312143 0.27992809 0.27142251]"|[0.03589905 0.28540051 0.13072559 0.28001207 0.17310235]|2023/2024|True|True
0|4193568|2023-11-04|11|Sheffield United|Wolverhampton Wanderers|2.0|1.0|1.05|1.33|"[0.00825578 0.01935533 0.04803599 0.03266998 0.01357938 0.03217433
 0.02939981 0.00846406 0.05461591 0.01299631 0.7884    ]"|"[0.01622178 0.0474117  0.02275237 0.03862314 0.26125473 0.55325675
 0.0222509  0.1756999  0.09566976 0.09515476]"|2023/2024|True|True
0|4193566|2023-11-04|11|Newcastle United|Arsenal|1.0|0.0|1.04|0.57|"[0.01448778 0.09366399 0.03410592 0.01905094 0.05229984 0.04086706
 0.29501888 0.679703   0.00999386]"|"[0.01472436 0.02375681 0.0236118  0.03088548 0.01810363 0.02340784
 0.14620461 0.10215593 0.04632609 0.01266407 0.0794716  0.02102174
 0.02040391 0.00831824]"|2023/2024|True|True
0|4193567|2023-11-05|11|Nottingham Forest|Aston Villa|2.0|0.0|0.38|1.23|[0.01032079 0.04656962 0.2205936  0.03335197 0.06604458]|"[0.14121957 0.02742271 0.0704578  0.13299951 0.01707331 0.28405347
 0.01623369 0.06557843 0.04975991 0.2375574  0.05964195 0.02072441
 0.10648329]"|2023/2024|True|True
0|4193564|2023-11-05|11|Luton Town|Liverpool|1.0|1.0|0.81|2.85|"[0.01895099 0.05531815 0.07087021 0.02650983 0.03063155 0.16532093
 0.42265564 0.02270368]"|"[0.02445826 0.11281279 0.0304139  0.1891015  0.01199124 0.11181159
 0.03492519 0.25750318 0.02339014 0.03587624 0.00794909 0.01535372
 0.01123468 0.03312683 0.5740357  0.51435292 0.47740862 0.07279926
 0.02480291 0.02169693 0.01669443 0.07327496 0.01774314 0.15307321]"|2023/2024|True|True
0|4193569|2023-11-06|11|Tottenham Hotspur|Chelsea|1.0|4.0|0.89|4.12|"[0.05887629 0.06584682 0.02502937 0.01532482 0.08159862 0.01126855
 0.49067497 0.14151078]"|"[0.2221372  0.0191153  0.02898368 0.02725426 0.02983706 0.00926323
 0.7884     0.0447121  0.02195444 0.03816723 0.30695584 0.02957939
 0.19435474 0.7217353  0.40748775 0.98226261 0.24432614]"|2023/2024|True|True
0|4193579|2023-11-11|12|Wolverhampton Wanderers|Tottenham Hotspur|2.0|1.0|2.15|0.7|"[0.04918544 0.03364553 0.02384789 0.05981453 0.0349879  0.06256717
 0.06355537 0.13962506 0.08844931 0.0635296  0.14005457 0.054929
 0.26036927 0.03852195 0.15385148 0.26992458 0.61661291]"|[0.37023655 0.05609508 0.03103812 0.04269158 0.11533152 0.08358681]|2023/2024|True|True
0|4193571|2023-11-11|12|Arsenal|Burnley|3.0|1.0|1.95|0.32|"[0.0399471  0.01840672 0.02246162 0.12296149 0.20267837 0.05329943
 0.02684181 0.02660001 0.07884023 0.35007408 0.12260103 0.12398874
 0.64426804 0.03280516 0.03724714 0.04827601]"|"[0.04813503 0.02888569 0.05664317 0.04263683 0.06544133 0.00789459
 0.03174026 0.03474059]"|2023/2024|True|True
0|4193575|2023-11-11|12|Crystal Palace|Everton|2.0|3.0|2.17|1.53|"[0.7884     0.02030961 0.05861194 0.08549776 0.04810113 0.06378131
 0.05534515 0.10028375 0.05094111 0.10145568 0.02012911 0.64624047
 0.12799841]"|"[0.06261043 0.4390325  0.03265201 0.04961415 0.03878563 0.72354865
 0.12548007 0.08792314]"|2023/2024|True|True
0|4193577|2023-11-11|12|Manchester United|Luton Town|1.0|0.0|2.18|0.41|"[0.04274909 0.7505644  0.13861378 0.07874984 0.11510564 0.16953868
 0.02037938 0.19457339 0.02108256 0.07366364 0.25898221 0.15445545
 0.05811247 0.01325647 0.0918203 ]"|"[0.04876655 0.02167971 0.08569934 0.02996046 0.027258   0.03560852
 0.04960552 0.0206724  0.06087771 0.02600196]"|2023/2024|True|True
0|4193570|2023-11-11|12|AFC Bournemouth|Newcastle United|2.0|0.0|2.46|0.49|"[0.09025735 0.07115875 0.03750813 0.08676829 0.03110492 0.03579028
 0.0522293  0.0551796  0.2661975  0.04106351 0.07749238 0.72834092
 0.0200461  0.22916658 0.05821899 0.11026655 0.15611233 0.18101388
 0.18382755]"|"[0.03787302 0.02277529 0.02234611 0.13100387 0.06573883 0.12793672
 0.05251936 0.02530824]"|2023/2024|True|True
0|4193572|2023-11-12|12|Aston Villa|Fulham|3.0|1.0|3.08|0.93|"[0.2524015  0.0792946  0.43350816 0.12418851 0.12718649 0.0261157
 0.04175342 0.03835066 0.92398983 0.07689129 0.90255731 0.05834342]"|"[       nan 0.02851112 0.01656283 0.03330126 0.07702933 0.04715323
 0.05321985 0.11334562 0.54179853 0.01819462]"|2023/2024|True|True
0|4193573|2023-11-12|12|Brighton & Hove Albion|Sheffield United|1.0|1.0|1.53|1.07|"[0.19554597 0.42991078 0.25629807 0.12868938 0.15094556 0.01444512
 0.12028281 0.10436771 0.09070054 0.01300922 0.02995993        nan]"|"[0.61486614 0.02759124 0.1023966  0.02221812 0.05218989 0.18344106
 0.02363893 0.01621613 0.02749906]"|2023/2024|True|True
0|4193576|2023-11-12|12|Liverpool|Brentford|3.0|0.0|1.71|1.68|"[0.02726846 0.068424   0.14521706 0.05336999 0.06618834 0.03343437
 0.03844663 0.39086196 0.03674528 0.50007915 0.03135255 0.02783543
 0.1476748  0.03689324 0.0728553  0.02375763 0.01457672]"|"[0.15237722 0.03735612 0.48146749 0.11024822 0.03248786 0.05711275
 0.05649902 0.17879489 0.13608396 0.07622389 0.12921351 0.10253835
 0.02848234 0.03472972 0.04846721 0.01398553]"|2023/2024|True|True
0|4193578|2023-11-12|12|West Ham United|Nottingham Forest|3.0|2.0|1.8|1.69|"[0.10071912 0.32580969 0.01951127 0.1316409  0.03402459 0.04405719
 0.03146752 0.03582575 0.25574392 0.32372224 0.02093459 0.06971771
 0.0246002  0.23131689 0.0599752  0.08830155]"|"[0.15849096 0.04212112 0.11746937 0.88773185 0.25107217 0.02803612
 0.06203841 0.1175273  0.07991847 0.04758409]"|2023/2024|True|True
0|4193574|2023-11-12|12|Chelsea|Manchester City|4.0|4.0|2.95|2.88|"[0.0309175  0.03899405 0.04983884 0.03471113 0.05622903 0.06929421
 0.43158323 0.04123634 0.02211929 0.09131283 0.04049715 0.48402476
 0.02908717 0.54921609 0.19688481 0.01625045 0.7884    ]"|"[0.03659588 0.00927171 0.7884     0.06543182 0.07088575 0.30597132
 0.02207692 0.29440263 0.87099838 0.11764999 0.0892001  0.07473677
 0.03413071 0.02990751 0.06987024]"|2023/2024|True|True
0|4193656|2023-11-25|13|Manchester City|Liverpool|1.0|1.0|1.36|0.56|"[0.0511502  0.0100838  0.25912383 0.03648569 0.03654737 0.16525553
 0.0610915  0.06053083 0.03726754 0.08039224 0.18122092 0.06163578
 0.03269875 0.02647201 0.10855839 0.15004535]"|"[0.05569481 0.02943704 0.2627168  0.0151977  0.01311928 0.0542723
 0.09420199 0.03180181]"|2023/2024|True|True
0|4193652|2023-11-25|13|Burnley|West Ham United|1.0|2.0|1.26|0.9|"[0.02164165 0.09626977 0.05576498 0.02927569 0.0522416  0.7884
 0.03451036 0.05884269 0.04311536 0.02498075 0.05576363        nan]"|"[0.04453139 0.1003086  0.02803688 0.08732053 0.0647722  0.05645467
 0.01782632 0.11179218 0.04254297 0.03773796 0.30819771]"|2023/2024|True|True
0|4193655|2023-11-25|13|Luton Town|Crystal Palace|2.0|1.0|0.94|1.67|"[0.25498223 0.010595   0.03910752 0.0312316  0.06806833 0.05151328
 0.03271463 0.45603713]"|"[0.02380789 0.06460042 0.02574647 0.04080376 0.13239002 0.03823275
 0.06030541 0.20763938 0.0540534  0.05432224 0.05804807 0.27889222
 0.05147493 0.01785583 0.14172071 0.42838877]"|2023/2024|True|True
0|4193657|2023-11-25|13|Newcastle United|Chelsea|4.0|1.0|2.36|0.53|"[0.63595861 0.04590512 0.22091737 0.01867227 0.05403139 0.04080376
 0.08413    0.0073344  0.26396078 0.63919109 0.06016842 0.13039346
 0.04891625 0.1048888 ]"|"[0.04989463 0.10684273 0.02880578 0.07463096 0.10346832 0.09577488
 0.06587581]"|2023/2024|True|True
0|4193658|2023-11-25|13|Nottingham Forest|Brighton & Hove Albion|2.0|3.0|1.93|1.48|"[0.07353252 0.10375011 0.02504425 0.01399606 0.14006428 0.05435906
 0.02577699 0.0678267  0.1104207  0.01555853 0.03118367 0.7884
 0.0167704  0.03055027 0.02227876 0.08080279 0.20925274 0.11867721]"|"[0.03533878 0.09322723 0.02845722 0.16169639 0.09061795 0.023279
 0.02999767 0.03894552 0.7884     0.05819699]"|2023/2024|True|True
0|4193659|2023-11-25|13|Sheffield United|AFC Bournemouth|1.0|3.0|0.78|2.86|"[0.02313774 0.02623362 0.08994583 0.14789149 0.08589173 0.04679418
 0.01870679 0.02217244 0.04463129 0.27189133]"|"[0.01029784 0.52561045 0.0722222  0.03985267 0.06219989 0.00904488
 0.03317013 0.0827402  0.04277299 0.21495375 0.24939267 0.01836097
 0.38274124 0.04055345 0.46039182 0.06127727 0.10327918 0.13763313
 0.13758002 0.01805794 0.03084991 0.06208335 0.08643205]"|2023/2024|True|True
0|4193651|2023-11-25|13|Brentford|Arsenal|0.0|1.0|1.19|1.65|"[0.16102041 0.34956372 0.03762539 0.05805359 0.05821158 0.02924311
 0.08321695 0.07198928 0.42547724]"|"[0.06674103 0.0448883  0.24902393 0.06921224 0.0614219  0.02688021
 0.09430917 0.42096314 0.085784   0.02257628 0.02039887 0.01245616
 0.03919568 0.09742367 0.34076202]"|2023/2024|True|True
0|4193660|2023-11-26|13|Tottenham Hotspur|Aston Villa|1.0|2.0|2.34|1.76|"[0.34126794 0.56359357 0.17725679 0.09142711 0.05835297 0.04621352
 0.01724087 0.02675089 0.0783086  0.05542878 0.05165712 0.24195704
 0.42853776 0.03045624 0.08688166 0.02101923 0.0880414  0.03747481]"|"[0.11670292 0.2209018  0.10772502 0.06098669 0.15688029 0.05779639
 0.08068995 0.08646867 0.06347337 0.1745564  0.15930526 0.01634224
 0.03184029 0.41350928 0.0124655 ]"|2023/2024|True|True
0|4193653|2023-11-26|13|Everton|Manchester United|0.0|3.0|2.47|2.22|"[0.08922556 0.01722579 0.09928934 0.11927846 0.36644846 0.18312785
 0.04678285 0.02707518 0.25156549 0.27639544 0.02529939 0.0238084
 0.05580939 0.0648259  0.02437892 0.05686573 0.04959444 0.0157708
 0.09460574 0.11871421 0.40849116 0.03285064 0.04754247 0.03342585]"|"[0.07767655 0.01642463 0.04909439 0.7884     0.04142723 0.27132091
 0.79243058 0.11489674 0.06472547]"|2023/2024|True|True
0|4193654|2023-11-27|13|Fulham|Wolverhampton Wanderers|3.0|2.0|2.9|1.35|"[0.11393627 0.69879454 0.05433643 0.08579399 0.04850328 0.02768926
 0.7884     0.14969026 0.03621161 0.06116416 0.04719851 0.7884    ]"|"[0.13149172 0.12738763 0.08021427 0.04026801 0.01399606 0.02935357
 0.06058908 0.7884     0.06454221 0.01554298]"|2023/2024|True|True
0|4193662|2023-12-02|14|Arsenal|Wolverhampton Wanderers|2.0|1.0|2.89|0.71|"[0.18380891 0.17218953 0.17795363 0.08300972 0.13830243 0.05124748
 0.04746474 0.04770019 0.4252575  0.10757168 0.09637766 0.0187951
 0.02900555 0.0590603  0.02438935 0.38597181 0.11195616 0.52426761
 0.24458052]"|[0.3182762  0.18139465 0.03156034 0.05163691 0.07182171 0.05811073]|2023/2024|True|True
0|4193663|2023-12-02|14|Brentford|Luton Town|3.0|1.0|3.47|0.23|"[0.02064814 0.28079155 0.03581157 0.00530089 0.03149236 0.02526694
 0.0278903  0.05701323 0.03810259 0.01069172 0.21662006 0.08740497
 0.54340494 0.02119358 0.04010126 0.12958288 0.07286361 0.03128621
 0.06127556 0.02510947 0.14802255 0.050025   0.09276767 0.70211184
 0.5075587  0.16560899 0.10628358]"|"[0.03867246 0.0923321  0.0185867  0.02842386 0.01685558 0.00896138
 0.02931021]"|2023/2024|True|True
0|4193664|2023-12-02|14|Burnley|Sheffield United|5.0|0.0|1.81|0.39|"[0.1220007  0.09727326 0.030157   0.41113082 0.0180659  0.01903359
 0.0449966  0.0484531  0.08043125 0.18888094 0.06126884 0.19558369
 0.11771768 0.05951093 0.05710056 0.08040683 0.05921206 0.11997992
 0.01400546]"|[0.01438695 0.01634312 0.11764999 0.11989659 0.09031443 0.03430061]|2023/2024|True|True
0|4193669|2023-12-02|14|Nottingham Forest|Everton|0.0|1.0|0.72|0.67|"[0.06598344 0.03108211 0.05161018 0.01504177 0.04148885 0.07667234
 0.00763303 0.2217043  0.01319205 0.07910901 0.03920068 0.04850699
 0.02992538]"|"[0.11677798 0.01330285 0.1529761  0.01119545 0.08943383 0.07048135
 0.05955167 0.02085891 0.02188187 0.04806791 0.05783162 0.00359276]"|2023/2024|True|True
0|4193668|2023-12-02|14|Newcastle United|Manchester United|1.0|0.0|2.5|0.48|"[0.06959496 0.05112248 0.06804302 0.09799487 0.15218356 0.03125314
 0.24946764 0.0344218  0.22428699 0.04302074 0.12556516 0.0899971
 0.08294586 0.02686044 0.0328513  0.07991847 0.57225698 0.04105651
 0.03858503 0.01716593 0.12272362 0.24556652]"|"[0.09683099 0.0331234  0.03234668 0.01153012 0.04688396 0.03951351
 0.19644071 0.02691035]"|2023/2024|True|True
0|4193661|2023-12-03|14|AFC Bournemouth|Aston Villa|2.0|2.0|2.02|0.68|"[0.02863662 0.13484827 0.1219414  0.02367324 0.06525679 0.01428227
 0.57532579 0.08228403 0.02363351 0.07726151 0.54295379 0.06277154
 0.10974509 0.08868447 0.06598452]"|"[0.02869039 0.04568403 0.0190544  0.02702493 0.07320761 0.19620457
 0.0854038  0.01601764 0.07366364 0.04277299 0.07044924]"|2023/2024|True|True
0|4193665|2023-12-03|14|Chelsea|Brighton & Hove Albion|3.0|2.0|2.11|1.14|"[0.49788597 0.22212021 0.22816086 0.02741012 0.2905044  0.7884
 0.02646297 0.02416843]"|"[0.0245881  0.04762576 0.0152503  0.02920019 0.04187566 0.05654291
 0.01454342 0.03977633 0.07919829 0.0373714  0.05846867 0.07299961
 0.02011856 0.02382872 0.16308571 0.10262347 0.27825168 0.0346046 ]"|2023/2024|True|True
0|4193666|2023-12-03|14|Liverpool|Fulham|4.0|3.0|2.23|1.21|"[0.03722395 0.06736436 0.04605807 0.02665224 0.02815479 0.11724301
 0.06583251 0.03240508 0.01615594 0.03947819 0.06185297 0.02096331
 0.01652255 0.11557012 0.0208959  0.10791644 0.14392705 0.12646933
 0.02153055 0.04751699 0.0512092  0.24195704 0.73080999 0.08974224
 0.01854341 0.11395333]"|"[       nan 0.23748262 0.02657691 0.0159711  0.03231699 0.5497213
 0.0621325  0.06736436 0.03394196 0.18695915]"|2023/2024|True|True
0|4193670|2023-12-03|14|West Ham United|Crystal Palace|1.0|1.0|1.13|0.93|"[0.15015644 0.12941627 0.0262715  0.02978869 0.06347337 0.35623732
 0.09719181 0.15422834 0.12058616]"|"[0.01143464 0.01193361 0.13899691 0.01726338 0.04846918 0.27626774
 0.18828136 0.21158673 0.029807  ]"|2023/2024|True|True
0|4193667|2023-12-03|14|Manchester City|Tottenham Hotspur|3.0|3.0|2.57|0.46|"[0.20895806 0.06248518 0.0221188  0.06442024 0.37652913 0.02036333
 0.12412491 0.55987287 0.04019341 0.13581426 0.02438936 0.05940457
 0.04317075 0.19128004 0.16604367 0.02060943 0.45431301]"|"[0.13370949        nan 0.05059972 0.01735681 0.026292   0.07991847
 0.024041   0.02013752 0.11108736]"|2023/2024|True|True
0|4193678|2023-12-05|15|Wolverhampton Wanderers|Burnley|1.0|0.0|0.83|0.87|"[0.02185838 0.1386009  0.19024569 0.312783   0.0518715  0.09541756
 0.01454445]"|"[0.04100979 0.05267559 0.03838208 0.00892068 0.06270795 0.03807817
 0.42715621 0.06134853 0.01016766 0.03325533 0.05783799 0.06191324]"|2023/2024|True|True
0|4193675|2023-12-05|15|Luton Town|Arsenal|3.0|4.0|0.51|2.26|[0.15972102 0.01706443 0.04828796 0.21450852 0.05067762 0.01700567]|"[0.16950077 0.03766855 0.06895688 0.02876236 0.06188379 0.03384913
 0.05302298 0.53325063 0.03063764 0.04525437 0.05321565 0.45187002
 0.03834942 0.03661683 0.09699215 0.04530874 0.01996032 0.03572186
 0.06369063 0.2525799  0.01791059 0.01693151 0.0723924 ]"|2023/2024|True|True
0|4193672|2023-12-06|15|Brighton & Hove Albion|Brentford|2.0|1.0|1.57|1.52|"[0.05587765 0.32924643 0.01758439 0.04547218 0.06785805 0.08712694
 0.02420545 0.02678596 0.23623215 0.04975456 0.06668089 0.15847671
 0.11816344 0.0267417  0.03154444 0.03955138 0.06266171 0.12214557]"|"[0.7884     0.03586268 0.34280777 0.1306742  0.08820916 0.01895351
 0.02473426 0.08656847]"|2023/2024|True|True
0|4193679|2023-12-06|15|Crystal Palace|AFC Bournemouth|0.0|2.0|1.01|1.9|"[0.03680688 0.01622174 0.05711905 0.18858847 0.02589693 0.03440798
 0.19881532 0.04042164 0.0546886  0.0142791  0.07282786 0.02844848
 0.04667715 0.03374879 0.13861941 0.02536359]"|"[0.11632726 0.03822132 0.16502455 0.57788229 0.05459742 0.0934585
 0.07274257 0.1616158  0.02396651 0.00985116 0.58231223]"|2023/2024|True|True
0|4193674|2023-12-06|15|Fulham|Nottingham Forest|5.0|0.0|2.52|0.26|"[0.02213247 0.02445826 0.02199953 0.06853621 0.41326725 0.46266788
 0.07177579 0.06365336 0.03835066 0.84308726 0.13677473 0.26765075
 0.06552032 0.02107445]"|[0.03247749 0.03984366 0.11789542 0.07030245]|2023/2024|True|True
0|4193676|2023-12-06|15|Sheffield United|Liverpool|0.0|2.0|0.99|1.69|[0.37986481 0.06729606 0.04616653 0.09544034 0.06685737 0.32979822]|"[0.13604327 0.01935972 0.03416364 0.06332037 0.15254003 0.05176345
 0.02441209 0.07799063 0.01763735 0.16075155 0.33158198 0.04600429
 0.01382572 0.09186552 0.4711799 ]"|2023/2024|True|True
0|4193671|2023-12-06|15|Aston Villa|Manchester City|1.0|0.0|2.38|0.65|"[0.02285797 0.0878296  0.04651032 0.02861085 0.0078581  0.00589945
 0.0168454  0.01616161 0.74486339 0.06271584 0.03630502 0.01607909
 0.05319406 0.0325254  0.07266528 0.20388222 0.06082214 0.16250379
 0.02326573 0.12477279 0.49884385 0.05960143]"|[0.16728158 0.57764286]|2023/2024|True|True
0|4193680|2023-12-06|15|Manchester United|Chelsea|2.0|1.0|4.17|1.52|"[0.04682512 0.04163479 0.02112208 0.7884     0.08411773 0.18273897
 0.07991847 0.10433377 0.17980611 0.28500175 0.0981036  0.04602122
 0.05507695 0.31996581 0.86230409 0.03204485 0.03593571 0.01695408
 0.03899405 0.05981453 0.03329866 0.02270729 0.05064783 0.03133982
 0.40542474 0.24970578 0.12154551 0.2152341 ]"|"[0.17761013 0.02605396 0.12033742 0.0641498  0.06700896 0.0173148
 0.25075322 0.09765498 0.01175182 0.03235691 0.57908046 0.01685366
 0.05619933]"|2023/2024|True|True
0|4193673|2023-12-07|15|Everton|Newcastle United|3.0|0.0|3.36|1.57|"[0.07609356 0.04642359 0.04736492 0.07248253 0.20028777 0.02179286
 0.10220355 0.25110078 0.07640908 0.19413279 0.08747146 0.13903914
 0.81785876 0.15352771 0.0747635  0.06863172 0.08737533 0.08438677
 0.06129942 0.36941746 0.32650021]"|"[0.05591748 0.18116848 0.01986126 0.07671542 0.19563584 0.02167971
 0.0250262  0.23465614 0.06524789 0.00889007 0.09311166 0.33615357
 0.25693068]"|2023/2024|True|True
0|4193677|2023-12-07|15|Tottenham Hotspur|West Ham United|1.0|2.0|1.79|2.23|"[0.04587064 0.19115065 0.03637938 0.09896626 0.04580631 0.03509859
 0.02310842 0.08655079 0.13209227 0.05467611 0.17500123 0.03932776
 0.22278284 0.02470487 0.04285324 0.24729767 0.03737773 0.02820037
 0.05074648 0.05583719 0.03897298 0.04647954 0.03777733]"|"[0.01137172 0.20848998 0.02019539 0.0909548  0.02076917 0.48543838
 0.05065856 0.03029125 0.92925388 0.17615002 0.37422195]"|2023/2024|True|True
0|4193683|2023-12-09|16|Crystal Palace|Liverpool|1.0|2.0|1.74|1.25|"[0.50015277 0.02292007 0.01129776 0.7884     0.05551169 0.01942984
 0.2087487  0.13809131]"|"[0.02007028 0.02136087 0.01030246 0.01549686 0.10596078 0.11431868
 0.0298532  0.19524172 0.08716802 0.14660138 0.28852433 0.14023127
 0.03518134 0.03666956]"|2023/2024|True|True
0|4193682|2023-12-09|16|Brighton & Hove Albion|Burnley|1.0|1.0|2.78|0.56|"[0.03296485 0.00943576 0.04101282 0.12250364 0.10221083 0.11470567
 0.03503434 0.08113773 0.08268027 0.03177301 0.03666139 0.06279752
 0.0458895  0.09528561 0.25382251 0.16753624 0.04242164 0.03733904
 0.34059539 0.05997549 0.32661596 0.17139438 0.13947079 0.03611539
 0.0208772  0.07866196 0.12201998 0.05145262 0.04240796]"|[0.05501356 0.03835066 0.07561883 0.04974636 0.28831151 0.07592628]|2023/2024|True|True
0|4193687|2023-12-09|16|Manchester United|AFC Bournemouth|0.0|3.0|1.16|1.48|"[0.11758057 0.11667796 0.03504474 0.0447121  0.02345135 0.14395389
 0.04419123 0.01866845 0.05479505 0.07711025 0.05705486 0.00965225
 0.05323739 0.04467809 0.03771807 0.06300489 0.04098184 0.1073451
 0.05077637 0.02088389]"|"[0.2479001  0.08034454 0.06719405 0.03236546 0.02237248 0.0746884
 0.09786294 0.32063231 0.11428545 0.41941145]"|2023/2024|True|True
0|4193688|2023-12-09|16|Sheffield United|Brentford|1.0|0.0|0.81|0.66|"[0.02750921 0.05939871 0.0192572  0.02547595 0.34697434 0.01752653
 0.1205657  0.15093872 0.04051222]"|"[0.0423477  0.06657235 0.07163837 0.09396393 0.02211929 0.0743999
 0.05020674 0.10265445 0.06212252 0.07366364]"|2023/2024|True|True
0|4193690|2023-12-09|16|Wolverhampton Wanderers|Nottingham Forest|1.0|1.0|1.17|1.29|"[0.05104136 0.02199626 0.59932792 0.06877935 0.01885266 0.08381633
 0.07635951 0.05649368 0.1794003  0.02898658]"|"[0.17051877 0.12561585 0.07841641 0.75795043 0.05049153 0.03626123
 0.04115785 0.02731348]"|2023/2024|True|True
0|4193681|2023-12-09|16|Aston Villa|Arsenal|1.0|0.0|0.57|1.4|"[0.01766522 0.14480914 0.04575851 0.01004768 0.02598058 0.03994267
 0.15004021 0.02408615 0.07953554 0.03208286]"|"[0.01791193 0.26944825 0.07037295 0.02503616 0.02133887 0.2213151
 0.18473946 0.03740403 0.31704408 0.12127739 0.07200696 0.0456163 ]"|2023/2024|True|True
0|4193684|2023-12-10|16|Everton|Chelsea|2.0|0.0|1.22|0.95|"[0.06414614 0.03257481 0.07991847 0.0550188  0.78747028 0.12716742
 0.02900464 0.0544549  0.09518164]"|"[0.01817935 0.01911026 0.0970035  0.04490576 0.02199843 0.07083578
 0.06270795 0.10435866 0.15090498 0.02162862 0.06979734 0.01960525
 0.03883888 0.14996676 0.04696226 0.00860536]"|2023/2024|True|True
0|4193685|2023-12-10|16|Fulham|West Ham United|5.0|0.0|2.37|1.34|"[0.02126485 0.32260409 0.05860999 0.02982382 0.09281877 0.08804351
 0.23457165 0.15411259 0.12396827 0.02676532 0.39780769 0.01566797
 0.03343766 0.79528677]"|"[0.03711044 0.02575202 0.01992298 0.43373328 0.09841783 0.32379568
 0.03891477 0.14760481 0.2138755 ]"|2023/2024|True|True
0|4193686|2023-12-10|16|Luton Town|Manchester City|1.0|2.0|0.33|1.61|[0.01928887 0.25207499 0.03353261 0.02586535]|"[0.08393857 0.05653473 0.02284568 0.03714205 0.04861588 0.35098299
 0.04016116 0.06978815 0.05143939 0.01905215 0.1342971  0.08362479
 0.1460356  0.02446489 0.0537103  0.31443772 0.04989314 0.02908717]"|2023/2024|True|True
0|4193689|2023-12-10|16|Tottenham Hotspur|Newcastle United|4.0|1.0|3.81|1.69|"[0.04238813 0.03422036 0.02103072 0.03403877 0.89850307 0.21312369
 0.16769657 0.04746474 0.0558022  0.08186957 0.02114304 0.08993854
 0.03500832 0.35409039 0.09806467 0.10476846 0.02757265 0.08011768
 0.04746474 0.02508693 0.7884     0.41221085 0.12858799]"|"[0.0444112  0.77110147 0.07452673 0.14283557 0.05152981 0.02019403
 0.25018477 0.19339725 0.13806649]"|2023/2024|True|True
0|4193699|2023-12-15|17|Nottingham Forest|Tottenham Hotspur|0.0|2.0|1.35|1.57|"[0.08209486 0.02439317 0.02354925 0.02803863 0.21871582 0.04057261
 0.01323036 0.05615976 0.21925673 0.13203585 0.18470451 0.1138439
 0.09314751 0.02029974 0.12725262]"|"[0.0949124  0.13803609 0.17822915 0.21629061 0.04393366 0.3902182
 0.09399759 0.05594887 0.11113492 0.04798766 0.02675166 0.17350869]"|2023/2024|True|True
0|4193695|2023-12-16|17|Chelsea|Sheffield United|2.0|0.0|3.05|0.36|"[0.02780609 0.05559962 0.0192572  0.01462559 0.02739187 0.06094838
 0.02586064 0.47518209 0.89969116 0.09724485 0.04216577 0.87188029
 0.08785342 0.215625   0.1486484 ]"|[0.06605157 0.0210491  0.05737091 0.03610804 0.04639572 0.13149777]|2023/2024|True|True
0|4193697|2023-12-16|17|Manchester City|Crystal Palace|2.0|2.0|1.61|1.82|"[0.11011469 0.03828761 0.07884486 0.02035421 0.04836369 0.1895595
 0.0185867  0.3939853  0.17256434 0.01768508 0.03453626 0.03535513
 0.02677807 0.0227984  0.27630997 0.04426645 0.02091643 0.02974248
 0.02615915]"|[0.04016116 0.04697023 0.90633422 0.03407164 0.7884    ]|2023/2024|True|True
0|4193698|2023-12-16|17|Newcastle United|Fulham|3.0|0.0|3.51|0.28|"[0.00676891 0.10261054 0.1867905  0.0495656  0.08407921 0.24174769
 0.03130861 0.02296879 0.0495448  0.14939681 0.04143603 0.02433088
 0.02703723 0.05328571 0.09129618 0.06291107 0.21450992 0.87647712
 0.06397329 0.03393332 0.35635087 0.62433147 0.05885988 0.07726151
 0.06980737 0.02995984 0.1056446 ]"|[0.01611577 0.01614576 0.01588233 0.12030572 0.02216096 0.09414667]|2023/2024|True|True
0|4193694|2023-12-16|17|Burnley|Everton|0.0|2.0|0.71|1.46|"[0.11790504 0.09422296 0.07096474 0.11220491 0.02828326 0.03957871
 0.03134928 0.02208423 0.04367678 0.0163382  0.03872601 0.03006267
 0.05347687 0.01255151]"|"[0.04320397 0.24503641 0.26138857 0.02324189 0.06219965 0.44536516
 0.03255972 0.11238594 0.26627913]"|2023/2024|True|True
0|4193692|2023-12-17|17|Arsenal|Brighton & Hove Albion|2.0|0.0|2.34|0.69|"[0.15162528 0.02867746 0.05589378 0.08202338 0.0368923  0.03505438
 0.06236806 0.12085261 0.03910316 0.06932431 0.05446866 0.04279384
 0.0772811  0.01919666 0.05082766 0.30699602 0.02150131 0.0237481
 0.09095282 0.05128336 0.02939081 0.24066432 0.20348908 0.05281544
 0.32899937 0.05939699]"|[0.06605271 0.40662268 0.02576064 0.08087628 0.09155701 0.01620695]|2023/2024|True|True
0|4193693|2023-12-17|17|Brentford|Aston Villa|1.0|2.0|0.51|1.42|[0.21297561 0.03473571 0.11322676 0.14864461]|"[0.11429428 0.01572387 0.05736806 0.24065688 0.01756424 0.17014541
 0.08621693 0.03891049 0.06108361 0.01743712 0.03013279 0.02851112
 0.26549667 0.24751927 0.03385844]"|2023/2024|True|True
0|4193700|2023-12-17|17|West Ham United|Wolverhampton Wanderers|3.0|0.0|1.13|0.66|"[0.18668489 0.08850866 0.06325216 0.02689761 0.05076991 0.37190065
 0.01925055 0.04735713 0.06570337 0.0294897  0.06057799 0.03410563
 0.08737228]"|"[0.02535555 0.06591516 0.03851483 0.07281037 0.07236286 0.04735713
 0.15346278 0.04457046 0.01805924 0.03244039 0.02465698 0.02627647
 0.01945519 0.01867227]"|2023/2024|True|True
0|4193696|2023-12-17|17|Liverpool|Manchester United|0.0|0.0|2.38|0.75|"[0.02857768 0.05558467 0.1497533  0.0242615  0.11764207 0.40572101
 0.02867607 0.05188354 0.01619936 0.03686631 0.01018486 0.03589654
 0.04945047 0.06244868 0.08853151 0.04100979 0.02540098 0.11654582
 0.04276213 0.06186469 0.02081036 0.0908379  0.07073587 0.01207287
 0.12816946 0.04223868 0.1386717  0.02491634 0.02419575 0.04764511
 0.03672605 0.0414957  0.07008517 0.18283489]"|[0.02335311 0.04446151 0.15166804 0.29459232 0.22735354 0.07928939]|2023/2024|True|True
0|4193702|2023-12-21|18|Crystal Palace|Brighton & Hove Albion|1.0|1.0|1.35|1.19|"[0.03639995 0.02431239 0.2400194  0.06860936 0.06717723 0.09123291
 0.49842864 0.20373684 0.01380698 0.0592562  0.04746474]"|"[0.02153611 0.05488668 0.08076797 0.02471172 0.10940132 0.03320007
 0.12427355 0.08194403 0.02741464 0.07228085 0.0260608  0.14855905
 0.12770449 0.05632105 0.06416881 0.03284486 0.06255645 0.04455406]"|2023/2024|True|True
0|4193701|2023-12-22|18|Aston Villa|Sheffield United|1.0|1.0|0.86|0.58|"[0.014937   0.03857657 0.09652255 0.12887213 0.06181613 0.03707394
 0.02422186 0.0186022  0.08316693 0.17248441 0.00659729 0.17981578]"|[0.02229743 0.01382261 0.04211177 0.03164414 0.46617559]|2023/2024|True|True
0|4193709|2023-12-23|18|West Ham United|Manchester United|2.0|0.0|1.25|1.03|"[0.03824357 0.01995138 0.04103931 0.07456255 0.04417684 0.04263425
 0.09134416 0.03734748 0.61676961 0.20233108 0.0174591  0.15258789]"|"[0.02300123 0.52337825 0.02345303 0.01946462 0.08053777 0.05366192
 0.05292197 0.02060636 0.0231054  0.08524973 0.12079762]"|2023/2024|True|True
0|4193703|2023-12-23|18|Fulham|Burnley|0.0|2.0|1.42|0.37|"[0.05331087 0.07447907 0.07144787 0.03410649 0.03785187 0.04798756
 0.0476299  0.04990527 0.06527258 0.20985918 0.09174681 0.06180564
 0.00327261 0.03917124 0.09432635 0.09397496 0.25840956 0.04859062
 0.0410734 ]"|"[0.07205892 0.08229632 0.02336976 0.05570746 0.03384715 0.0422499
 0.06453514]"|2023/2024|True|True
0|4193705|2023-12-23|18|Luton Town|Newcastle United|1.0|0.0|1.49|1.5|"[0.02524741 0.03162562 0.01640719 0.10493807 0.46985328 0.01620695
 0.34776205 0.09904984 0.02687596 0.03558054 0.03660621 0.12762541
 0.04188426 0.02372971 0.04993214 0.03765085]"|"[0.09296784 0.08195075 0.11483182 0.06131676 0.4540087  0.03823071
 0.09079386 0.0907421  0.1091118  0.10156358 0.03025999 0.00809546
 0.07327594 0.04004634 0.11081284]"|2023/2024|True|True
0|4193707|2023-12-23|18|Nottingham Forest|AFC Bournemouth|2.0|3.0|1.02|1.61|"[0.11563645 0.17247798 0.03903321 0.04388258 0.02516784 0.37246999
 0.02857306 0.05379517 0.03847098 0.09224418 0.03904223]"|"[0.10479341 0.06992291 0.02754623 0.03829683 0.15771097 0.02545817
 0.10657324 0.06707829 0.13175504 0.02696112 0.03744476 0.1108438
 0.34900999 0.01541187 0.04426181 0.17131653 0.10225701 0.03774453]"|2023/2024|True|True
0|4193708|2023-12-23|18|Tottenham Hotspur|Everton|2.0|1.0|1.48|1.78|"[0.0502372  0.33509415 0.3691299  0.03334092 0.13471532 0.07215963
 0.11590302 0.01354503 0.10690629 0.02050261 0.0637518  0.06254897
 0.10185462]"|"[0.05242417 0.10670896 0.03011543 0.1741914  0.02041203 0.27996826
 0.06133517 0.12609614 0.20913148 0.10814946 0.04613522 0.04925908
 0.06736968 0.02062723 0.08565225 0.03504572 0.14804868 0.16263601]"|2023/2024|True|True
0|4193704|2023-12-23|18|Liverpool|Arsenal|1.0|1.0|0.97|0.74|"[0.09704963 0.027258   0.07886138 0.02743727 0.07586429 0.0837846
 0.02211929 0.0123155  0.0416981  0.02128878 0.41456732 0.03337744
 0.03050219]"|"[0.06031512 0.12740348 0.12410402 0.02006814 0.02917639 0.06026818
 0.13734592 0.04988698 0.04064209 0.02744731 0.02482042 0.02461156
 0.01289877]"|2023/2024|True|True
0|4193710|2023-12-24|18|Wolverhampton Wanderers|Chelsea|2.0|1.0|1.27|2.06|"[0.09764852 0.05421333 0.06195512 0.10925922 0.14952555 0.04660795
 0.22745842 0.03678576 0.075845   0.01076764 0.02677277 0.03764841
 0.04187566 0.30146056]"|"[0.14781018 0.02154814 0.03509859 0.09225963 0.58535922 0.05184182
 0.01846953 0.04160454 0.08853151 0.08989739 0.13151908 0.01696057
 0.04826055 0.15135346 0.01205102 0.52613956]"|2023/2024|True|True
0|4193719|2023-12-26|19|Newcastle United|Nottingham Forest|1.0|3.0|2.43|3.46|"[0.7884     0.0641255  0.02595466 0.03884964 0.04490715 0.06062553
 0.1355184  0.05751096 0.1016685  0.10554031 0.1422345  0.04153362
 0.25670058 0.25197443 0.13340583 0.11670096 0.05248384 0.04118451
 0.09161863]"|"[0.02844554 0.11507628 0.02013627 0.20492576 0.15387201 0.03091486
 0.9841674  0.06843445 0.18769699 0.11507628 0.54223257 0.70281297
 0.23007287 0.02098888 0.05452315]"|2023/2024|True|True
0|4193711|2023-12-26|19|AFC Bournemouth|Fulham|3.0|0.0|1.82|0.28|"[0.0231054  0.11660229 0.12914699 0.14054158 0.01049336 0.03337982
 0.03336633 0.14506452 0.043548   0.7884     0.10242932 0.03503672
 0.12873141 0.03509859 0.0133501  0.04655401]"|"[0.04396207 0.00683831 0.03600045 0.08919666 0.01528965 0.02915398
 0.02688257 0.02782595]"|2023/2024|True|True
0|4193720|2023-12-26|19|Sheffield United|Luton Town|2.0|3.0|2.59|0.63|"[0.03159283 0.04637777 0.14258553 0.04898755 0.02283177 0.02500739
 0.03401025 0.0898375  0.07008183 0.10338961 0.33715641 0.02013747
 0.46533969 0.48152065 0.32195911 0.24204563 0.37144837        nan
        nan 0.02553453 0.04973821 0.00724533 0.04932261]"|"[0.04298    0.05648365 0.07607336 0.03185385 0.08515174 0.05220896
 0.0389189  0.07468356 0.03033066 0.0350608  0.06067416 0.04735713]"|2023/2024|True|True
0|4193715|2023-12-26|19|Burnley|Liverpool|0.0|2.0|0.81|1.82|"[0.12224444 0.0305941  0.00863379 0.21577027 0.08105691 0.14216943
 0.02281984 0.04968413 0.13749601]"|"[0.04703521 0.04984468 0.06225949 0.20259348 0.20333004 0.0535875
 0.39816073 0.04518172 0.11902398 0.07984588 0.0447121  0.01197531
 0.05641267 0.07965045 0.01491749 0.01339591 0.15165249 0.10493807
 0.07765238]"|2023/2024|True|True
0|4193718|2023-12-26|19|Manchester United|Aston Villa|3.0|2.0|1.13|1.66|"[0.02495813 0.10502141 0.05428333 0.03637167 0.05212908 0.0588489
 0.06929753 0.01992807 0.32879892 0.04121178 0.15488295 0.09733904
 0.09043877]"|"[0.05869486 0.03069684 0.02588723 0.70394009 0.03924674 0.08202338
 0.07020701 0.10440362 0.09986678 0.44700059]"|2023/2024|True|True
0|4193713|2023-12-27|19|Brentford|Wolverhampton Wanderers|1.0|4.0|2.23|2.39|"[0.03873404 0.15104903 0.46905658 0.54024869 0.10916544 0.15027978
 0.27623862 0.29158482 0.0538447  0.0287489  0.07718538 0.0160652
 0.01535372 0.01726338]"|"[0.035484   0.0578234  0.31167313 0.99138814 0.03097066 0.43441287
 0.02325559 0.018171   0.10556034 0.3110114  0.06852244]"|2023/2024|True|True
0|4193716|2023-12-27|19|Chelsea|Crystal Palace|2.0|1.0|2.57|1.12|"[0.36211085 0.2891053  0.04746291 0.10745801 0.03226007 0.09322846
 0.6392116  0.20768179 0.7884    ]"|"[0.04499313 0.01174131 0.01104824 0.04752571 0.52915275 0.03869602
 0.09457451 0.03091715 0.07278666 0.0572949  0.10073636 0.03304395
 0.04665355]"|2023/2024|True|True
0|4193717|2023-12-27|19|Everton|Manchester City|1.0|3.0|0.98|2.6|"[0.0551705  0.57810014 0.02135333 0.02503192 0.03197685 0.03704122
 0.22938104]"|"[0.11730912 0.16474734 0.02611002 0.02862791 0.23233849 0.18067209
 0.01526195 0.03512934 0.03932776 0.10693507 0.12379862 0.02546443
 0.03561878 0.02524967 0.08611518 0.05519225 0.06554226 0.09677555
 0.7884     0.05411549 0.29743099 0.0320076  0.02641749]"|2023/2024|True|True
0|4193714|2023-12-28|19|Brighton & Hove Albion|Tottenham Hotspur|4.0|2.0|3.58|2.35|"[0.08109368 0.15514158 0.31251752 0.32505944 0.03646675 0.20782591
 0.19696814 0.7884     0.07966416 0.32689136 0.01362997 0.22428699
 0.05374613 0.02685784 0.7884    ]"|"[0.03874833 0.02043264 0.12456015 0.17783174 0.13361268 0.1330573
 0.05668216 0.19358462 0.25401121 0.03284128 0.10030302 0.60839689
 0.1421487  0.02947425 0.0584217  0.0704233  0.07231425 0.06811283
 0.04019341]"|2023/2024|True|True
0|4193712|2023-12-28|19|Arsenal|West Ham United|0.0|2.0|2.77|1.42|"[0.02900464 0.05365651 0.0184243  0.10263989 0.1029935  0.08481341
 0.21430773 0.6174832  0.03555254 0.02462119 0.02680791 0.02996414
 0.05825661 0.0168353  0.18216275 0.25045523 0.03579596 0.03377537
 0.11839867 0.19214611 0.0186577  0.04841468 0.08109366 0.03156186
 0.10466579 0.03859298 0.04715609 0.07093344 0.09631838 0.13550951]"|[0.01973204 0.36694333 0.03746295 0.1117923  0.09654561 0.7884    ]|2023/2024|True|True
0|4193725|2023-12-30|20|Luton Town|Chelsea|2.0|3.0|2.53|1.5|"[0.04982476 0.10285926 0.01909144 0.01893491 0.11073247 0.21197978
 0.0642212  0.06976133 0.55884695 0.19403408 0.12660083 0.21003342
 0.25440338 0.12942174 0.46525866]"|"[0.1186439  0.01922184 0.05397999 0.03773796 0.02374048 0.02763729
 0.06590424 0.02109232 0.05806787 0.01531799 0.96439362 0.08978155]"|2023/2024|True|True
0|4193721|2023-12-30|20|Aston Villa|Burnley|3.0|2.0|3.23|1.17|"[0.0615834  0.05832876 0.07239667 0.00970186 0.12274151 0.04581945
 0.92274708 0.02057759 0.05631902 0.03637095 0.07584418 0.0814309
 0.29938984 0.17591138 0.17517737 0.13240992 0.08486669 0.0148947
 0.7884    ]"|"[0.03553832 0.03858469 0.06621967 0.63805974 0.12026192 0.08008818
 0.04067501 0.06969472 0.07922714]"|2023/2024|True|True
0|4193722|2023-12-30|20|Crystal Palace|Brentford|3.0|1.0|0.98|1.39|"[0.02666007 0.20898117 0.03497558 0.09900334 0.02448784 0.05893194
 0.03829648 0.05998264 0.14192328 0.07726151 0.03824111 0.06858158
 0.10341083]"|"[0.42182085 0.03307324 0.15210874 0.03133443 0.07169799 0.019957
 0.03260773 0.60469472 0.02488709]"|2023/2024|True|True
0|4193726|2023-12-30|20|Manchester City|Sheffield United|2.0|0.0|2.21|0.31|"[0.0549733  0.08626552 0.10463029 0.22057708 0.01537075 0.01620695
 0.05077637 0.02457194 0.03097796 0.15366468 0.12104832 0.04113114
 0.04869793 0.91034412 0.13509154 0.05946404 0.0610363  0.07250264]"|[0.10054416 0.03800453 0.04774358 0.12677149]|2023/2024|True|True
0|4193730|2023-12-30|20|Wolverhampton Wanderers|Everton|3.0|0.0|1.99|0.46|"[0.10006353 0.01833532 0.03357108 0.30186427 0.05424533 0.85178113
 0.10239467 0.33807015 0.0437299  0.03570798 0.03944133 0.07055356]"|"[0.01614576 0.02058408 0.06712344 0.05291207 0.034813   0.01624981
 0.0443366  0.11487417 0.05162919 0.03664795]"|2023/2024|True|True
0|4193727|2023-12-30|20|Nottingham Forest|Manchester United|2.0|1.0|0.7|0.76|"[0.09188876 0.04189    0.07145225 0.02796073 0.01663492 0.09104342
 0.18588467 0.16851982]"|"[0.03797115 0.07221027 0.08774572 0.06130141 0.11043383 0.08598846
 0.03238934 0.07959099 0.05019328 0.13827068]"|2023/2024|True|True
0|4193723|2023-12-31|20|Fulham|Arsenal|2.0|1.0|1.22|1.64|"[0.11913936 0.07151479 0.06736436 0.04914896 0.03587501 0.22542246
 0.01174131 0.05026418 0.02062528 0.33364964 0.03797115 0.0563898
 0.03229919 0.03348628 0.07930783]"|"[0.04417902 0.06170148 0.89641035 0.12095166 0.04203621 0.16534781
 0.02770797 0.03004367 0.03910316 0.08360911 0.06853621 0.03870622
 0.07409069]"|2023/2024|True|True
0|4193728|2023-12-31|20|Tottenham Hotspur|AFC Bournemouth|3.0|1.0|2.32|1.68|"[0.08982126 0.10476554 0.01774851 0.09220713 0.04714154 0.49278396
 0.09298539 0.19091788 0.04943381 0.02808284 0.5233084  0.59092051]"|"[0.02018191 0.13096523 0.041104   0.0153762  0.0156232  0.02724287
 0.07633875 0.07239667 0.09426314 0.16587488 0.14201123 0.08332431
 0.07171635 0.25224659 0.03517952 0.02321369 0.02467777 0.1135462
 0.02335311 0.10751743 0.01163112 0.07217894 0.04022072 0.01898603]"|2023/2024|True|True
0|4193724|2024-01-01|20|Liverpool|Newcastle United|4.0|2.0|7.11|0.6|"[0.08801526 0.03729466 0.51627535 0.12104295 0.03124616 0.02393694
 0.7884     0.26806679 0.03546707 0.0675678  0.07066628 0.05247743
 0.04562046 0.01643474 0.49128392 0.06835176 0.00350832 0.03866167
 0.88733107 0.42852366 0.07446729 0.02260723 0.09121402 0.07627402
 0.02411268 0.17819631 0.20262417 0.02950872 0.96287394 0.54967922
 0.7884     0.03147568 0.18350725 0.10351022]"|[0.07673002 0.25424516 0.02254029 0.06970479 0.17749578]|2023/2024|True|True
0|4193729|2024-01-02|20|West Ham United|Brighton & Hove Albion|0.0|0.0|0.68|2.38|[0.0787786  0.09077921 0.10802455 0.02225135 0.01793061 0.3646709 ]|"[0.01996678 0.16792367 0.00992443 0.01623369 0.49058172 0.05886898
 0.070877   0.18890706 0.0354311  0.17695294 0.08068981 0.03556895
 0.10312692 0.10935926 0.09293909 0.21016596 0.0542012  0.09654996
 0.2227103  0.07351328 0.04010126 0.03344563]"|2023/2024|True|True
0|4193735|2024-01-12|21|Burnley|Luton Town|1.0|1.0|1.1|0.95|"[0.34560901 0.031945   0.04319669 0.011072   0.33021912 0.10759746
 0.01419616 0.06751611 0.03793094 0.03638425 0.02029974 0.03347989
 0.02246207]"|"[0.05964195 0.02400174 0.00755786 0.07406603 0.215433   0.07983458
 0.0377427  0.04992656 0.09517295 0.03349444 0.04008038 0.04697466
 0.05340976 0.13090853]"|2023/2024|True|True
0|4193736|2024-01-13|21|Chelsea|Fulham|1.0|0.0|2.19|0.86|"[0.12828076 0.01888424 0.08504753 0.04570175 0.04735713 0.0245325
 0.03289016 0.02690904 0.7884     0.03739683 0.35943329 0.02036021
 0.24316455 0.1046583  0.10479341 0.06622074 0.06407231]"|"[0.02980294 0.08775927 0.03080386 0.01180807 0.02299281 0.03332418
 0.08570383 0.14563622 0.0295464  0.07364844 0.01690308 0.16089579
 0.06097503 0.0658926 ]"|2023/2024|True|True
0|4193739|2024-01-13|21|Newcastle United|Manchester City|2.0|3.0|1.3|3.0|"[0.08761249 0.13480358 0.06387113 0.28527188 0.04990624 0.2166298
 0.06959681 0.05573596 0.13961245 0.05569061 0.0226448  0.11745214]"|"[0.17858763 0.12545542 0.04019341 0.0447121  0.00834742 0.14706685
 0.09413143 0.1200989  0.08549776 0.03665716 0.07594326 0.02577823
 0.06987024 0.06365336 0.0150468  0.11176652 0.01568578 0.041603
 0.09519369 0.25661871 0.1858747  0.09881768 0.07941792 0.03027868
 0.01566797 0.03473977 0.90464926]"|2023/2024|True|True
0|4193737|2024-01-14|21|Everton|Aston Villa|0.0|0.0|1.2|1.26|"[0.05459483 0.03735709 0.0751883  0.04226891 0.09031656 0.66430569
 0.11411582 0.04512409 0.04360485 0.03704457]"|"[0.0485976  0.07903188 0.09962368 0.13278775 0.02428307 0.01198522
 0.03466571 0.04885137 0.04258655 0.04493586 0.10212615 0.1221116
 0.07303839 0.08390226 0.25182474 0.05552031]"|2023/2024|True|True
0|4193738|2024-01-14|21|Manchester United|Tottenham Hotspur|2.0|2.0|0.75|1.23|"[0.06422056 0.04345349 0.02009421 0.0568316  0.09082699 0.01462127
 0.08110743 0.04246335 0.33782232]"|"[0.03501102 0.03611983 0.10019926 0.18923461 0.03084991 0.03449275
 0.04700089 0.08559451 0.21483652 0.05147476 0.11181378 0.0617387
 0.09082721 0.02179628 0.08818794 0.03526894]"|2023/2024|True|True
0|4193732|2024-01-20|21|Arsenal|Crystal Palace|5.0|0.0|3.21|0.35|"[0.08089949 0.15265749 0.07857263 0.01418855 0.5788     0.02175833
 0.01570304 0.17750359 0.03665641 0.04185817 0.19601795 0.03395097
 0.04910821 0.03772178 0.6607697  0.02978489 0.00506226 0.06123781
 0.04080132 0.20955867 0.52930123]"|"[0.01200132 0.05375757 0.00812874 0.01155121 0.02253564 0.01964574
 0.01556129 0.03454845 0.04533628 0.01921955 0.0470582  0.05860592]"|2023/2024|True|True
0|4193733|2024-01-20|21|Brentford|Nottingham Forest|3.0|2.0|1.2|1.22|"[0.0519857  0.01652236 0.11143157 0.17367527 0.23292744 0.21915053
 0.13986832 0.11121312 0.09420034 0.01826458 0.0306102 ]"|"[0.02853621 0.01902377 0.04544489 0.09375844 0.0200756  0.0191412
 0.2787737  0.35224751 0.14946483 0.08316693 0.10843177 0.01844914]"|2023/2024|True|True
0|4193740|2024-01-21|21|Sheffield United|West Ham United|2.0|2.0|2.51|2.34|"[0.01663696 0.02536128 0.0854038  0.03672036 0.0266177  0.03760029
 0.0417427  0.0569587  0.02270381 0.37195581 0.44631043 0.03482751
 0.02195925 0.03583996 0.0340931  0.39544106 0.07021172 0.0447121
 0.03587053 0.04387727 0.7884    ]"|"[0.06664053 0.01768508 0.07037718 0.16549604 0.21254796 0.09268738
 0.20389161 0.07660358 0.02808494 0.02502347 0.09158274 0.7884
 0.04989463 0.0497365  0.25301415 0.1518525 ]"|2023/2024|True|True
0|4193731|2024-01-21|21|AFC Bournemouth|Liverpool|0.0|4.0|1.37|1.57|"[0.0268838  0.07002778 0.0339112  0.13295223 0.02132702 0.0786509
 0.05911635 0.48075822 0.02503027 0.40900645 0.03082729]"|"[0.01701156 0.0192607  0.0189888  0.02983125 0.02115224 0.44269311
 0.17067808 0.07082099 0.16941705 0.04282098 0.0585556  0.09758844
 0.07700565 0.33520609]"|2023/2024|True|True
0|4193734|2024-01-22|21|Brighton & Hove Albion|Wolverhampton Wanderers|0.0|0.0|1.05|1.15|"[0.09430917 0.03177595 0.04801372 0.08998374 0.22429721 0.27085912
 0.14045782 0.1070492  0.0153558  0.01971557 0.01277771]"|"[0.03156543 0.06996812 0.19627129 0.1877     0.28145397 0.0354943
 0.32693973 0.06943244]"|2023/2024|True|True
0|4193744|2024-01-30|22|Nottingham Forest|Arsenal|1.0|2.0|0.47|1.17|"[0.02477287 0.02225672 0.03619308 0.01047375 0.02622369 0.14399482
 0.02762316 0.05556644 0.12378004]"|"[0.16255641 0.02387692 0.02750921 0.07970494 0.04353826 0.10450247
 0.11713445 0.05667603 0.12544097 0.08771255 0.03032196 0.05850801
 0.02996414 0.06636138 0.0199106  0.04661163 0.03994267 0.02431261
 0.02993557]"|2023/2024|True|True
0|4193742|2024-01-30|22|Fulham|Everton|0.0|0.0|1.64|2.14|"[0.0531497  0.02658033 0.04481659 0.02127926 0.11770033 0.07685404
 0.04019341 0.01282594 0.04848816 0.236947   0.01338012 0.02084769
 0.08208632 0.07882436 0.12306751 0.01669448 0.01678385 0.09581976
 0.16733594 0.02586368 0.06198138 0.0238458  0.07199835 0.0094769
 0.16802067]"|"[0.05838924 0.12079762 0.02672588 0.04374622 0.17550847 0.02727824
 0.0967421  0.13757861 0.02434908 0.02721516 0.03792767 0.09378207
 0.04621251 0.035484   0.31172779 0.08549776 0.0499661  0.14273199
 0.24931417 0.26132917 0.19745161]"|2023/2024|True|True
0|4193743|2024-01-30|22|Luton Town|Brighton & Hove Albion|4.0|0.0|3.21|0.94|"[0.09619229 0.43753862 0.99810421 0.02377282 0.05641267 0.05993886
 0.0688104  0.04631652 0.04815792 0.0203338  0.30601594 0.08742312
 0.06116745 0.03928063 0.65209329 0.12696025 0.03638632 0.0447121 ]"|"[0.07691148 0.03932539 0.09318685 0.05352461 0.033115   0.07464188
 0.13666378 0.25483868 0.21350104]"|2023/2024|True|True
0|4193748|2024-01-30|22|Crystal Palace|Sheffield United|3.0|2.0|1.15|0.76|"[0.06077091 0.01966994 0.62975132 0.04897683 0.03638327 0.02973159
 0.03998435 0.05064118 0.01930874 0.11821148 0.02804114 0.0651297 ]"|"[0.046668   0.14064598 0.01601213 0.04830276 0.0174156  0.2513414
 0.13167642 0.05119002 0.05928905]"|2023/2024|True|True
0|4193741|2024-01-30|22|Aston Villa|Newcastle United|1.0|3.0|1.46|2.63|"[0.02659108 0.07900348 0.15927045        nan 0.08497385 0.29187804
 0.11288725 0.08886281 0.38090998 0.02951543 0.01952731 0.16154854
 0.02143791]"|"[0.31925547 0.03670102 0.04035408 0.03250577 0.16664356 0.08262091
 0.18661936 0.01137319 0.69750166 0.04927372 0.23541887 0.0166773
 0.13874203 0.63695294]"|2023/2024|True|True
0|4193750|2024-01-31|22|Manchester City|Burnley|3.0|1.0|1.76|1.44|"[0.03232481 0.07327618 0.57530802 0.02126398 0.36285254 0.05432768
 0.0346742  0.11045234 0.04555898 0.07487167 0.04030858 0.10479341
 0.15213105 0.07309752]"|"[0.04340382 0.09796088 0.04123987 0.03171698 0.19514549 0.04802527
 0.03220719 0.95501822]"|2023/2024|True|True
0|4193745|2024-01-31|22|Tottenham Hotspur|Brentford|3.0|2.0|3.01|1.59|"[0.17798404 0.11926664 0.02017704 0.14726186 0.0346237  0.03748059
 0.0820076  0.51578623 0.93106079 0.0741992  0.08184191 0.39106199
 0.11798908 0.05118547 0.04882082 0.06871627 0.05689195 0.01938656
 0.03062043]"|"[0.14158867 0.19601923 0.088976   0.04494626 0.03694088 0.35653663
 0.50285196 0.06219527 0.19108033]"|2023/2024|True|True
0|4193749|2024-01-31|22|Liverpool|Chelsea|4.0|1.0|2.9|0.58|"[0.10126574 0.04328302 0.0279722  0.03978397 0.02772758 0.08641182
 0.0200594  0.0776174  0.04268166 0.31135908 0.02735417 0.10155524
 0.06947931 0.09266762 0.7884     0.01390192 0.02027175 0.04841468
 0.04647256 0.08168753 0.14383571 0.12889884 0.03977633 0.0204092
 0.02767933 0.41106811 0.03318683 0.03164837]"|[0.01845888 0.38149941 0.15114656 0.03166542]|2023/2024|True|True
0|4193746|2024-02-01|22|West Ham United|AFC Bournemouth|1.0|1.0|1.39|1.2|"[0.00974405 0.19391441 0.18266873 0.06043404 0.02037543 0.7884
 0.04774829 0.0511502  0.03171265]"|"[0.53224778 0.11183769 0.01833532 0.04019341 0.28784114 0.07007523
 0.03439042 0.04812948 0.06039057]"|2023/2024|True|True
0|4193747|2024-02-01|22|Wolverhampton Wanderers|Manchester United|3.0|4.0|2.2|3.34|"[0.02573889 0.03001223 0.05574463 0.05291207 0.09163906 0.14821538
 0.06749687 0.04352015 0.7884     0.04612437 0.02169172 0.04596465
 0.05606335 0.60212964 0.08073168 0.03872601]"|"[0.09607525 0.02323406 0.01221061 0.78844762 0.31060693 0.08248131
 0.0431813  0.02513671 0.28693384 0.07749987 0.34023389 0.01710675
 0.03001384 0.0259013  0.15728614 0.03522149 0.01831374 0.13427891
 0.05616695 0.69689596 0.08104698]"|2023/2024|True|True
0|4193757|2024-02-03|23|Everton|Tottenham Hotspur|2.0|2.0|2.62|0.98|"[0.0755017  0.02577823 0.04264535 0.87373245 0.6546917  0.02700891
 0.03772178 0.15989789 0.09595906 0.01603689 0.03053503 0.00934186
 0.28684345 0.86118263]"|"[0.58136559 0.04003583 0.03185508 0.04466034 0.0365997  0.04883308
 0.07351328 0.04190302 0.08103146]"|2023/2024|True|True
0|4193754|2024-02-03|23|Brighton & Hove Albion|Crystal Palace|4.0|1.0|1.43|0.3|"[0.32540929 0.03400286 0.02731999 0.0331234  0.072015   0.27033365
 0.05843566 0.01246185 0.01582672 0.00990681 0.01901164 0.50122058
 0.04639953]"|"[0.03379022 0.05777199 0.04029018 0.03521387 0.09819329 0.01529202
 0.01859126]"|2023/2024|True|True
0|4193755|2024-02-03|23|Burnley|Fulham|2.0|2.0|1.81|1.51|"[0.02778823 0.01105373 0.01692995 0.0706786  0.01517557 0.07576981
 0.017643   0.17994426 0.20330332 0.14047202 0.89241415 0.15844592]"|"[0.2511569  0.14089887 0.08153768 0.06930491 0.11076799 0.01795681
 0.02660129 0.04677006 0.07466943 0.19195411 0.16272096 0.08037967
 0.02606731 0.04609128 0.18783061]"|2023/2024|True|True
0|4193759|2024-02-03|23|Newcastle United|Luton Town|4.0|4.0|2.4|2.36|"[0.20668858 0.02211309 0.12508059 0.59741175 0.16849579 0.01816036
 0.0192572  0.07991847 0.03269875 0.07804187 0.12753235 0.32865137
 0.14042822 0.05170115 0.05981453 0.2002593  0.06240851 0.11467049
 0.04177436]"|"[0.02249875 0.03292038 0.48303488 0.04273813 0.04732858 0.68197292
 0.7884     0.11789107 0.07377534 0.04658293 0.05911635]"|2023/2024|True|True
0|4193760|2024-02-03|23|Sheffield United|Aston Villa|0.0|5.0|1.48|2.19|"[0.11922272 0.21322687 0.02090733 0.04046001 0.1446038  0.63733751
 0.16774988 0.22244863 0.13634785 0.04444633]"|"[0.03456251 0.01174131 0.03289644 0.35936937 0.98933023 0.09908003
 0.04847352 0.11572208 0.08361394 0.08234331 0.0993564  0.21136375
 0.19979559 0.1796084 ]"|2023/2024|True|True
0|4193751|2024-02-04|23|AFC Bournemouth|Nottingham Forest|1.0|1.0|1.27|0.53|"[0.04264084 0.9110254  0.23972964 0.01703095 0.02344463 0.01992182
 0.07143446 0.06825445 0.09563179]"|"[0.08952073 0.08851095 0.21520239 0.0425272  0.01317684 0.01559877
 0.03644226 0.02632324]"|2023/2024|True|True
0|4193756|2024-02-04|23|Chelsea|Wolverhampton Wanderers|2.0|4.0|1.74|2.0|"[0.2499665  0.0244923  0.33602852 0.04050632 0.0186577         nan
 0.16625766 0.0457565  0.07589844 0.22597374 0.03130257 0.21132563
 0.04642149 0.19649968 0.04408209 0.02248765]"|"[0.02900464 0.06270795 0.02342699 0.06026818 0.11668962 0.03297301
 0.08812389 0.12028427 0.05405148 0.13622487 0.16451579 0.10305766
 0.7884     0.21729992]"|2023/2024|True|True
0|4193758|2024-02-04|23|Manchester United|West Ham United|3.0|0.0|0.75|1.4|"[0.0137362  0.01214434 0.10947715 0.02191008 0.01542314 0.04746474
 0.03835066 0.01846001 0.07114482 0.1503911  0.18995129 0.06210307]"|"[0.02939674 0.18463081 0.0115961  0.09305891 0.04059073 0.12208056
 0.03504755 0.02083693 0.09010269 0.09239922 0.02150967 0.0444112
 0.07422798 0.12266896 0.13003834 0.0301321  0.03152853 0.09405927
 0.02732331 0.02725426 0.0282835  0.05261566]"|2023/2024|True|True
0|4193752|2024-02-04|23|Arsenal|Liverpool|3.0|1.0|3.5|0.37|"[0.72761226 0.55171257 0.43683603 0.14142494 0.05501284 0.03935526
 0.18559609 0.08421226        nan 0.0468835  0.09105319 0.02037938
 0.31152192 0.74615568 0.26102155 0.04126937]"|"[0.04752602 0.01638942 0.04219161 0.10393675 0.01620695 0.03767908
 0.04349992 0.01664539 0.02583688 0.02264431]"|2023/2024|True|True
0|4193753|2024-02-05|23|Brentford|Manchester City|1.0|3.0|1.04|2.09|"[0.2076268  0.15902425 0.09536545 0.04886586 0.19935301 0.07440313
 0.03201144 0.19525224 0.03118766]"|"[0.11644021 0.02455908 0.0495505  0.02815479 0.01606119 0.04242859
 0.01322606 0.47059247 0.02724287 0.03950878 0.06808212 0.08369869
 0.02845562 0.0244852  0.0331439  0.03521051 0.12555578 0.07921702
 0.17830753 0.02207692 0.04242597 0.04974636 0.29930481 0.13585475
 0.06058563]"|2023/2024|True|True
0|4193766|2024-02-10|24|Manchester City|Everton|2.0|0.0|1.63|0.32|"[0.04194438 0.05274858 0.01909241 0.13821578 0.03881219 0.03394938
 0.03329763 0.07558504 0.21047747 0.0351785  0.01221061 0.03581558
 0.02014508 0.02265462 0.02535097 0.04589437 0.46901175 0.11170528
 0.20613687]"|[0.19916104 0.04089264 0.03252798 0.02030849 0.02568877]|2023/2024|True|True
0|4193763|2024-02-10|24|Fulham|AFC Bournemouth|3.0|1.0|1.55|1.84|"[0.09469781 0.33088115 0.29068398 0.16184421 0.0351811  0.04649778
 0.59392422]"|"[0.05701849 0.10494866 0.04007698 0.02573087 0.04405641 0.43362811
 0.08202527 0.03899909 0.01090901 0.0251962  0.04789882 0.10866007
 0.03194923 0.03829442 0.032714   0.11435676 0.05934277 0.01230118
 0.03085636 0.20404059 0.03367437 0.01709605 0.02736797 0.1425526
 0.07896883]"|2023/2024|True|True
0|4193764|2024-02-10|24|Liverpool|Burnley|3.0|1.0|2.86|1.33|"[0.10985926 0.03109435 0.04893418 0.19964448 0.10373103 0.34103703
 0.02680096 0.08749685 0.06238961 0.03366274 0.48393837 0.01856387
 0.03839632 0.08242539 0.08078372 0.04329376 0.02179912 0.16094118
 0.03517907 0.02329635 0.10479341 0.09573649 0.03225052 0.51597363
 0.07771312]"|"[0.08568608 0.23072776 0.03226702 0.02756174 0.0190888  0.01327394
 0.47452718 0.1690049  0.35809717]"|2023/2024|True|True
0|4193765|2024-02-10|24|Luton Town|Sheffield United|1.0|3.0|1.88|1.81|"[0.13197623 0.017351   0.05046121 0.04774044 0.06038748 0.05344106
 0.06472448 0.7884     0.02096681 0.01386489 0.02512255 0.02912383
 0.06594204 0.01349471 0.16333914 0.03802074 0.01589624 0.02673396
 0.03093051 0.22645503]"|"[0.03650197 0.07254358 0.69668841 0.10479341 0.7884     0.09970008
 0.0102699 ]"|2023/2024|True|True
0|4193768|2024-02-10|24|Tottenham Hotspur|Brighton & Hove Albion|2.0|1.0|1.65|1.24|"[0.06051973 0.29687873 0.03411561 0.09590171 0.08404922 0.22398964
 0.06967744 0.03417405 0.05372773 0.03274146 0.00896374 0.0974054
 0.13483576 0.06233211 0.03271515 0.33520609]"|[0.06382954 0.7884     0.03261169 0.10337507 0.09296104 0.15433753]|2023/2024|True|True
0|4193770|2024-02-10|24|Wolverhampton Wanderers|Brentford|0.0|2.0|1.05|1.94|"[0.04578714 0.10200515 0.08026692 0.06135691 0.02735638 0.08193351
 0.13565451 0.04149448 0.04520478 0.15159135 0.04260719 0.14943168
 0.05404859 0.04425279 0.02261211 0.04509211 0.0396    ]"|"[0.0366809  0.29587618 0.09155394 0.14459924 0.01603149 0.18420905
 0.87117505 0.01956652 0.28509709]"|2023/2024|True|True
0|4193767|2024-02-10|24|Nottingham Forest|Newcastle United|2.0|3.0|1.5|0.48|"[0.25605294 0.37393141 0.44689363 0.02756711 0.01792586 0.04046537
 0.03566239 0.02832621 0.08817525 0.0646261  0.06278335 0.01988156
 0.03726754]"|"[0.0408488  0.02542681 0.19571826 0.00818364 0.09683727 0.01771197
 0.09985253]"|2023/2024|True|True
0|4193769|2024-02-11|24|West Ham United|Arsenal|0.0|6.0|0.22|3.59|[0.02682409 0.02798951 0.03671398 0.08879358 0.0414109 ]|"[0.11523315 0.05337559 0.04327433 0.02948537 0.24636231 0.18995461
 0.0440909  0.04811957 0.04548134 0.25040686 0.12276937 0.33284089
 0.7884     0.30735236 0.06467123 0.2057963  0.05576314 0.02726846
 0.17831767 0.0776706  0.19052218 0.02771156 0.05839765 0.06692652
 0.02277694]"|2023/2024|True|True
0|4193761|2024-02-11|24|Aston Villa|Manchester United|1.0|2.0|2.43|1.79|"[0.02883459 0.02637362 0.02438936 0.05901435 0.33949608 0.03558723
 0.04019341 0.13585475 0.04268071 0.1044395  0.37531441 0.00997702
 0.08478429 0.01896155 0.35662344 0.04122172 0.43552986 0.10911331
 0.18437465 0.12433519 0.02026417 0.01218141 0.03347348]"|"[0.10479341 0.03667523 0.17294636 0.02147341 0.01698377 0.73618716
 0.04558998 0.17799231 0.02188113 0.01165496 0.05248722 0.05675604
 0.0832997  0.01762714 0.06365336 0.13004194 0.05312281]"|2023/2024|True|True
0|4193762|2024-02-12|24|Crystal Palace|Chelsea|1.0|3.0|0.56|1.4|"[0.02817547 0.0359155  0.10178005 0.02536002 0.0222782  0.02267333
 0.0179442  0.0351079  0.05682094 0.05561576 0.07991847 0.03881022
 0.02149073]"|"[0.12915587 0.17036821 0.04331058 0.01761953 0.04260274 0.06282023
 0.02567809 0.02463193 0.0397053  0.06185371 0.18738455 0.04815308
 0.44062647 0.03185015]"|2023/2024|True|True
0|4193771|2024-02-17|25|Brentford|Liverpool|1.0|4.0|1.69|2.82|"[0.03599432 0.12606254 0.04476419 0.03387699 0.02110752 0.05009419
 0.04160979 0.03617378 0.00695784 0.12605609 0.24804623 0.04662082
 0.14676769 0.82949835 0.04455102]"|"[0.15335867 0.2997717  0.02839074 0.01293156 0.60973805 0.05264597
 0.38642347 0.33099231 0.05826569 0.02810926 0.0742002  0.09183747
 0.52527273 0.10135035 0.11205936]"|2023/2024|True|True
0|4193772|2024-02-17|25|Burnley|Arsenal|0.0|5.0|0.31|2.36|"[0.01009036 0.037221   0.02967632 0.03589171 0.04746474 0.03364323
 0.07293933 0.04252534]"|"[0.12505719 0.01400255 0.0186577  0.7884     0.02148396 0.10072363
 0.1076208  0.07310841 0.19730239 0.12581362 0.11665972 0.4392277
 0.01684443 0.04695821 0.11555471 0.05232675]"|2023/2024|True|True
0|4193774|2024-02-17|25|Fulham|Aston Villa|1.0|2.0|1.55|1.61|"[0.11454734 0.04621392 0.07581585 0.01656283 0.03770867 0.06731131
 0.02704253 0.09260083 0.08977684 0.09813046 0.28847367 0.0247718
 0.03040285 0.06521689 0.47829884]"|"[0.02839776 0.43871114 0.02032189 0.0462544  0.38312832 0.04151617
 0.06160652 0.09010661 0.23305278 0.05666478 0.12988578 0.08151697]"|2023/2024|True|True
0|4193777|2024-02-17|25|Newcastle United|AFC Bournemouth|2.0|2.0|2.23|2.22|"[0.1949898  0.04458163 0.03411882 0.07343107 0.04571519 0.04818962
 0.01726338 0.02628621 0.09464023 0.7884     0.03476349 0.06595839
 0.01503622 0.04019341 0.60476238 0.06774633 0.02936929]"|"[0.01021568 0.02440319 0.403822   0.71385181 0.01677091 0.82343447
 0.0326434  0.06407009 0.05145291 0.02861981 0.01640032 0.03055464]"|2023/2024|True|True
0|4193778|2024-02-17|25|Nottingham Forest|West Ham United|2.0|0.0|2.82|0.5|"[0.1284221  0.24236695 0.22610079 0.07425542 0.16558987 0.08480479
 0.03338146 0.33099231 0.02479376 0.23854116 0.01382216 0.02411382
 0.03164162 0.0160757  0.02718911 0.36243159 0.05633644 0.35396418
 0.35856882]"|"[0.0870539  0.02487036 0.11170528 0.05514922 0.08126826 0.04441289
 0.04709088 0.08173937 0.01551404 0.01422132]"|2023/2024|True|True
0|4193780|2024-02-17|25|Tottenham Hotspur|Wolverhampton Wanderers|1.0|2.0|1.62|1.75|"[0.01957176 0.04065526 0.03245278 0.17075181 0.075367   0.20981793
 0.21114258 0.04898745 0.11319561 0.0223986  0.04849629 0.07414268
 0.05957205 0.06130495 0.42898133]"|"[0.02942636 0.02307994 0.41063887 0.0728447  0.11573952 0.04430194
 0.32033187 0.34977251 0.22275388 0.04101079 0.0277584  0.10432819]"|2023/2024|True|True
0|4193776|2024-02-17|25|Manchester City|Chelsea|1.0|1.0|2.69|1.44|"[0.04148307 0.02639245 0.07654235 0.2256162  0.03510902 0.07902227
 0.0090423  0.04836338 0.04984232 0.04969026 0.13764338 0.10549347
 0.02200999 0.03299768 0.05301146 0.37322146 0.08574983 0.28165784
 0.06251302 0.06245756 0.02247144 0.02704757 0.01313104 0.38956887
 0.05225869 0.03601947 0.11521365 0.07237784 0.02096488 0.02616713
 0.06077818]"|"[0.02304071 0.39901519 0.13965034 0.11697338 0.09739635 0.30294812
 0.15341333 0.16219918 0.07143876]"|2023/2024|True|True
0|4193779|2024-02-18|25|Sheffield United|Brighton & Hove Albion|0.0|5.0|0.59|2.9|"[0.03449275 0.1305059  0.02852589 0.01541649        nan 0.3571471
 0.01082296]"|"[0.27611229 0.01280231 0.02653153 0.35079139 0.16251376 0.58377343
 0.0465888  0.59795886 0.05969086 0.01884768 0.02792838 0.07248098
 0.04284512 0.02402887 0.17672969 0.01926565 0.02166756 0.14660138
 0.02597358 0.11903249 0.04671377 0.04772766 0.09128572 0.03088273]"|2023/2024|True|True
0|4193775|2024-02-18|25|Luton Town|Manchester United|1.0|2.0|1.82|2.98|"[0.12084902 0.03903117 0.40180936 0.03046335 0.12078137 0.1120665
 0.09372927 0.02779122 0.027258   0.05866574 0.11607244 0.0865119
 0.03554188 0.02759969 0.04950897 0.03058974 0.16472785 0.1133052
 0.0199087  0.03910974 0.04019341 0.06328119]"|"[0.35650849 0.12078432 0.04894062 0.26754919 0.05722625 0.01478624
 0.02370674 0.1384322  0.06261043 0.10486633 0.11276344 0.03942723
 0.33104569 0.07359258 0.06292138 0.37004253 0.03728635 0.09225718
 0.51700032 0.08743428 0.05908024]"|2023/2024|True|True
0|4193773|2024-02-19|25|Everton|Crystal Palace|1.0|1.0|1.74|0.73|"[0.02244652 0.05199976 0.05373729 0.04553763 0.06893651 0.01367329
 0.04013086 0.03879004 0.01184587 0.0969146  0.01438059 0.59590816
 0.02326419 0.01398459 0.11133145 0.11583839 0.18363987 0.27975494
 0.0219667 ]"|"[0.1188755  0.16525553 0.0316844  0.02255841 0.08078168 0.11379951
 0.01489256 0.09469284 0.04782405 0.0411878 ]"|2023/2024|True|True
0|4193706|2024-02-20|18|Manchester City|Brentford|1.0|0.0|2.45|0.35|"[0.03016223 0.05004459 0.02875041 0.06590053 0.04836369 0.0609571
 0.04774519 0.30641413 0.2483539  0.02225672 0.16852671 0.05176916
 0.03583386 0.24256164 0.03126582 0.11951092 0.03201627 0.05066956
 0.05672505 0.05164358 0.3222045  0.02908706 0.04291335 0.19980232
 0.10453522]"|[0.0170849  0.01522645 0.1564144  0.05333653 0.08559924 0.0261066 ]|2023/2024|True|True
0|4193787|2024-02-21|26|Liverpool|Luton Town|4.0|1.0|3.32|0.92|"[0.21430556 0.02316983 0.1847095  0.04179916 0.03421918 0.04261332
 0.03718853 0.02119168 0.56981128 0.02514667 0.03398931 0.02300194
 0.02912579 0.16585986 0.1156317  0.02772268 0.05427661 0.04119182
 0.12178659 0.09654074 0.3270199  0.107591   0.04446579 0.05606318
 0.47317889 0.1080975  0.03215607 0.09242299 0.17711851]"|"[0.02336302 0.03739046 0.31670165 0.12699506 0.15668532 0.01218216
 0.04118941 0.03923924 0.05192108 0.0266654  0.05084695 0.05220021]"|2023/2024|True|True
0|4193783|2024-02-24|26|Aston Villa|Nottingham Forest|4.0|2.0|3.57|2.56|"[0.95244265 0.24337916 0.06515615 0.25087333 0.23365961 0.0539842
 0.11742059 0.21364394 0.10628358 0.93607205 0.06175749 0.10810113
 0.05242659 0.06282539 0.09411581 0.12053858]"|"[0.06749687 0.0135635  0.0201876  0.92515957 0.58967179 0.20538315
 0.03558693 0.19906576 0.13258624 0.37495038]"|2023/2024|True|True
0|4193784|2024-02-24|26|Brighton & Hove Albion|Everton|1.0|1.0|1.41|0.29|"[0.0265382  0.10335368 0.17771254 0.12418976 0.04587064 0.03060214
 0.0266831  0.04078573 0.04634024 0.05739829 0.01778516 0.08411028
 0.03789262 0.01978691 0.05428333 0.16977119 0.0259799  0.03930005
 0.03784177 0.03797115 0.0676772  0.09762658 0.04051544]"|[0.05259119 0.0419295  0.07200283 0.05388238 0.05551955 0.01393154]|2023/2024|True|True
0|4193786|2024-02-24|26|Crystal Palace|Burnley|3.0|0.0|2.4|0.08|"[0.05509567 0.02561881 0.19137356 0.03447601 0.15571918 0.0689111
 0.02841357 0.06205833 0.05571981 0.04962574 0.03003369 0.13012083
 0.51582247 0.7884     0.21241981]"|[0.05000836 0.03185216]|2023/2024|True|True
0|4193788|2024-02-24|26|Manchester United|Fulham|1.0|2.0|1.72|1.2|"[0.07809447 0.0674618  0.05914805 0.06121066 0.03115089 0.02229119
 0.02678701 0.01708568 0.02412618 0.03821826 0.01315702 0.03659588
 0.02965399 0.21450852 0.03515242 0.71448326 0.05820094 0.01526195
 0.0756327  0.0294177  0.04516329]"|"[0.02018786 0.0651319  0.0923321  0.07281519 0.01500291 0.0334712
 0.16770738 0.03712068 0.05305039 0.0231229  0.07995912 0.09854948
 0.07945087 0.0417104  0.07154968 0.05494659 0.10254779]"|2023/2024|True|True
0|4193781|2024-02-24|26|AFC Bournemouth|Manchester City|0.0|1.0|0.93|1.64|"[0.0516905  0.02175833 0.01494789 0.05601724 0.02853053 0.19906399
 0.12135982 0.09796765 0.04298034 0.09260308 0.03727021 0.0547601
 0.11660252]"|"[0.09652586 0.01992793 0.14216681 0.86140692 0.06040182 0.17712717
 0.03931187 0.03737298 0.0349571  0.10935716 0.02485307 0.03944133
 0.01108947 0.08656751 0.0184249 ]"|2023/2024|True|True
0|4193782|2024-02-24|26|Arsenal|Newcastle United|4.0|1.0|2.86|0.16|"[0.12257884 0.02288497 0.04176351 0.13282284 0.00874819 0.20711677
 0.01972161 0.47885278 0.25932685 0.03557434 0.05438796 0.64267379
 0.0337623  0.05139031 0.09613959 0.20071806 0.02944932 0.07668269]"|[       nan 0.04484172 0.0421238  0.07309554]|2023/2024|True|True
0|4193790|2024-02-25|26|Wolverhampton Wanderers|Sheffield United|1.0|0.0|1.31|0.58|"[0.01249594 0.04535449 0.1642057  0.28936762 0.031767   0.35358459
 0.01348691 0.14216907 0.07377703 0.07606259 0.03810417 0.01862321
 0.04682512]"|"[0.09689776 0.03301582 0.04604049 0.0708928  0.06923582 0.0384925
 0.00553021 0.05531815 0.05427323 0.00889463 0.08544055 0.01499587]"|2023/2024|True|True
0|4193789|2024-02-26|26|West Ham United|Brentford|4.0|2.0|1.69|0.91|"[0.01908513 0.0497708  0.45380765 0.02270729 0.31514466 0.1057428
 0.0484473  0.02963288 0.03133085 0.0235191  0.02225247 0.02422186
 0.02943628 0.42838877 0.041167   0.02513475 0.01971557]"|"[0.1234154  0.02043906 0.01446915 0.03548529 0.10395259 0.0177631
 0.10508189 0.05593263 0.07557417 0.07689246 0.07415211 0.08645348
 0.03651161 0.09393467]"|2023/2024|True|True
0|4193791|2024-03-02|27|Brentford|Chelsea|2.0|2.0|1.83|1.81|"[0.09153359 0.01519875 0.14795092 0.17545366 0.03676112 0.10569766
 0.55749029 0.08338897 0.08742511 0.02796591 0.2567552  0.07891881
 0.10121387 0.06668907]"|"[0.06095827 0.03677902 0.81343007 0.11938796 0.0747558  0.07772306
 0.0343778  0.02075147 0.03784589 0.01663696 0.15364717 0.02867315
 0.24144904 0.01498256 0.0167397  0.04999191 0.0141632 ]"|2023/2024|True|True
0|4193793|2024-03-02|27|Everton|West Ham United|1.0|3.0|2.73|1.87|"[0.02542681 0.01414949 0.1986018  0.02103612 0.7884     0.00635938
 0.08249962 0.35233891 0.50632995 0.01174131 0.03178719 0.24973722
 0.0579515  0.0490547  0.12444931 0.02908717 0.03074708 0.02873861
 0.02348159 0.05037869 0.0300671  0.01889444]"|"[0.02736548 0.08854137 0.14724113 0.03376446 0.03338286 0.04717397
 0.25574392 0.1330677  0.17012233 0.29003531 0.0489464  0.59802175]"|2023/2024|True|True
0|4193794|2024-03-02|27|Fulham|Brighton & Hove Albion|3.0|0.0|1.3|1.34|"[0.07186125 0.02339564 0.08310837 0.07825854 0.0811161  0.10852516
 0.03178689 0.12616934 0.06193385 0.06149978 0.12291744 0.44509086]"|"[0.01920418 0.03563767 0.05437864 0.05285946 0.02564141 0.01701004
 0.5482111  0.156984   0.0429056  0.05933167 0.03571093 0.03458124
 0.18244413 0.03017277 0.04092821]"|2023/2024|True|True
0|4193797|2024-03-02|27|Newcastle United|Wolverhampton Wanderers|3.0|0.0|2.19|0.8|"[0.11212651 0.65418798 0.23482309 0.07006244 0.0431065  0.06008311
 0.23567656 0.01505245 0.23151752 0.12074257 0.16749999 0.05566011
 0.02688118 0.16560899]"|"[0.05514922 0.03384178 0.02745431 0.05342873 0.10286564 0.10312692
 0.08000941 0.15672667 0.04213876 0.07571325 0.0358642  0.03014386]"|2023/2024|True|True
0|4193798|2024-03-02|27|Nottingham Forest|Liverpool|0.0|1.0|0.97|2.07|"[0.03140638 0.43562141 0.07151025 0.05081505 0.23163697 0.05295778
 0.02450964 0.07386161]"|"[0.02296704 0.01589098 0.21888939 0.03428803 0.05496902 0.10219415
 0.30214623 0.06511036 0.16904144 0.0189111  0.02185609 0.03063977
 0.03617897 0.06636138 0.34839502 0.12315246 0.05655525 0.08930745
 0.02180676 0.11101712 0.04992476 0.10546289]"|2023/2024|True|True
0|4193800|2024-03-02|27|Tottenham Hotspur|Crystal Palace|3.0|1.0|1.91|0.32|"[0.234006   0.02377282 0.03161223 0.06687452 0.13188913 0.06767306
 0.04805319 0.10452299 0.2103762  0.04072855 0.03737773 0.54268622
 0.1723811  0.20018978]"|[0.07991847 0.08558976 0.07247739 0.08341138]|2023/2024|True|True
0|4193795|2024-03-02|27|Luton Town|Aston Villa|2.0|3.0|1.77|1.95|"[0.04307164 0.09030978 0.04563412 0.03378852 0.05984366 0.0449966
 0.49543965 0.30272427 0.55043596 0.06279752 0.32979214 0.08806687
 0.02844941 0.0969146 ]"|"[0.51084334 0.21953711 0.12257538 0.09250602 0.10436063 0.09392992
 0.03515419 0.3284066  0.02950432 0.061046   0.07609356 0.27993184]"|2023/2024|True|True
0|4193792|2024-03-03|27|Burnley|AFC Bournemouth|0.0|2.0|1.49|1.12|"[0.04144966 0.04267771 0.18672921 0.0721764  0.10262305 0.04083648
 0.04595796 0.04763763 0.0857016  0.07889038 0.05030601 0.41803071
 0.02595722 0.02240671 0.0968214  0.01458706 0.04195829 0.04514432
 0.02419772 0.01737939]"|"[0.04283947 0.48563701 0.03701072 0.04338254 0.0186572  0.1925208
 0.10654805 0.07078645 0.07205892 0.05308652]"|2023/2024|True|True
0|4193796|2024-03-03|27|Manchester City|Manchester United|3.0|1.0|3.33|0.25|"[0.04397093 0.30295444 0.0941702  0.0707226  0.01959719 0.07545078
 0.47428882 0.03403501 0.08811703 0.0284369  0.30049717 0.10343672
 0.02667332 0.17499438 0.02626362 0.04851364 0.89072704 0.02722665
 0.03691063 0.02628807 0.02451182 0.02185901 0.13508882 0.02871162
 0.07802791 0.02519931 0.12482058]"|[0.0233074  0.18374527 0.04148851]|2023/2024|True|True
0|4193799|2024-03-04|27|Sheffield United|Arsenal|0.0|6.0|0.24|2.31|[       nan 0.04239407 0.09364957 0.06268831 0.04013086]|"[0.07149659 0.15463401 0.11089953 0.56151611 0.01831113 0.11429428
 0.01737939 0.06807139 0.02725386 0.09708793 0.07581677 0.12579399
 0.05162075 0.05213197 0.18746084 0.02306912 0.03900388 0.36212918
 0.04103212 0.04021924 0.02763987 0.05388238]"|2023/2024|True|True
0|4193808|2024-03-09|28|Manchester United|Everton|2.0|0.0|2.72|1.61|"[0.08818602 0.05171078 0.7884     0.11100237 0.04119784 0.07127405
 0.7884     0.03012281 0.04707799 0.04191144 0.14617696 0.0340004
 0.31733644 0.0168     0.0637    ]"|"[0.37970841 0.04976001 0.02490735 0.01694493 0.28278652 0.03024922
 0.06259212 0.02910616 0.03301942 0.04770019 0.12356936 0.01026993
 0.12629873 0.06858158 0.04441959 0.0263439  0.06232427 0.04599018
 0.02100722 0.0649     0.0552     0.0732     0.0323    ]"|2023/2024|True|True
0|4193801|2024-03-09|28|AFC Bournemouth|Sheffield United|2.0|2.0|3.35|1.25|"[0.0217332  0.02217744 0.05960999 0.7884     0.10148541 0.02038186
 0.01290413 0.12889919 0.11742059 0.03560694 0.13650157 0.07882878
 0.08508705 0.06475502 0.01662425 0.02141391 0.0224035  0.01790798
 0.02978489 0.03004367 0.38972747 0.22463621 0.02632074 0.21698706
 0.09868972 0.09159373 0.01206093 0.28174287 0.02508961 0.05593766
 0.05022097 0.06421144]"|"[0.04528713 0.01310119 0.06738186 0.23740213 0.06300652 0.22030948
 0.01411256 0.19960003 0.05111515 0.0219667  0.05573562 0.04080167
 0.23917556]"|2023/2024|True|True
0|4193806|2024-03-09|28|Crystal Palace|Luton Town|1.0|1.0|2.73|0.84|"[0.15260644 0.0189118  0.1802756  0.05852707 0.01429019 0.14660138
 0.06123625 0.02485919 0.39644447 0.37272468 0.26513958 0.08549776
 0.15546215 0.40999269 0.1161212  0.02087837 0.01528787 0.15731816
 0.04997017 0.05546446 0.02104333]"|"[0.04446458 0.05004545 0.02054003 0.3309288  0.16204949 0.05318021
 0.10161543 0.07919836]"|2023/2024|True|True
0|4193810|2024-03-09|28|Wolverhampton Wanderers|Fulham|2.0|1.0|0.83|2.7|"[0.03088626 0.23182289 0.18888733 0.01485724 0.07239761 0.06117744
 0.02329671 0.21068934]"|"[0.07012852 0.01265802 0.01217481 0.40378091 0.05407196 0.11636167
 0.01925299 0.21318427 0.0124617  0.05952917 0.08507959        nan
 0.13011384 0.0752623  0.26323202 0.27234614 0.04160454 0.17433286
 0.05247129 0.02364062 0.03843681 0.19652614 0.04426901 0.40376231]"|2023/2024|True|True
0|4193802|2024-03-09|28|Arsenal|Brentford|2.0|1.0|1.28|0.97|"[0.042288   0.06207934 0.0358887  0.06314353 0.11571946 0.02709798
 0.11428492 0.08706034 0.02906676 0.02213497 0.1517266  0.03856222
 0.02511994 0.16272123 0.01882609 0.24013227 0.04692622]"|"[0.02164343 0.05045143 0.01953333 0.34791502 0.02950959 0.05321604
 0.01262503 0.41321465 0.02648719]"|2023/2024|True|True
0|4193803|2024-03-10|28|Aston Villa|Tottenham Hotspur|0.0|4.0|0.83|1.55|"[0.03844079 0.04836369 0.20470785 0.1162049  0.03260496 0.04746474
 0.0261066  0.03097376 0.14109814 0.13964403]"|"[0.02190299 0.59819305 0.23547575 0.06244868 0.09871229 0.07078645
 0.19212626 0.05175296 0.21677679]"|2023/2024|True|True
0|4193804|2024-03-10|28|Brighton & Hove Albion|Nottingham Forest|1.0|0.0|0.43|0.7|"[0.04536393 0.01877505 0.08369218 0.02034355 0.0769864  0.06115004
 0.04351284 0.03536099 0.02497982 0.01946814]"|"[0.01639281        nan 0.34377596 0.01337349 0.03701072 0.03610804
 0.17753921 0.02167117 0.04898755 0.00889786]"|2023/2024|True|True
0|4193809|2024-03-10|28|West Ham United|Burnley|2.0|2.0|2.11|0.68|"[0.02441816 0.02281189 0.02769728        nan 0.53336674 0.03097786
 0.02606933 0.18872999 0.1173822  0.03274584 0.21539488 0.0664867
 0.0593738  0.14323197 0.09456136 0.04315173 0.04579778 0.0352257
 0.12529299 0.09646414 0.06879757 0.07131734 0.04432453]"|"[0.01691611 0.02790716 0.02744111 0.02653885 0.01577643 0.1210609
 0.06015663 0.02700891 0.07241579 0.09130914 0.1890572 ]"|2023/2024|True|True
0|4193807|2024-03-10|28|Liverpool|Manchester City|1.0|1.0|2.7|1.56|"[0.10822964 0.01217922 0.13969976 0.03932776 0.08334761 0.13361268
 0.03876783 0.7884     0.05060956 0.44422218 0.04021135 0.04699254
 0.03961582 0.34734511 0.02384789 0.01424716 0.03579619 0.17059456
 0.14093927]"|"[0.03835066 0.05606095 0.0421165  0.82618243 0.03662321 0.1017981
 0.04644881 0.3428148  0.02996414 0.03773796]"|2023/2024|True|True
0|4193805|2024-03-11|28|Chelsea|Newcastle United|3.0|2.0|1.57|0.74|"[0.05607503 0.28848436 0.02240372 0.05068041 0.04106751 0.02045024
 0.13330443 0.03970681 0.04518905 0.09138644 0.76116961 0.02446681]"|"[0.0240783  0.08457974 0.22197115 0.02693021 0.03751667 0.06345686
 0.02228932 0.08174917 0.06317838 0.05377565 0.05798179]"|2023/2024|True|True
0|4421797|2024-03-13|17|AFC Bournemouth|Luton Town|4.0|3.0|2.35|2.06|"[0.06252366 0.09349433 0.21772784 0.05722504 0.08462193 0.03426705
 0.07821383 0.07816187 0.02243385 0.01901324 0.02755842 0.00915385
 0.34951729 0.08413801 0.02621228 0.04438061 0.40174079 0.06174324
 0.01570507 0.07237219 0.02097938 0.20611228 0.08475184 0.21394449]"|"[0.55694109 0.22200617 0.52743369 0.13168207 0.04586832 0.3178938
 0.23877878 0.01589656]"|2023/2024|True|True
0|4193813|2024-03-16|29|Burnley|Brentford|2.0|1.0|2.77|1.16|"[0.7884     0.15098579 0.91072243 0.0235858  0.03045412 0.11725856
 0.06514998 0.02417152 0.03188368 0.03224721 0.12661725 0.0847414
 0.24850829 0.0282835  0.03612861 0.04999059 0.02327433]"|"[0.03743101 0.04480924 0.37713018 0.05551101 0.05286089 0.47979659
 0.0260857  0.05718816 0.03253028]"|2023/2024|True|True
0|4193817|2024-03-16|29|Luton Town|Nottingham Forest|1.0|1.0|0.58|1.98|"[0.06695329 0.02934914 0.01869773 0.0217332  0.09868972 0.04268188
 0.01310261 0.04019341 0.01693955 0.23007061]"|"[0.04126918 0.251993   0.03630641 0.10658269 0.15758292 0.49373785
 0.30827269 0.02785216 0.38376236 0.01847777 0.01706819 0.03113327
 0.01545243 0.049726   0.01909144 0.02338222]"|2023/2024|True|True
0|4193816|2024-03-16|29|Fulham|Tottenham Hotspur|3.0|0.0|2.76|2.41|"[0.04222918 0.16912757 0.15163523 0.13689423 0.14240763 0.02747142
 0.40128163 0.03519611 0.31601763 0.08339547 0.01578672 0.11251863
 0.96340632 0.04340491 0.06614579 0.16329333]"|"[0.10912003 0.08912476 0.1367598  0.13194914 0.03932776 0.03145802
 0.68004018 0.82735151 0.03173695 0.0282835  0.16016655 0.09399759
 0.03622416 0.01873009]"|2023/2024|True|True
0|4193819|2024-03-17|29|West Ham United|Aston Villa|1.0|1.0|2.02|0.66|"[0.0336029  0.03441057 0.12362545 0.41094455 0.13034829 0.04240939
 0.09855156 0.22893582 0.0983491  0.06345113 0.04114325 0.35654604
 0.35985142]"|"[0.03451989 0.03881137 0.04882601 0.02525084 0.0261195  0.01537004
 0.04525122 0.09101661 0.03058777 0.04269595 0.07230324 0.18251038
 0.00920996]"|2023/2024|True|True
0|4193827|2024-03-30|30|Newcastle United|West Ham United|4.0|3.0|4.07|1.42|"[0.7884     0.07147277 0.05737423 0.01950709 0.05234139 0.13757022
 0.02760683 0.05822643 0.05485635 0.03813961 0.06113175 0.06863172
 0.03583211 0.01877932 0.22455655 0.36687079 0.21841697 0.12341955
 0.18353833 0.7884     0.56805998 0.01402066 0.05171194 0.06098758]"|"[0.03727058 0.46334437 0.03659612 0.07832158 0.11444397 0.16247757
 0.20039064 0.02019432 0.22106983 0.08254701]"|2023/2024|True|True
0|4193821|2024-03-30|30|AFC Bournemouth|Everton|2.0|1.0|1.32|1.01|"[0.03967646 0.0893365  0.15325169 0.0268013  0.08654642 0.03334148
 0.05343313 0.05876391 0.12657072 0.0413221  0.62177742]"|"[0.09979629 0.14881752 0.05278759 0.00835747 0.00745716 0.26106459
 0.43197954        nan]"|2023/2024|True|True
0|4193824|2024-03-30|30|Chelsea|Burnley|2.0|2.0|4.26|1.64|"[0.01884178 0.04142788 0.06492762 0.04118663 0.01424948 0.140341
 0.17063734 0.02750516 0.42087299 0.08549776 0.06933656 0.13018365
 0.07358144 0.7884     0.23260069 0.02079782 0.10271513 0.02863721
 0.12639584 0.20306481 0.07577796 0.02032189 0.05479319 0.02576348
 0.09155067 0.05328118 0.37708238 0.02281189 0.37055206 0.18253471
 0.01533893 0.01904624 0.01831448]"|"[0.05642042 0.04816984 0.08364502 0.0309175  0.06012688 0.05448936
 0.07542961 0.04682512 0.04076932 0.07902685 0.02345846 0.04535108
 0.12364738 0.40179375 0.04492684 0.06113441 0.09774214 0.28688192]"|2023/2024|True|True
0|4193828|2024-03-30|30|Nottingham Forest|Crystal Palace|1.0|1.0|0.92|1.19|"[0.01091344 0.0215209  0.0401465  0.0453847  0.01967806 0.04019341
 0.09640826 0.01331255 0.47988003 0.06369894 0.07262842 0.0173025 ]"|"[0.13702573 0.10965723 0.4672763  0.10806728 0.03591638 0.10476418
 0.03610859 0.02219393 0.14413972 0.0251371 ]"|2023/2024|True|True
0|4193829|2024-03-30|30|Sheffield United|Fulham|3.0|3.0|1.88|1.3|"[0.02474957 0.00794042 0.06691177 0.03758047 0.55682427 0.02561557
 0.69720542 0.46813905]"|"[0.02508687 0.0036009  0.02659664 0.03285838 0.01927172 0.07677358
 0.31203803 0.02892674 0.02566958 0.02017736 0.12273251 0.01437155
 0.01772764 0.09786626 0.06988008 0.09216326 0.04892275 0.03286267
 0.01316485 0.01985955 0.09327553 0.03442807 0.02117204 0.07833879]"|2023/2024|True|True
0|4193830|2024-03-30|30|Tottenham Hotspur|Luton Town|2.0|1.0|2.99|0.52|"[0.0878345  0.38228291 0.26306918 0.11294366 0.2363164  0.0222644
 0.19302428 0.10054416 0.21747579 0.04312318 0.20757334 0.0169768
 0.12383797 0.73072261 0.03785071 0.22009496 0.02265536]"|"[0.1237433  0.19976167 0.08078621 0.03465608 0.02464824        nan
 0.04088352 0.01938656]"|2023/2024|True|True
0|4193822|2024-03-30|30|Aston Villa|Wolverhampton Wanderers|2.0|0.0|0.98|1.49|"[0.23363982 0.05206808 0.0701453  0.05843522 0.25656229 0.02694428
 0.06934525 0.11627827 0.05049504 0.0313734  0.01936564]"|"[0.04121549 0.01993701 0.14580178 0.69209492 0.0137761  0.0342822
 0.01747431 0.14336422 0.16756007 0.03631223 0.071692   0.05909691
 0.05145647]"|2023/2024|True|True
0|4193823|2024-03-30|30|Brentford|Manchester United|1.0|1.0|3.29|0.59|"[0.02180046 0.15741129 0.01009404 0.06434042 0.31060937 0.1259125
 0.02980294 0.01784025 0.08738073 0.02031396 0.25389171 0.09545615
 0.03834692 0.04297955 0.06636138 0.14259198 0.33374986 0.04656685
 0.05934954 0.11269914 0.15693486 0.04270098 0.26782322 0.02108221
 0.20660041 0.05331342 0.02524718 0.06865928 0.05817782 0.03729674
 0.35742477]"|"[0.02548415 0.05630357 0.01214199 0.02804633 0.02348222 0.15635018
 0.02735191 0.02211162 0.01959375 0.11374929 0.10546289]"|2023/2024|True|True
0|4193825|2024-03-31|30|Liverpool|Brighton & Hove Albion|2.0|1.0|2.83|0.45|"[0.0144023  0.04425946 0.02680228 0.0720747  0.06744003 0.03069142
 0.11175811 0.45784307 0.05837702 0.11687752 0.17519993 0.05980743
 0.01752079 0.04518324 0.02392296 0.02167269 0.0476299  0.03795792
 0.07473843 0.29201442 0.01535372 0.07551867 0.4443371  0.233254
 0.04746474 0.0138606  0.05650947 0.01965197 0.09466003 0.03687654]"|"[0.05300632 0.05114521 0.04818983 0.01513741 0.01948461 0.0157028
 0.05225735 0.14918493 0.0489328 ]"|2023/2024|True|True
0|4193826|2024-03-31|30|Manchester City|Arsenal|0.0|0.0|1.02|0.66|"[0.40918595 0.0910421  0.04225769 0.0261066  0.03265432 0.07351328
 0.07055259 0.03910316 0.03891962 0.04432198 0.04898456 0.10337105]"|[0.05641026 0.32867017 0.062052   0.05293915 0.09781148 0.060425  ]|2023/2024|True|True
0|4193838|2024-04-02|31|Newcastle United|Everton|1.0|1.0|2.44|1.44|"[0.33060896 0.04837329 0.02776781 0.41508701 0.02844848 0.0696146
 0.10280561 0.11089835 0.1305934  0.07991847 0.04722526 0.79490948
 0.04038034 0.06057735 0.13305011 0.0396087  0.00439791 0.02338154]"|"[0.04425946 0.25337288 0.03913091 0.12170811 0.0435285  0.04638233
 0.02876028 0.01395114 0.7884     0.06208215]"|2023/2024|True|True
0|4193835|2024-04-02|31|Nottingham Forest|Fulham|3.0|1.0|1.53|1.5|"[0.1348509  0.25073168 0.01710225 0.04030442 0.02569248 0.07983458
 0.06901004 0.43416545 0.01992298 0.08628967 0.03869843 0.03112981
 0.04351174 0.02826137 0.05366107 0.17896873]"|"[0.0231054  0.07917265 0.1723811  0.03614911 0.07458836 0.05534102
 0.06886667 0.10994291 0.28000334 0.06440159 0.08019079 0.07244095
 0.12355503 0.01656112 0.0368833  0.02026417 0.13080031 0.05983132]"|2023/2024|True|True
0|4193831|2024-04-02|31|AFC Bournemouth|Crystal Palace|1.0|0.0|1.1|0.19|"[0.02497821 0.05161997 0.02754623 0.08707211 0.14141174 0.13899964
 0.02949314 0.10248031 0.35755354 0.11045112 0.03030413]"|[0.12381224 0.03256583 0.03240259]|2023/2024|True|True
0|4193834|2024-04-02|31|Burnley|Wolverhampton Wanderers|1.0|1.0|1.34|0.9|"[0.04627388 0.0266831  0.11142097 0.32973519 0.02167839 0.0402385
 0.07008558 0.01633757 0.47633499 0.02339109 0.01665177 0.14043939
 0.0184243 ]"|"[0.07815086 0.18270306 0.06357494 0.0966005  0.14460731 0.24209787
 0.04648468 0.04715196]"|2023/2024|True|True
0|4193836|2024-04-02|31|West Ham United|Tottenham Hotspur|1.0|1.0|1.49|0.96|"[0.09349717 0.06150674 0.26693252 0.05675604 0.03239655 0.14064851
 0.0447121  0.0172496  0.57767171 0.18188754 0.01761953]"|"[0.37781101 0.01976495 0.04476344 0.03493917 0.05546773 0.08350107
 0.0471132  0.04838945 0.03244834 0.03174957 0.03144844 0.02082199
 0.13100477]"|2023/2024|True|True
0|4193832|2024-04-03|31|Arsenal|Luton Town|2.0|0.0|0.73|0.34|"[0.02667025 0.02753456 0.0202919  0.05941835 0.02779005 0.1137396
 0.13769057 0.11129794 0.10905691 0.03890007 0.02531173 0.04727408
 0.02405624]"|[0.0375254         nan 0.05938646 0.05247672 0.02683746 0.16533002]|2023/2024|True|True
0|4193833|2024-04-03|31|Brentford|Brighton & Hove Albion|0.0|0.0|0.57|1.14|[0.1743999  0.3131333  0.02215264 0.03384261 0.02471318]|"[0.01879147 0.04643078 0.04619005 0.04849629 0.03666139 0.02563478
 0.02362974 0.02474333 0.01332044 0.07418567 0.04548955 0.052338
 0.03404623 0.03103301 0.04647054 0.02797393 0.02437798 0.16442496
 0.03082637 0.01725072 0.0568316  0.07273975 0.02629389 0.14785641]"|2023/2024|True|True
0|4193840|2024-04-03|31|Manchester City|Aston Villa|4.0|1.0|3.46|0.77|"[0.19329453 0.01062556 0.14915229 0.04019341 0.02261407 0.29899979
 0.06441742 0.0899971  0.11080939 0.52681428 0.05626813 0.56602412
 0.04019341 0.04495487 0.25961244 0.13585475 0.18122381 0.06552032
 0.05936823 0.04084611 0.02876061 0.10138948 0.12079762 0.07854705
 0.16938278]"|"[0.01760514 0.06215651 0.2147918  0.05319059 0.19115065 0.06830835
 0.09007274 0.06959461]"|2023/2024|True|True
0|4193839|2024-04-04|31|Liverpool|Sheffield United|3.0|1.0|1.83|0.59|"[0.06383618 0.10780475 0.02894399 0.02489984 0.11626545 0.01952006
 0.09387959 0.05353168 0.0314498  0.06270795 0.05095499 0.06042263
 0.03367072 0.02448035 0.0213459  0.05320955 0.01196224        nan
 0.04394214 0.05076801 0.04782208 0.1318212  0.02480326 0.05800997
 0.04667173 0.08114113 0.13770051 0.06581645 0.05923618 0.22082829]"|[0.45996994 0.04324666 0.02574033 0.04618586 0.01512664]|2023/2024|True|True
0|4193837|2024-04-04|31|Chelsea|Manchester United|4.0|3.0|3.02|1.47|"[0.1083781  0.02010958 0.05140724 0.7884     0.02643235 0.05209265
 0.07936317 0.07654959 0.04327255 0.04263738 0.20981544 0.08339533
 0.10320517 0.05924184 0.03008077 0.04696015 0.03681752 0.02870805
 0.03477778 0.08689567 0.0266021  0.04695666 0.02015184 0.04677386
 0.02327976 0.7884     0.02077272 0.03606525]"|"[0.05784826 0.01871587 0.01976495 0.06798588 0.04923328 0.02898587
 0.02037817 0.02615439 0.26235032 0.03150884 0.02951048 0.24254057
 0.02283444 0.05949529 0.02689162 0.1038294  0.06043833 0.09010661
 0.25605497]"|2023/2024|True|True
0|4193843|2024-04-06|32|Crystal Palace|Manchester City|2.0|4.0|1.08|1.91|"[0.40262392 0.05492443 0.08323906 0.08522398 0.04023271 0.38672835
 0.02359336]"|"[0.33532774 0.0641072  0.04330471 0.10779987 0.01919953 0.31458086
 0.01877932 0.04571891 0.06617393 0.11614236 0.26429978 0.0186629
 0.0216211  0.28351557 0.0537878  0.03295499 0.05111792 0.05373414]"|2023/2024|True|True
0|4193841|2024-04-06|32|Aston Villa|Brentford|3.0|3.0|1.52|1.56|"[0.02525565 0.05952584 0.23169428 0.41930747 0.01820651 0.14142713
 0.05165515 0.23233859 0.07596187 0.16268335 0.0983742 ]"|"[0.0594629  0.04518691 0.0995623  0.45330036 0.1718832  0.03881793
 0.0130458  0.68232965]"|2023/2024|True|True
0|4193844|2024-04-06|32|Everton|Burnley|1.0|0.0|0.94|0.46|"[0.01103595 0.0189976  0.01706457 0.06982765 0.07741719 0.22121418
 0.17940347 0.03522149 0.05892906 0.18453391 0.02047324 0.04579171]"|[0.09173664 0.09008459 0.03019564 0.21343479 0.01712523 0.01946048]|2023/2024|True|True
0|4193845|2024-04-06|32|Fulham|Newcastle United|0.0|1.0|1.26|0.97|"[0.03796127 0.01623369 0.0620985  0.05816344 0.07829372 0.10921481
 0.12386779 0.12030649 0.04013097 0.36777812 0.02062116 0.12993282
 0.05650525 0.03686381]"|"[0.02710202 0.06810869 0.02385161 0.03163151 0.02237248 0.05839033
 0.08820429 0.17383587 0.11323643 0.05411549 0.12012517 0.19470185]"|2023/2024|True|True
0|4193846|2024-04-06|32|Luton Town|AFC Bournemouth|2.0|1.0|1.46|0.41|"[0.02515693 0.10996561 0.05370411 0.02835525 0.04332152 0.022416
 0.08228891 0.06144447 0.01911964 0.03513269 0.02967172 0.05298489
 0.04514508 0.20259348 0.02385869 0.014706   0.08020473 0.02335311
 0.50998867]"|"[0.03308596 0.01894974 0.04995164 0.06313969 0.06252366 0.03109919
 0.07386428 0.0750173 ]"|2023/2024|True|True
0|4193850|2024-04-06|32|Wolverhampton Wanderers|West Ham United|1.0|2.0|1.47|1.16|"[0.01584328 0.04984074 0.3007234  0.02233964 0.03042326 0.06938617
 0.01927763 0.01623369 0.7884     0.04036101 0.05320736 0.01620695
 0.02678702 0.019455  ]"|"[0.01549985 0.02697568 0.0290734  0.04562039 0.14044048 0.01125972
 0.7884     0.04107598 0.01013938 0.02291435 0.03287123]"|2023/2024|True|True
0|4193842|2024-04-06|32|Brighton & Hove Albion|Arsenal|0.0|3.0|0.53|3.39|"[0.05298727 0.01843429 0.05569218 0.06162404 0.02075154 0.04820053
 0.02805118 0.017761   0.07553898 0.14771862]"|"[0.33160821 0.15245906 0.10427867 0.17502044 0.02122973 0.13091949
 0.7884     0.24348065 0.04412535 0.03146665 0.05246815 0.0368217
 0.11159681 0.46473393 0.02193673 0.09234907 0.33306766 0.04162798
 0.11237415 0.10283383]"|2023/2024|True|True
0|4193847|2024-04-07|32|Manchester United|Liverpool|2.0|2.0|0.7|3.67|"[0.03683166 0.03757621 0.0229718  0.17123452 0.05475376 0.04158723
 0.22774564 0.04969923 0.05965584]"|"[0.46858791 0.04048486 0.02974021 0.14724113 0.01894974 0.27257195
 0.03849705 0.21832965 0.01854926 0.1236936  0.02841301 0.05315381
 0.12108335 0.11557666 0.0530346  0.01556129 0.07945412 0.17198986
 0.02064197 0.10261054 0.04861588 0.0329253  0.02973891 0.16384996
 0.15581051 0.7884     0.31380963 0.02892674]"|2023/2024|True|True
0|4193848|2024-04-07|32|Sheffield United|Chelsea|2.0|2.0|1.38|0.35|"[0.19130933 0.03416513 0.04095528 0.08927289 0.02783662 0.09807082
 0.19523576 0.02588648 0.01442232 0.0613697  0.60411763]"|[0.03313631 0.00889095 0.04458475 0.08334351 0.05340161 0.02032791]|2023/2024|True|True
0|4193849|2024-04-07|32|Tottenham Hotspur|Nottingham Forest|3.0|1.0|1.55|1.55|"[0.02078421 0.02372584 0.05493549 0.03892615 0.04371998 0.02100382
 0.53220677 0.06605157 0.0393009  0.31027749 0.0529217  0.11299223
 0.03069652 0.02663819 0.04910355 0.09660928 0.03412833]"|"[0.05596355        nan 0.03590045 0.07571319 0.14518403 0.57989883
 0.04136234 0.08202338 0.45001769 0.01928733 0.01414949 0.06323434
 0.07445835 0.01948283]"|2023/2024|True|True
0|4193858|2024-04-13|33|Newcastle United|Tottenham Hotspur|4.0|0.0|2.88|0.77|"[0.03790192 0.10678103 0.17526783 0.03585697 0.5314979  0.49564674
 0.13023642 0.09598897 0.10479341 0.10742383 0.0556288  0.61634147
 0.07222979 0.10479341 0.01698321 0.02060776 0.12346458 0.05025349]"|"[0.0977459  0.24896592 0.01915154 0.20255199 0.04179366 0.02128878
 0.02514667 0.0293831  0.02631504 0.02585565 0.03431676]"|2023/2024|True|True
0|4193853|2024-04-13|33|Brentford|Sheffield United|2.0|0.0|1.02|0.84|"[0.08117477 0.04353917 0.04431262 0.01663696 0.41010317 0.06627433
 0.03473571 0.28652129 0.03664139]"|"[0.0373227  0.41455948 0.04972056 0.01457688 0.05002453        nan
 0.09345844 0.06718884 0.11290098]"|2023/2024|True|True
0|4193854|2024-04-13|33|Burnley|Brighton & Hove Albion|1.0|1.0|1.71|0.86|"[0.06105456 0.44016263 0.06868934 0.02904097 0.67632079 0.04668616
 0.04693492 0.06695329 0.2297508         nan 0.01921429 0.02680228]"|"[0.03542515 0.03006267 0.07966377 0.09315593 0.04578635 0.02119453
 0.04126277 0.06076113 0.05235767 0.04085099 0.02740922 0.02171308
 0.03932776 0.04794388 0.0387863  0.01412886 0.02600063 0.0359451
 0.06339871 0.05411549]"|2023/2024|True|True
0|4193857|2024-04-13|33|Manchester City|Luton Town|5.0|1.0|4.32|0.51|"[0.33168197 0.21178459 0.15453789 0.07236286 0.07068258 0.15022703
 0.40512335 0.02106686 0.04647134 0.01796912 0.15344548 0.04509051
 0.14690527 0.03492727 0.0318018  0.02643161 0.09515476 0.06533867
 0.02399932 0.13114756 0.03007946 0.07597683 0.04253976 0.04292246
 0.06213018 0.055785   0.02689856 0.03353044 0.02980294 0.7884
 0.03646513 0.13332684 0.07928755 0.43537527 0.24283621 0.07901195
 0.06052718]"|[       nan 0.09373423 0.17056872 0.07754468 0.16842297]|2023/2024|True|True
0|4193859|2024-04-13|33|Nottingham Forest|Wolverhampton Wanderers|2.0|2.0|1.92|1.09|"[0.02069933 0.01135768 0.03953897 0.11253732 0.05875644 0.02647756
 0.09036872 0.13652818 0.11336395 0.12407234 0.77070481 0.19420214
 0.02744015 0.00936163 0.06638368 0.01205102 0.08438028 0.02421605]"|"[0.02032189 0.01318975 0.01839805 0.08172578 0.16051887 0.04321221
 0.13619354 0.01764683 0.47097531 0.23110534 0.01546004]"|2023/2024|True|True
0|4193851|2024-04-13|33|AFC Bournemouth|Manchester United|2.0|2.0|1.64|1.26|"[0.01752695 0.02681372 0.11066999 0.09630483 0.03259636 0.03829442
 0.07609356 0.06019523 0.02874604 0.24013932 0.41058555 0.22964147
 0.07284182 0.09979629 0.11956198 0.01553431 0.04837035 0.02212458
 0.01037883 0.09519369]"|"[0.12109188 0.03713954 0.14881253 0.01620695 0.0202919  0.02047912
 0.7884     0.02266311]"|2023/2024|True|True
0|4193856|2024-04-14|33|Liverpool|Crystal Palace|0.0|1.0|2.81|1.98|"[0.05424526 0.14572829 0.0572124  0.23592803 0.14100054 0.12312786
 0.03210002 0.04013192 0.13458586 0.20239329 0.01630674 0.05424538
 0.02696467 0.03246798 0.45356938 0.03663353 0.52105439 0.04248734
 0.12561783 0.03532555 0.36188066]"|"[0.05803766 0.52854985 0.43114015 0.02974101 0.04630817 0.12723187
 0.07928313 0.5702486 ]"|2023/2024|True|True
0|4193860|2024-04-14|33|West Ham United|Fulham|0.0|2.0|0.93|3.29|"[0.21495375 0.03587213 0.05174517 0.04634196 0.01512926 0.02183969
 0.06784887 0.03051852 0.05816232 0.09389444 0.05518096 0.06132995
 0.1176232  0.03510142 0.02348222]"|"[0.43027183 0.36941746 0.02883984 0.0505653  0.04706359 0.09293909
 0.05292111 0.16678512 0.05193343 0.05458741 0.23610605 0.21734449
 0.12938929 0.84281528 0.0938544  0.23007287 0.14125036 0.0490681 ]"|2023/2024|True|True
0|4193852|2024-04-14|33|Arsenal|Aston Villa|0.0|2.0|1.64|0.94|"[0.09350307 0.12253207 0.08735869 0.06613661 0.06841197 0.06871627
 0.0280538  0.02027718 0.04694456 0.11403812 0.04608979 0.51383287
 0.27388385 0.04034747 0.06564697 0.0196358  0.07420113 0.02759969]"|"[0.03284001 0.01628045 0.04784897 0.02623362 0.07505931 0.10495955
 0.04439721 0.02291049 0.01954784 0.34536928 0.2008757 ]"|2023/2024|True|True
0|4193855|2024-04-15|33|Chelsea|Everton|6.0|0.0|3.08|1.48|"[0.06695329 0.11115751 0.35491133 0.9169336  0.05075248 0.31838962
 0.03024922 0.07076348 0.40758097 0.01841283 0.7884     0.10851353
 0.02833707 0.13856819]"|"[0.07586124 0.95316142 0.17617097 0.01815413 0.03287589 0.02709576
 0.06042581 0.06080509 0.01873917 0.05875379]"|2023/2024|True|True
0|4193866|2024-04-20|34|Luton Town|Brentford|1.0|5.0|0.59|3.14|[0.02857459 0.04471828 0.12213135 0.07609356 0.01890685 0.29515249]|"[0.05132404 0.15251273 0.32547072 0.02742052 0.07552177 0.05561233
 0.17258824 0.073541   0.57422161 0.0655706  0.09189216 0.09782161
 0.63166755 0.04252224 0.06474746 0.07001048 0.43930987 0.01574577
 0.02129559 0.07339011 0.01670224]"|2023/2024|True|True
0|4193868|2024-04-20|34|Sheffield United|Burnley|1.0|4.0|2.43|2.18|"[0.57422161 0.03166416 0.23933738 0.27112508 0.07408947 0.04634283
 0.0862942  0.03187334 0.11584496 0.15894848 0.14465575 0.05704985
 0.01483707 0.12096688 0.31020826 0.13383578 0.02761402 0.00973237]"|"[0.04535012 0.28096938 0.03387861 0.21133953 0.07176981 0.01701004
 0.04346214 0.13573754 0.04672877 0.05450437 0.26179126 0.04577661
 0.0754647  0.08082391 0.1104207  0.66126561]"|2023/2024|True|True
0|4193870|2024-04-20|34|Wolverhampton Wanderers|Arsenal|0.0|2.0|0.17|1.18|[0.02348222 0.06359348 0.01873009 0.02201853 0.01703309]|"[0.08370549 0.03389573 0.05399907 0.04849724 0.02596246 0.07573932
 0.0865096  0.06814735 0.07169367 0.02400136 0.00792996 0.05562065
 0.03217274 0.05090104 0.02211929 0.01347156 0.01529393 0.11002599
 0.06510402 0.03190027 0.01856093 0.09221989 0.04485437 0.08324327]"|2023/2024|True|True
0|4193864|2024-04-21|34|Everton|Nottingham Forest|2.0|0.0|0.34|0.95|"[0.0358585  0.04964668 0.04455187 0.08197918 0.02623362 0.06062847
 0.04247214]"|"[0.06627287 0.03683239 0.0307847  0.20413671 0.14236555 0.34024009
 0.02017392 0.13563888]"|2023/2024|True|True
0|4193861|2024-04-21|34|Aston Villa|AFC Bournemouth|3.0|1.0|2.51|1.77|"[0.04142788 0.01955471 0.21780673 0.0231054  0.05188032 0.19751652
 0.05706701 0.03662321 0.04023504 0.60440856 0.01067107 0.01170554
 0.06509247 0.14415519 0.98888993]"|"[0.02669859 0.17199451 0.03110274 0.7884     0.0599876  0.04348159
 0.03996507 0.1050983  0.04093321 0.01902377 0.0767035  0.01983704
 0.15603605 0.22313417]"|2023/2024|True|True
0|4193863|2024-04-21|34|Crystal Palace|West Ham United|5.0|2.0|2.36|1.27|"[0.18192285 0.06250134 0.06205833 0.13691308 0.35515332 0.02237248
 0.04430756 0.09403639 0.07169799 0.01773692 0.54766744 0.05946965
 0.31829637 0.11578159 0.12833814 0.13228902 0.02037663 0.03436863
        nan]"|[       nan 0.04265955 0.78022289 0.41777459 0.03156396]|2023/2024|True|True
0|4193865|2024-04-21|34|Fulham|Liverpool|1.0|3.0|0.8|1.0|"[0.00852566 0.03411659 0.06358329 0.16007227 0.04846337 0.11003667
 0.13418886 0.0331207  0.04468302 0.05551169 0.08109812 0.03498034]"|"[0.09812016 0.0120792  0.03005377 0.2479001  0.07120724 0.06441742
 0.03171146 0.09980665 0.07351328 0.04542782 0.03741194 0.04476758
 0.11399432 0.0336455 ]"|2023/2024|True|True
0|4193811|2024-04-23|29|Arsenal|Chelsea|5.0|0.0|3.42|1.68|"[0.12598924 0.06687495 0.2944271  0.03200758 0.0692637  0.04511283
 0.01944756 0.02958465 0.12895921 0.27869552 0.04385733 0.0105781
 0.03839301 0.06399488 0.05795874 0.41521743 0.05102807 0.24105971
 0.38778451 0.11339802 0.03713743 0.02760451 0.09408987 0.07217095
 0.05475376 0.208196   0.41483238]"|"[0.02583474 0.06770469 0.90125996 0.06831702 0.09261596 0.47220188
 0.04947636]"|2023/2024|True|True
0|4193820|2024-04-24|29|Wolverhampton Wanderers|AFC Bournemouth|0.0|1.0|0.56|1.96|"[0.06270795 0.08513697 0.04499036 0.02394113 0.02693365 0.03901483
 0.02457194 0.0399302  0.01805255 0.05964195 0.01477955 0.01438561
 0.03543281 0.0277189  0.04033672]"|"[0.05018188 0.09524176 0.09957466 0.07624917 0.01902377 0.04314663
 0.1310581  0.07825892 0.27863345 0.07561625 0.17630248 0.02949056
 0.37949136 0.03007566 0.03048798 0.02470466 0.04245403 0.04019341
 0.16438197 0.06736436 0.02782833]"|2023/2024|True|True
0|4193814|2024-04-24|29|Crystal Palace|Newcastle United|2.0|0.0|0.89|0.36|"[0.0621922  0.01838934 0.05981453 0.02513831 0.01077797 0.01535372
 0.02500299 0.01951313 0.00772887 0.02996046 0.12407219 0.07848918
 0.03698553 0.03791378 0.02909792 0.03022549 0.17200637 0.04131412
 0.03027529 0.03824357]"|"[0.00665457 0.03714679 0.05892584 0.03740109 0.0548807  0.13573237
 0.03071734]"|2023/2024|True|True
0|4193815|2024-04-24|29|Everton|Liverpool|2.0|0.0|1.26|2.08|"[0.0310428  0.2115414  0.07565735 0.19740416 0.0274078  0.05899097
 0.05465515 0.09072424 0.01154577 0.03621715 0.01600189 0.09210861
 0.10227861 0.10479341 0.11736784 0.03525337]"|"[0.20633873 0.02382872 0.50585848 0.25444791 0.10261054 0.07140625
 0.14716095 0.01640967 0.06243007 0.05291207 0.02112182 0.05649368
 0.03250182 0.10815376 0.03263473 0.01662952 0.05983132 0.04621332
 0.01617865 0.10054416 0.03017848 0.05991723 0.06077394]"|2023/2024|True|True
0|4193818|2024-04-24|29|Manchester United|Sheffield United|4.0|2.0|2.94|0.82|"[0.03334441 0.02154468 0.14497811 0.20197445 0.02365936 0.05882536
 0.05836288 0.23687822 0.05664128 0.03910154 0.06331248 0.02798521
 0.02675807 0.01887883 0.08660717 0.19361839 0.01820614 0.047351
 0.01962457 0.7884     0.05552581 0.07428493 0.02772631 0.5173142
 0.09525969]"|"[0.07191999 0.03910316 0.15196805 0.3136729  0.02518901 0.03678017
 0.09001315 0.03452891 0.03340569 0.01897729]"|2023/2024|True|True
0|4193812|2024-04-25|29|Brighton & Hove Albion|Manchester City|0.0|4.0|0.62|1.36|"[0.0569666  0.04947838 0.03536224 0.02600447 0.04269113 0.07327618
 0.33487019]"|"[0.42417684 0.03746792 0.03269875 0.04970516 0.03955131 0.07355059
 0.15140234 0.04619598 0.03213998 0.05806069 0.07689129 0.02955836
 0.20550722 0.10773188]"|2023/2024|True|True
0|4193879|2024-04-27|35|West Ham United|Liverpool|2.0|2.0|0.7|1.75|"[0.03401358 0.10486633 0.05889982 0.04884412 0.05298978 0.04104697
 0.01401455        nan 0.02970849 0.02682212 0.25271231 0.03989537]"|"[0.07015451 0.04215749 0.06394072 0.0264669  0.08014461 0.03577072
 0.08240981 0.04463059 0.08222506 0.01518103 0.08149081 0.16619341
 0.05664128 0.06565508 0.07726151 0.02038641 0.05285225 0.05673819
 0.02027733 0.0505579  0.04224607 0.17168088 0.09130125 0.04917228
 0.05657434 0.03598087 0.04827818 0.06737125]"|2023/2024|True|True
0|4193874|2024-04-27|35|Fulham|Crystal Palace|1.0|1.0|1.14|1.01|"[0.01586892 0.16922872 0.07819292 0.04950709 0.47336376 0.14299361
 0.06678253 0.05758912 0.08475184]"|"[0.0196587  0.21149124 0.25676745 0.07527167 0.02191255 0.01852829
 0.02020967 0.0261872  0.04505805 0.04846442 0.05514404 0.07609769
 0.08011768 0.05728981]"|2023/2024|True|True
0|4193875|2024-04-27|35|Manchester United|Burnley|1.0|1.0|2.71|2.06|"[0.19072323 0.00970123 0.0589413  0.16701487 0.08159862 0.02954796
 0.03892443 0.0218232  0.0461004  0.07740218 0.14686735 0.03366933
 0.25076428 0.5416804  0.11863523 0.00734452 0.00739406 0.03151084
 0.0247936  0.32008386 0.03083532 0.04836369 0.01985402 0.08589274
 0.04703415 0.14077833 0.12964742]"|"[0.1382976  0.02304998 0.16684994 0.01624209 0.11360113 0.01616441
 0.09707982 0.30575392 0.0518715  0.0474894  0.02528197 0.1177645
 0.02624942 0.0280538  0.7884     0.09728406]"|2023/2024|True|True
0|4193876|2024-04-27|35|Newcastle United|Sheffield United|5.0|1.0|3.11|1.55|"[0.09512991 0.01261591 0.18425347 0.01659817 0.14969727 0.2219238
 0.07895792 0.0330111  0.04807474 0.03798987 0.26077193 0.7884
 0.05219632 0.19054985 0.16376115 0.03285258 0.0728553  0.12271953
 0.47948262 0.06751141]"|"[0.05023374 0.43793905 0.05275858 0.24381837 0.05703039 0.02941312
 0.15409994 0.21300925 0.06367379 0.05901435 0.04300799 0.02167839
 0.05840404        nan 0.05396538 0.02432171]"|2023/2024|True|True
0|4193880|2024-04-27|35|Wolverhampton Wanderers|Luton Town|2.0|1.0|1.21|0.59|"[0.15077144 0.02865439 0.02756722 0.01890176 0.02618035 0.03797115
 0.05517169 0.41823918 0.05661272 0.00808062 0.30766815 0.04761143
 0.03077982]"|"[0.03666139 0.03630857 0.09583849 0.02489978 0.12276937 0.05830572
 0.12239985 0.02283174 0.07327594]"|2023/2024|True|True
0|4193873|2024-04-27|35|Everton|Brentford|1.0|0.0|0.86|0.88|"[0.07651174 0.02779005 0.02125856 0.03932776 0.04056017 0.0577724
 0.10108531 0.05175894 0.05006061 0.17349963 0.01873146 0.0333185
 0.0235333  0.00938912 0.01453193 0.04750863 0.03928662 0.03582004]"|"[0.04009566 0.0416568  0.13100094 0.02647756 0.37247083 0.09090761
 0.07676065 0.03295286 0.03324042 0.03123031]"|2023/2024|True|True
0|4193872|2024-04-27|35|Aston Villa|Chelsea|2.0|2.0|1.1|1.57|"[0.51959807 0.06656393 0.03727075 0.07283137 0.05566539 0.03664795
 0.0313742  0.21557465 0.06597484]"|"[       nan 0.03878431 0.04080376 0.02386507 0.03619831 0.33026594
 0.03046097 0.02803515 0.02491587 0.12730053 0.00657707 0.0511502
 0.03965877 0.01168098 0.03101095 0.13224874 0.13622487 0.03923019
 0.0661677  0.0186982  0.02232378 0.34248355]"|2023/2024|True|True
0|4193871|2024-04-28|35|AFC Bournemouth|Brighton & Hove Albion|3.0|0.0|2.11|0.94|"[0.10365289 0.21795653 0.57955319 0.17000434 0.09580366 0.04418509
 0.27429831 0.04279384 0.18954742 0.03749882 0.03824357 0.10240319
 0.03623914 0.088996   0.08558781]"|"[0.09302095 0.05828557 0.23112036 0.02504425 0.05025075 0.02381312
 0.01784648 0.09005051 0.09546671 0.12923491 0.04185915 0.02568206
 0.06169311]"|2023/2024|True|True
0|4193878|2024-04-28|35|Tottenham Hotspur|Arsenal|2.0|3.0|2.42|1.03|"[0.04251746        nan 0.35967144 0.03160492 0.00742118 0.27336052
 0.04587588 0.08202432 0.04609957 0.25810671 0.0281438  0.23925258
 0.11201292 0.7884     0.01417889 0.09180831]"|"[0.05977987 0.04875126 0.15307792 0.40787488 0.03391902 0.20271184
 0.04314164 0.065168   0.0114695 ]"|2023/2024|True|True
0|4193877|2024-04-28|35|Nottingham Forest|Manchester City|0.0|2.0|1.93|0.87|"[0.09997311 0.0441244  0.02485413 0.0364523  0.05129247 0.69826686
 0.04951094 0.5533067  0.18770067 0.01917279 0.02821385 0.03559563
 0.08399858 0.02116652]"|"[0.01823829 0.04907899 0.02020648 0.05997946 0.07513892 0.02951543
 0.04353917 0.1261204  0.02743997 0.36443827 0.06021332]"|2023/2024|True|True
0|4193785|2024-05-02|26|Chelsea|Tottenham Hotspur|2.0|0.0|2.17|1.65|"[0.3145861  0.95646322 0.11325923 0.03209586 0.01159709 0.06789247
 0.07991847 0.0530353  0.04009572 0.01440189 0.08775263 0.12426443
 0.14805527 0.05026871 0.35649025 0.04093668]"|"[0.04945232 0.2307182  0.12474268 0.10312692 0.14127144 0.03012745
 0.12938581 0.04080376 0.02935784 0.19729979 0.0186577  0.07550818
 0.04429673 0.02520491 0.0491898  0.02523988 0.27559739 0.02911955
 0.02923672]"|2023/2024|True|True
0|4193888|2024-05-03|36|Luton Town|Everton|1.0|1.0|0.81|1.42|"[0.03342789 0.03503811 0.10447793 0.01263643 0.01712523 0.02238514
 0.10642806 0.04797106 0.06778755 0.07181504 0.02079305 0.01620695
 0.02261807 0.01624949 0.03609798 0.04947838 0.08585776 0.04334149]"|"[0.05734502 0.7884     0.01787319 0.11994097 0.04101218 0.04769253
 0.02232532 0.05706862 0.24114613 0.02958026]"|2023/2024|True|True
0|4193881|2024-05-04|36|Arsenal|AFC Bournemouth|3.0|0.0|3.38|0.46|"[0.08192201 0.12846833 0.06188379 0.03178719 0.10267469 0.03537146
 0.03154224 0.05996596 0.11556049 0.03412655 0.15997747 0.06180988
 0.08549776 0.04688091 0.1544349  0.7884     0.26077709 0.09629066
 0.09019431 0.0744077  0.13447684 0.05002681 0.13049795 0.45553753
 0.11827372]"|"[0.02727824 0.22418658 0.04809462 0.03621161 0.0431065  0.05367164
 0.03187735]"|2023/2024|True|True
0|4193882|2024-05-04|36|Brentford|Fulham|0.0|0.0|0.63|1.28|"[0.07903763 0.22771233 0.04048486 0.22375129 0.03881991 0.00720799
 0.01442866]"|"[0.05093539 0.10338469 0.02586064 0.0205985  0.06547695 0.08576965
 0.07208119 0.12282004 0.06332471 0.10031539 0.39948434 0.03679826
 0.00908989 0.02942177 0.09090336]"|2023/2024|True|True
0|4193884|2024-05-04|36|Burnley|Newcastle United|1.0|4.0|1.04|3.54|"[0.05606796 0.02017878 0.04028185 0.05969462 0.02452813 0.04429087
 0.03961647 0.01713483 0.22749281 0.06487343 0.05679931 0.03331535
 0.2789211  0.01137802 0.02348222 0.02660001 0.02490787]"|"[0.01843566 0.34201458 0.81571978 0.09760904 0.04836369 0.03376256
 0.0516929  0.02958209 0.04663916 0.18324043 0.01682208 0.20382762
 0.07609356 0.03203024 0.03674528 0.10687353 0.7884     0.47396523
 0.07376219 0.03752739 0.1456005  0.11250035 0.08008413]"|2023/2024|True|True
0|4193890|2024-05-04|36|Sheffield United|Nottingham Forest|1.0|3.0|2.31|1.45|"[0.03171146 0.7884     0.04012119 0.13983057 0.01928992 0.15206565
 0.3289133  0.01143584 0.3016935  0.03302957 0.12058116 0.02104624
 0.14378385 0.04746474 0.02254029 0.0715009  0.04020105]"|"[0.19493143 0.02951358 0.09319545 0.03849914 0.298621   0.04926375
 0.01902377 0.0192607  0.10065936 0.10031623 0.15700518 0.14688678
 0.07313078 0.0933939  0.03761454]"|2023/2024|True|True
0|4193889|2024-05-04|36|Manchester City|Wolverhampton Wanderers|5.0|1.0|3.74|0.35|"[0.0302806  0.7884     0.03092969 0.07724101 0.07644365 0.7884
 0.33328491 0.11583839 0.08690439 0.10488508 0.09879607 0.06603455
 0.09208942 0.13326231 0.04777437 0.03385282 0.09005051 0.36690354
 0.03956695 0.33559099]"|[0.15323286 0.19503424]|2023/2024|True|True
0|4193883|2024-05-05|36|Brighton & Hove Albion|Aston Villa|1.0|0.0|2.53|0.05|"[0.03211667 0.06101517 0.05492024 0.04162244 0.1836995  0.52043617
 0.31403857 0.16087618 0.0171939  0.03543085 0.03297058 0.11075693
 0.7884     0.57814282 0.05103197]"|[0.03246935 0.0222218 ]|2023/2024|True|True
0|4193885|2024-05-05|36|Chelsea|West Ham United|5.0|0.0|4.22|0.88|"[0.02046453 0.07020701 0.17348927 0.11583839 0.14928897 0.04054899
 0.05002322 0.02067273 0.14610776 0.02489081 0.05981453 0.12067778
 0.3485342  0.58543724 0.07436705 0.87110275 0.09681422 0.05195795
 0.03824357 0.05981453 0.02723941 0.2717762  0.03242041 0.65621257
 0.02926303]"|"[0.04987003 0.04735713 0.12010314 0.30688161 0.04319669 0.05203224
 0.05951041 0.03344745 0.03772072 0.11582285 0.01877505 0.01154841
 0.02908126]"|2023/2024|True|True
0|4193887|2024-05-05|36|Liverpool|Tottenham Hotspur|4.0|2.0|3.37|1.24|"[0.04080882 0.07772591 0.16530101 0.49040356 0.18132505 0.12896381
 0.04806034 0.02231887 0.03394556 0.09407624 0.05392086 0.08381531
 0.28848436 0.86334121 0.12770157 0.06337178 0.05278852 0.04320268
 0.05700024 0.10074715 0.00552466 0.06433263 0.0477671  0.03225044
 0.46671727]"|"[0.04100012 0.10301806 0.00399858 0.11817732 0.0272673  0.05026256
 0.46598718 0.31619921 0.03289404 0.0484889  0.02822421]"|2023/2024|True|True
0|4193886|2024-05-06|36|Crystal Palace|Manchester United|4.0|0.0|1.75|0.35|"[0.0298363  0.15315664 0.09378749 0.20695524 0.13605092 0.14584264
 0.04153201 0.0592872  0.02384076 0.48827684 0.03501899 0.010733
 0.11095878 0.01182382 0.05678049 0.06012008 0.04101732 0.04682512]"|"[0.07520986 0.10111003 0.05887545 0.03488895 0.01884686 0.03924304
 0.02575017]"|2023/2024|True|True
0|4193894|2024-05-11|37|Fulham|Manchester City|0.0|4.0|0.12|3.25|[0.12186975]|"[0.4667345  0.09146629 0.03338028 0.04756812 0.05844205 0.08673836
 0.49868038 0.05195732 0.05830389 0.13920061 0.4328545  0.09081919
 0.29811159 0.06847663 0.03587225 0.7884    ]"|2023/2024|True|True
0|4193891|2024-05-11|37|AFC Bournemouth|Brentford|1.0|2.0|0.67|1.08|"[0.01875584 0.12422191 0.06197675 0.06732015 0.03394464 0.03858469
 0.01180936 0.02360333 0.04156595 0.07080565 0.06300652 0.08985243
 0.02702493]"|"[0.0195024  0.03349444 0.02642231 0.13480358 0.07394718 0.19071235
 0.0515715  0.15162528 0.02492567 0.33889559 0.11370781]"|2023/2024|True|True
0|4193893|2024-05-11|37|Everton|Sheffield United|1.0|0.0|2.35|0.6|"[0.03228508 0.03001384 0.11928143 0.48152563 0.03438118 0.94514811
 0.13964529 0.10290936 0.04107996 0.02733562 0.03094145 0.02003237
 0.03103812 0.11929171 0.19179504]"|"[0.01614576 0.03665716 0.0174348  0.0226796  0.05966911 0.07065303
 0.01963623 0.12250364 0.05147863 0.02526694 0.04412535 0.08884096
 0.02306439]"|2023/2024|True|True
0|4193896|2024-05-11|37|Newcastle United|Brighton & Hove Albion|1.0|1.0|2.22|1.37|"[0.04188733 0.03576028 0.20307443 0.02377282 0.38072211 0.02694188
 0.19688326 0.08535524 0.03648569 0.71136659 0.03808777 0.10898338
 0.05058699 0.02260423 0.1006681  0.06472541 0.03708772 0.0575101 ]"|"[0.03137013 0.06672335 0.1804149  0.03923387 0.51161164 0.07620599
 0.0193366  0.05729365 0.08673628 0.08256899 0.02624748 0.04791349
 0.02390861 0.06097779 0.05925142]"|2023/2024|True|True
0|4193898|2024-05-11|37|Tottenham Hotspur|Burnley|2.0|1.0|2.72|0.67|"[0.07220753 0.19052257 0.07991847 0.04108508 0.03594288 0.03822685
 0.20178528 0.02505163 0.03044616 0.01902377 0.0128878  0.50601941
 0.11137932 0.03496992 0.02173573 0.06068055 0.73036426 0.19681525
 0.10312692 0.16105913 0.04258317]"|"[0.14450961 0.23736934 0.07744364 0.07413573 0.03396348 0.04090781
 0.06458027]"|2023/2024|True|True
0|4193899|2024-05-11|37|West Ham United|Luton Town|3.0|1.0|3.17|0.32|"[0.16103169 0.05250461 0.08546498 0.03849914 0.03454638 0.03087503
 0.01369783 0.04906615 0.03503077 0.04204211 0.10427424 0.25007105
 0.08764663 0.12644446 0.37254149 0.1372271  0.03275499 0.02215601
 0.42866287 0.0090928  0.30862296 0.13770723 0.01404457 0.64271617]"|[0.04602287 0.2313994  0.02770105 0.01787239]|2023/2024|True|True
0|4193900|2024-05-11|37|Wolverhampton Wanderers|Crystal Palace|1.0|3.0|1.57|2.7|"[0.03563262 0.01467923 0.11115033 0.17095527 0.10517799 0.03244243
 0.20133579 0.58288109 0.07183012 0.08028962 0.07296476 0.02397679
 0.02559578 0.03715764]"|"[0.10636391 0.22831622 0.02261315 0.14730759 0.7743907  0.04201364
 0.16187759 0.10477095 0.03206319 0.31023189 0.08809336 0.03091078
 0.65343899]"|2023/2024|True|True
0|4193897|2024-05-11|37|Nottingham Forest|Chelsea|2.0|3.0|1.55|1.62|"[0.20800155 0.0287726  0.08241695 0.0494465  0.06538808 0.01541264
 0.02751712 0.11628293 0.04556775 0.04005865 0.01475536 0.03578185
 0.01903918 0.02749016 0.25367039 0.4898099  0.0231054  0.05804017
 0.03143956 0.04249148]"|"[0.20927054 0.3827222  0.04432198 0.0306102  0.04324666 0.14443597
 0.04135249 0.16855727 0.0990937  0.08492562 0.27875528 0.09198382]"|2023/2024|True|True
0|4193895|2024-05-12|37|Manchester United|Arsenal|0.0|1.0|0.51|1.52|"[0.08600548 0.08087628 0.1337347  0.02181678 0.02826555 0.03563767
 0.01458757 0.0249238  0.04195901 0.01711773 0.04083648 0.01840585
 0.05545387 0.0153762 ]"|"[0.06113441 0.22314693 0.63906652 0.015505   0.03396017 0.10427867
 0.28886145 0.042067   0.0809216  0.18473946 0.03305468]"|2023/2024|True|True
0|4193892|2024-05-13|37|Aston Villa|Liverpool|3.0|3.0|3.17|1.75|"[       nan 0.18714473 0.0205799  0.13672981 0.09893402 0.03910316
 0.01415713 0.9912203  0.26142037 0.40571174 0.06473699 0.26077709
 0.11500078 0.04298885 0.00830169 0.17916182 0.10486633 0.11626115
 0.11535719 0.00885466]"|"[0.0627907  0.11540338 0.0802609  0.95842499 0.03835066 0.03710728
 0.10235486 0.04209204 0.02412128 0.22969069 0.02571623 0.02020934
 0.03055106 0.05802308]"|2023/2024|True|True
0|4193869|2024-05-14|34|Tottenham Hotspur|Manchester City|0.0|2.0|1.66|2.4|"[0.12842436 0.06090851 0.04963518 0.443322   0.03588187 0.28028148
 0.02078788 0.09427185 0.05161753 0.49215999]"|"[0.02462119 0.24460097 0.08253154 0.24929449 0.93190211 0.01953555
 0.7884     0.05434526]"|2023/2024|True|True
0|4193862|2024-05-15|34|Brighton & Hove Albion|Chelsea|1.0|2.0|1.27|1.54|"[0.13194914 0.02645313 0.02971435 0.05712143 0.05966911 0.36182091
 0.09301648 0.01819098 0.0301333  0.28903231 0.15829152 0.01792034]"|"[0.04019341 0.04846745 0.02522814 0.03563146 0.01805547 0.07774217
 0.01547506 0.17126279 0.57702929 0.06490511 0.04698255 0.11411913
 0.27257195 0.0361727 ]"|2023/2024|True|True
0|4193867|2024-05-15|34|Manchester United|Newcastle United|3.0|2.0|1.48|2.19|"[0.12169877 0.07835655 0.03293004 0.01415275 0.07273594 0.17588991
 0.03543621 0.46917182 0.06983452 0.01839243 0.06887794 0.01763727
 0.024529   0.09152075 0.04992656 0.03998664 0.06947292]"|"[0.08764663 0.07692594 0.01225997 0.03619831 0.05233437 0.06499843
 0.04385208 0.04815308 0.16040684 0.0882674  0.40144092 0.17319746
 0.03242458 0.48750982 0.09966907 0.18251675 0.19719428 0.01089505
 0.03556085 0.03433987 0.04397093]"|2023/2024|True|True
0|4193901|2024-05-19|38|Arsenal|Everton|2.0|1.0|3.01|0.61|"[0.03175136 0.0745258  0.22234097 0.21605614 0.03696461 0.05861537
 0.21870302 0.07353178 0.04567325 0.07844455 0.0495626  0.06302322
 0.08594309 0.05507788 0.04333179 0.10086484 0.13844782 0.10057162
 0.0186577  0.02321912 0.12952107 0.04311673 0.13299951 0.23126766
 0.50478619 0.12315044]"|[0.06441742 0.12077522 0.24396296 0.06036063 0.04436642]|2023/2024|True|True
0|4193902|2024-05-19|38|Brentford|Newcastle United|2.0|4.0|1.13|3.43|"[0.05686756 0.37186745 0.13137713 0.12187491 0.22339833 0.03064976
 0.09717618 0.0375552  0.02441816 0.03577494]"|"[0.0210491  0.60610032 0.47724545 0.05021568 0.02220414 0.62835085
 0.10663325 0.22828366 0.1025672  0.44594461 0.09161916 0.71217269]"|2023/2024|True|True
0|4193903|2024-05-19|38|Brighton & Hove Albion|Manchester United|0.0|2.0|1.88|1.29|"[0.06405067 0.11521397 0.05963603 0.07592013 0.05620528 0.04400491
 0.03718644 0.36085984 0.03267738 0.08324895 0.02556928 0.63171214
 0.18965109 0.04661369 0.01392205 0.01039061 0.03780494]"|"[0.01706443 0.09854277 0.06970542 0.076648   0.09466003 0.10196055
 0.03151829 0.06407231 0.53048378 0.05514922 0.1454888 ]"|2023/2024|True|True
0|4193904|2024-05-19|38|Burnley|Nottingham Forest|1.0|2.0|1.21|1.78|"[0.05878058 0.03292963 0.03672236 0.34631315 0.04642083 0.02064233
 0.02593448 0.09603507 0.00962008 0.01905907 0.04336473 0.09320619
 0.03214349 0.03977633 0.07722339 0.02162701 0.06191465 0.05186673
 0.05217041 0.04519546]"|"[0.60899454 0.01590423 0.19662277 0.441479   0.0214849  0.08144863
 0.0270088  0.12406683 0.12355824 0.05747952 0.01540268 0.06313969]"|2023/2024|True|True
0|4193905|2024-05-19|38|Chelsea|AFC Bournemouth|2.0|1.0|1.14|2.22|"[0.0517776  0.06464549 0.05233634 0.04262375 0.03035502 0.01379206
 0.04746474 0.15768975 0.18296131        nan 0.03735429 0.04924748
 0.0253447  0.02031119 0.0671681  0.02967172 0.21301317]"|"[0.06499675 0.04858955 0.11336395 0.08280542 0.09980665 0.0199087
 0.0304387  0.10366818 0.08126152 0.0338774  0.03247269 0.513807
 0.07537878 0.08016111 0.02303963 0.02779363 0.02083929 0.04023727
 0.04840466 0.15015061 0.26724666 0.44126165]"|2023/2024|True|True
0|4193906|2024-05-19|38|Crystal Palace|Aston Villa|5.0|0.0|2.54|1.02|"[0.56045997 0.03115574 0.54766744 0.0462531  0.04634828 0.11688051
 0.14801818 0.05220169 0.17323336 0.45684081 0.09985253 0.0437117
 0.04799793 0.1137396  0.0531463 ]"|"[0.04825282 0.08471879 0.41050822 0.13323025 0.21378258 0.03382273
 0.07283045 0.02092356]"|2023/2024|True|True
0|4193907|2024-05-19|38|Liverpool|Wolverhampton Wanderers|2.0|0.0|4.74|0.5|"[0.13653693 0.07086306 0.03353855 0.01614576 0.08202338 0.13383164
 0.13374379 0.0414369  0.05020153 0.08033037 0.0345175  0.09671833
 0.04239407 0.03813775 0.16965464 0.74939013 0.05261566 0.08013999
 0.31288722 0.06467849 0.06695329 0.11142097 0.28570992 0.04344796
 0.58401406 0.19287147 0.09459554 0.54967922 0.10789406 0.0378776
 0.02660001 0.08594655 0.03293033 0.02588151 0.03697789 0.1637757 ]"|[0.06610579 0.08605825 0.29229957 0.05323801]|2023/2024|True|True
0|4193908|2024-05-19|38|Luton Town|Fulham|2.0|4.0|2.1|1.09|"[0.04996445 0.4952516  0.03025964 0.03363157 0.12850268 0.05167052
 0.03163718 0.0199106  0.03698222 0.7884     0.03774954 0.06424531
 0.0732229  0.13317461 0.12640719]"|"[0.02491272 0.01953918 0.06862214 0.10436274 0.11502566 0.12925044
 0.03255465 0.03238792 0.03522149 0.05153942 0.05009419 0.02638842
 0.2438686  0.07281131 0.04864775 0.03701072]"|2023/2024|True|True
0|4193909|2024-05-19|38|Manchester City|West Ham United|3.0|1.0|2.04|0.36|"[0.08262844 0.01621243 0.04172714 0.0393473  0.01192428 0.08948165
 0.08716802 0.01901164 0.02371895 0.02812706 0.02051771 0.09196594
 0.10219865 0.03083989 0.22256774 0.0588538  0.02820342 0.03393615
 0.06261043 0.02057166 0.36385944 0.21785079 0.04999706 0.08146763
 0.05443884 0.02383929 0.02175833 0.11906186]"|[0.08705854 0.22091655 0.05218269]|2023/2024|True|True
0|4193910|2024-05-19|38|Sheffield United|Tottenham Hotspur|0.0|3.0|0.98|3.16|[0.03706396 0.0789561  0.4423565  0.28536484 0.04187128 0.09833536]|"[0.0429758  0.35114789 0.03501102 0.13919652 0.05684372 0.03877726
 0.3850711  0.04425279 0.72267932 0.03380357 0.15613446 0.05352627
 0.10071605 0.04898456 0.80917782 0.02457897 0.07670786 0.03799845]"|2023/2024|True|True
0|3900932|2022-08-05|1|Crystal Palace|Arsenal|0.0|2.0|1.21|1.0|"[0.09887534 0.04346907 0.08233517 0.04079652 0.49030703 0.03105712
 0.05859926 0.05271465 0.1716941  0.14201233        nan]"|"[0.14541805 0.22131494 0.03076378 0.09566405 0.15593904 0.05464789
 0.03467083 0.08717036 0.09068063 0.08048993]"|2022/2023|True|True
0|3900933|2022-08-06|1|Fulham|Liverpool|2.0|2.0|1.25|1.23|"[0.08593658 0.04316774 0.06634688 0.06186593 0.07353017 0.0513714
 0.04523158 0.03683317 0.7884    ]"|"[0.0163509  0.03216457 0.06194746 0.06225953 0.29327303 0.16579524
 0.12066063 0.03859252 0.04775998 0.36243528 0.02816081]"|2022/2023|True|True
0|3900934|2022-08-06|1|AFC Bournemouth|Aston Villa|2.0|0.0|0.59|0.66|"[0.24033463 0.09791663 0.07302994 0.07626712 0.04998052 0.0105955
 0.04885519]"|"[0.0465996  0.05227768 0.03029221 0.16146287 0.04989141 0.03215382
 0.01942191 0.03635314 0.02249327 0.07613465 0.02533618 0.0326153
 0.02641597 0.03030983 0.01574403]"|2022/2023|True|True
0|3900935|2022-08-06|1|Leeds United|Wolverhampton Wanderers|2.0|1.0|1.05|1.76|"[0.04721413 0.0179587  0.01961427 0.03684198 0.03290727 0.02433698
 0.03299975 0.0907219  0.19490544 0.25451335 0.14521718 0.15229879]"|"[0.08716136 0.2589635  0.09498923 0.03919568 0.28908581 0.07035334
 0.62246507 0.01523026 0.0579126  0.04141779 0.07302877 0.02082939
 0.         0.01551404 0.0199982  0.05271441]"|2022/2023|True|True
0|3900937|2022-08-06|1|Newcastle United|Nottingham Forest|2.0|0.0|1.74|0.28|"[0.04243487 0.00231576 0.04958269 0.05591968 0.06392986 0.04043007
 0.02560982 0.0335272  0.05957246 0.01853675 0.13770756 0.03800723
 0.218335   0.0472306  0.06588343 0.19283417 0.01723656 0.07661769
 0.02852488 0.12068343 0.17862782 0.04812071 0.17849576]"|[0.01743576 0.06125802 0.02398914 0.07093847 0.1019142 ]|2022/2023|True|True
0|3900938|2022-08-06|1|Tottenham Hotspur|Southampton|4.0|1.0|1.57|0.48|"[0.2974022  0.07748446 0.05832505 0.0356631  0.03793499 0.06877968
 0.05515733 0.13771647 0.22235408 0.02077729 0.11588809 0.03538606
 0.13429227 0.02598935 0.12564114 0.09498522 0.0005092  0.02105388]"|"[0.0805757  0.0742473  0.04047757 0.04323071        nan 0.03608003
 0.024919   0.03578427 0.03908703 0.04029435 0.06302869]"|2022/2023|True|True
0|3900939|2022-08-06|1|Everton|Chelsea|0.0|1.0|0.67|1.64|"[0.02839446 0.08900127 0.05286855 0.10693744 0.09579349 0.21131584
 0.10927933 0.00136629]"|"[0.09323853 0.04043588 0.05017403 0.07440636 0.04859728 0.08844998
 0.02789754 0.04738614 0.11022323 0.7884     0.0571591  0.04051217
 0.10114869 0.04420671 0.03175265]"|2022/2023|True|True
0|3900936|2022-08-07|1|Leicester City|Brentford|2.0|2.0|0.62|0.76|"[0.0127565  0.02163774 0.04009229 0.02935639 0.16971695 0.0484364
 0.03015113 0.09938091 0.01792112 0.03897619 0.01346302 0.0278571
 0.02969238 0.04128712]"|"[0.11601853 0.10800147 0.05946997 0.27343339 0.03438532 0.09609649
 0.0271191  0.05047119]"|2022/2023|True|True
0|3900940|2022-08-07|1|Manchester United|Brighton & Hove Albion|1.0|2.0|1.38|1.5|"[0.03119299 0.18686947 0.08973286 0.03143623 0.08363581 0.05141643
 0.05012667 0.20648676 0.02215931 0.22765973 0.22157153 0.04310033
 0.00827095 0.03224447 0.02843598 0.01000592 0.05883524]"|"[0.05804405 0.02746522 0.02733624 0.05819026 0.05020833 0.05793318
 0.01968473 0.0657326  0.50600672 0.06346744 0.02995154 0.33778048
 0.16189343 0.02272168        nan 0.0200325 ]"|2022/2023|True|True
0|3900941|2022-08-07|1|West Ham United|Manchester City|0.0|2.0|0.49|2.23|[0.17384019 0.08209026 0.09081328 0.05481029 0.01753214 0.0683032 ]|"[0.01972723 0.13896701 0.30564368 0.7884     0.03552192 0.02256006
 0.11395606 0.26974154 0.24108145 0.05022413 0.09784007 0.02854615
 0.07982144 0.03728479]"|2022/2023|True|True
0|3900943|2022-08-13|2|Aston Villa|Everton|2.0|1.0|2.31|1.58|"[0.26042652 0.10865438 0.02960685 0.02746388 0.06689358 0.01348892
 0.06815952 0.16482031 0.11086583 0.97434944        nan 0.4506253
 0.03628588]"|"[0.03116143 0.09729567 0.04817516 0.1624963  0.04227245 0.05811623
 0.12299117 0.07991934 0.08118147 0.03304216 0.06806758 0.54454452
 0.09284934 0.0700348  0.08847716]"|2022/2023|True|True
0|3900942|2022-08-13|2|Arsenal|Leicester City|4.0|2.0|2.96|0.46|"[0.13606691 0.04887879 0.04439431 0.06029737 0.06996119 0.18502706
 0.02929974 0.80850267 0.0212042  0.32838082        nan 0.3394205
 0.02616122 0.03949079 0.05430382 0.03767002 0.34537935 0.18000045
 0.17899546 0.03879288]"|[0.10956156 0.02821228 0.07494569 0.09004194 0.02782112 0.12941173]|2022/2023|True|True
0|3900945|2022-08-13|2|Brighton & Hove Albion|Newcastle United|0.0|0.0|1.5|0.22|"[0.03697017 0.08347949 0.115069   0.01695547 0.03533581 0.14081654
 0.12941995 0.03811345 0.00971189 0.09253249 0.13785407 0.12445059
 0.53695834]"|[0.0641948  0.04846948 0.04052901 0.06859484]|2022/2023|True|True
0|3900948|2022-08-13|2|Manchester City|AFC Bournemouth|4.0|0.0|1.75|0.13|"[0.01455161 0.06922987 0.05827093 0.03149074 0.03614843 0.26411873
 0.00531352 0.45178905 0.07427195 0.06993201 0.27922338 0.02040353
 0.05044267 0.026759   0.04215795 0.06021398 0.02743137 0.03776321
 0.12882403]"|[0.02674517 0.06969023        nan 0.03575817]|2022/2023|True|True
0|3900950|2022-08-13|2|Southampton|Leeds United|2.0|2.0|1.22|1.93|"[0.0797697  0.01974025 0.11977583 0.01970771 0.04498738 0.05735773
 0.11594489 0.03736058 0.15340793 0.06033215 0.10743296 0.34818006
 0.02571917 0.03072342]"|"[0.09908596 0.12584156 0.11814088 0.10423282 0.02459067 0.05700317
 0.29047245 0.02727517 0.03984129 0.08479238 0.90024322 0.04304329
 0.01938054]"|2022/2023|True|True
0|3900951|2022-08-13|2|Wolverhampton Wanderers|Fulham|0.0|0.0|0.89|1.49|"[0.10325131 0.01708207 0.18263856 0.03574049 0.01364961 0.50230134
 0.03529844]"|"[0.0399864  0.03615901 0.07425895 0.01648453 0.05034375 0.062814
 0.7884     0.05042285 0.37484747]"|2022/2023|True|True
0|3900944|2022-08-13|2|Brentford|Manchester United|4.0|0.0|1.61|0.92|"[0.01210886 0.02359363 0.05692157 0.14151737 0.16862935 0.42708784
 0.48887458 0.02207235 0.01615813 0.03402597 0.04206592 0.13680911
 0.04115546]"|"[0.03354976 0.0405955  0.03948155 0.05120531 0.06764767 0.06360266
 0.07692423 0.0239346  0.07143074 0.0503374  0.0436472  0.12256277
 0.05359668 0.14798456 0.035292  ]"|2022/2023|True|True
0|3900949|2022-08-14|2|Nottingham Forest|West Ham United|1.0|0.0|1.36|2.26|"[0.03141251 0.03220531 0.03667969 0.03820559 0.11203229 0.03516003
 0.05057535 0.18066192 0.03673702 0.21524242 0.36551082 0.01726478
 0.20788836]"|"[0.04704797 0.02071008 0.050782   0.02587828 0.06549951 0.09142587
 0.03245795 0.08481684 0.03400019 0.25795922 0.01767954 0.06787241
 0.22011513 0.7884     0.05457777 0.02065679 0.17643127 0.04006097
 0.16765484]"|2022/2023|True|True
0|3900946|2022-08-14|2|Chelsea|Tottenham Hotspur|2.0|2.0|1.58|1.01|"[0.04036531 0.05145663 0.02289477 0.06313083 0.05327544 0.06171739
 0.06888485 0.04633659 0.05904102 0.03442678 0.05564755 0.11796561
 0.05444694 0.31961924 0.42746332 0.10673058]"|"[0.11203939 0.12296578 0.09802595 0.20357311 0.00285766 0.04458779
 0.03252479 0.04288462 0.08450735 0.26360628]"|2022/2023|True|True
0|3900947|2022-08-15|2|Liverpool|Crystal Palace|1.0|1.0|2.07|1.04|"[0.04260397 0.03064659 0.18139219 0.24419799 0.09990594 0.1380294
 0.05690897 0.14417079 0.0129872  0.08494434 0.15603054 0.03443748
 0.02335858 0.03366873 0.0750345  0.04331088 0.07154915 0.25403017
 0.05740711 0.03894204 0.09737992 0.05566198 0.03765756 0.05348152]"|"[0.14666456 0.03275383 0.04277641 0.25632834 0.23333392 0.07182345
 0.25728351]"|2022/2023|True|True
0|3900960|2022-08-20|3|Tottenham Hotspur|Wolverhampton Wanderers|1.0|0.0|1.67|0.71|"[0.05872735 0.18206471 0.08461866 0.10435665 0.10746863 0.12738144
 0.13667774 0.64795619 0.11312667 0.05241472 0.06806299]"|"[0.03571475 0.02005628 0.03210843 0.02878568 0.0188666  0.0218029
 0.07277343 0.03309992 0.03521264 0.02854985 0.05735204 0.02412283
 0.02297541 0.11720055 0.02725944 0.02724907 0.04945618 0.02778044
 0.01142094 0.0221971 ]"|2022/2023|True|True
0|3900953|2022-08-20|3|Crystal Palace|Aston Villa|3.0|1.0|2.69|0.9|"[0.10562247 0.23095694 0.11429384 0.02974629 0.20720825 0.03726041
 0.19000125 0.0835951  0.04362831 0.7884     0.62563014 0.10760015
 0.29375559 0.059239   0.11951786 0.10277194 0.0417757 ]"|"[0.19305119 0.04320192 0.20503089 0.08684063 0.0456652  0.02678677
 0.01643473 0.06780064 0.02884948 0.05638567 0.01444739 0.06589645
 0.04649526]"|2022/2023|True|True
0|3900954|2022-08-20|3|Everton|Nottingham Forest|1.0|1.0|1.51|0.99|"[0.05109358 0.0141634  0.05292541 0.0887498  0.05873066 0.01504338
 0.06304157 0.02591005 0.1446099  0.02055553 0.1219632  0.0767197
 0.10801166 0.16258919 0.07952636 0.14043587 0.03519908 0.05422705
 0.19730127]"|"[0.03265423 0.04562667 0.04932928 0.04541352 0.1055834  0.0777179
 0.03349999 0.07706213 0.06717888 0.04451606 0.0235554  0.04296795
 0.20186833 0.15179357]"|2022/2023|True|True
0|3900955|2022-08-20|3|Fulham|Brentford|3.0|2.0|2.54|1.8|"[0.14047328 0.58543772 0.03381172 0.11043096 0.08422604 0.05104423
 0.24815926 0.02972019 0.0789701  0.03629741 0.06907976 0.30697072
 0.02933037 0.34528255 0.09650657 0.09548542 0.18169287 0.05068395]"|"[0.07442662 0.03001437 0.05916157 0.10235444 0.11717629 0.06275603
 0.08361706 0.1704089  0.85517263 0.01013225 0.10154453 0.08366027
 0.04706487]"|2022/2023|True|True
0|3900957|2022-08-20|3|Leicester City|Southampton|1.0|2.0|0.29|0.92|[0.03531998 0.07032135 0.03466427 0.00456893 0.10795572 0.03563657]|"[0.02429754 0.03644943 0.22149509 0.06023112 0.09915686 0.06836459
 0.03899989 0.20651847 0.16812754]"|2022/2023|True|True
0|3900952|2022-08-20|3|AFC Bournemouth|Arsenal|0.0|3.0|0.28|1.32|[0.03233325 0.08300775 0.08558682 0.01878837 0.03820884 0.02299979]|"[0.1832602  0.46512496 0.15099874 0.10132903 0.01688799 0.02394852
 0.01977256 0.04602328 0.09933606 0.09714997 0.03445593 0.04440168
 0.07952398 0.03955892]"|2022/2023|True|True
0|3900956|2022-08-21|3|Leeds United|Chelsea|3.0|0.0|2.22|0.88|"[0.02497011 0.05156279 0.07028395 0.05406979 0.05927467 0.97253406
 0.07050651 0.03877604 0.03034121 0.01915553 0.33634141 0.49058759]"|"[0.05248314 0.16946512 0.09541094 0.02717566 0.12886858 0.07447273
 0.14335391 0.03630009 0.02934942 0.02710116 0.01694509 0.02651513
 0.01299047 0.04051879]"|2022/2023|True|True
0|3900961|2022-08-21|3|West Ham United|Brighton & Hove Albion|0.0|2.0|0.89|1.71|"[0.04284549 0.06829378 0.04904467 0.02077669 0.05596575 0.01899698
 0.05005714 0.0446929  0.03884497 0.09828046 0.19397935 0.14493686
 0.06312674]"|"[0.05871662 0.7884     0.01752377 0.04815444 0.12281269 0.04687291
 0.39085299 0.05955294 0.03704724 0.10182229 0.03612196]"|2022/2023|True|True
0|3900959|2022-08-21|3|Newcastle United|Manchester City|3.0|3.0|1.81|2.11|"[0.25674722 0.1377109  0.04025179 0.47257048 0.43261003 0.03167808
 0.01644102 0.2436516  0.0528779  0.06587872 0.02684572 0.03201944]"|"[0.0227133  0.14937103 0.03945804 0.19797176 0.08101085 0.08224648
 0.05911028 0.02574018 0.17013809 0.09514293 0.1115908  0.04479057
 0.05321327 0.14505252 0.34841746 0.18598661 0.02895012 0.09658852
 0.03454888 0.05387846 0.09825793]"|2022/2023|True|True
0|3900958|2022-08-22|3|Manchester United|Liverpool|2.0|1.0|1.79|1.35|"[0.10533503 0.04450905 0.15103361 0.33502012 0.29165721 0.03854635
 0.33030805 0.0651831  0.00801128 0.35052013 0.04501158 0.01645595
 0.01209071]"|"[0.06354189 0.09094629 0.11260387 0.11968121 0.12726277 0.05098918
 0.07844484 0.02321571 0.05781308 0.15771189 0.08109841 0.06355348
 0.09321448 0.04038644 0.08534527 0.09186175 0.01997045]"|2022/2023|True|True
0|3900970|2022-08-27|4|Southampton|Manchester United|0.0|1.0|1.45|1.4|"[0.04552528 0.06323525 0.0929206  0.09943095 0.07718742 0.24648181
 0.05002591 0.04632178 0.08200511 0.12017539 0.21615919 0.02830181
 0.04523841 0.01361972 0.12819493 0.09496519 0.02842823]"|"[0.06109196 0.11878693 0.14737985 0.35699284 0.4598093  0.29882446
 0.05603167 0.04630992 0.01797912 0.02688065 0.07361889]"|2022/2023|True|True
0|3900964|2022-08-27|4|Brentford|Everton|1.0|1.0|2.15|1.07|"[0.02497706 0.00655637 0.09421301 0.02563468 0.1557363  0.1417301
 0.3747648  0.12625173 0.03997171 0.05260921 0.02321503 0.0303371
 0.01670966 0.14186212 0.0709911  0.09170765 0.02740198 0.66531628
 0.02198666 0.06953177]"|"[0.02890173 0.04705411 0.21043834 0.03039613 0.07977495 0.14781713
 0.03069025 0.04222348 0.05857223 0.05223474 0.08862698 0.13419434
 0.07171962 0.05087167]"|2022/2023|True|True
0|3900965|2022-08-27|4|Brighton & Hove Albion|Leeds United|1.0|0.0|2.02|1.84|"[0.22843584 0.16414762 0.02922282 0.0728983  0.10100865 0.07441223
 0.23285955 0.28397909 0.44721448 0.02964431 0.23307794 0.10777459
 0.01570484]"|"[0.04001164 0.03189611 0.01894581 0.99239933 0.02765441 0.13891405
 0.06338584 0.069359   0.44034025 0.02080891]"|2022/2023|True|True
0|3900966|2022-08-27|4|Chelsea|Leicester City|2.0|1.0|1.75|2.52|"[0.40830499 0.09974155 0.04555911 0.0313119  0.32080734 0.82013679
 0.02578118]"|"[0.03320804 0.26358533 0.26398498 0.04836592 0.18017942 0.05926773
 0.07452929 0.03879216 0.1250138  0.04818225 0.03450781 0.02120245
 0.05246824 0.14485711 0.31339014 0.57709736 0.23790291]"|2022/2023|True|True
0|3900967|2022-08-27|4|Liverpool|AFC Bournemouth|9.0|0.0|3.32|0.33|"[0.14455217 0.04366344 0.82704908 0.05308264 0.03579313 0.53272665
 0.09031001 0.05563164 0.05100411 0.06262857 0.0472627  0.43864956
 0.20395055 0.05369112 0.06745106 0.29102442 0.1312694  0.22261626
 0.05565155]"|[0.16230974 0.0341894  0.04762784        nan 0.05545431 0.03029349]|2022/2023|True|True
0|3900968|2022-08-27|4|Manchester City|Crystal Palace|4.0|2.0|2.42|0.12|"[       nan 0.04123637 0.07909498 0.05594096 0.02242339 0.25178373
 0.0419392  0.06007752 0.0419257  0.06558564 0.35740966 0.02436566
 0.23095694 0.62692827 0.04786831 0.05054024 0.22371012 0.10133335
 0.10115901]"|[0.08614731 0.03140655]|2022/2023|True|True
0|3900962|2022-08-27|4|Arsenal|Fulham|2.0|1.0|2.73|0.83|"[0.03986877 0.09320274 0.15768695 0.03882438 0.37317902 0.02030602
 0.05937403 0.09690034 0.08950987 0.02997348 0.11454821 0.04343519
 0.10757783 0.07316348 0.0265058  0.10063678 0.04160193 0.22097176
 0.11102954 0.04453874 0.10778862 0.74549156]"|"[0.09502968 0.06106031 0.10784501 0.05005372 0.08232346 0.03227025
 0.07806766 0.08352664 0.12782925 0.03106269 0.09441072]"|2022/2023|True|True
0|3900963|2022-08-28|4|Aston Villa|West Ham United|0.0|1.0|0.49|0.56|"[0.14748004 0.04754087 0.02364928 0.03050211 0.0902392  0.02442732
 0.06403378 0.0273363  0.0386644 ]"|"[0.01048574 0.28154665 0.09021342 0.05933136 0.04110643 0.04996789
 0.03212288]"|2022/2023|True|True
0|3900971|2022-08-28|4|Wolverhampton Wanderers|Newcastle United|1.0|1.0|0.71|1.77|"[0.12093595 0.2157104  0.04734573 0.10985661 0.0266881  0.04595533
 0.05132738 0.04119626 0.02270806 0.02726424]"|"[0.04526034 0.08986434 0.11799142 0.31197661 0.08124456 0.03500703
 0.05852899 0.07659417 0.03325221 0.02622002 0.05024439 0.04658657
 0.06694901 0.13183305 0.01476994 0.06067306 0.01183909 0.03463063
 0.07028997 0.24930194 0.15947065]"|2022/2023|True|True
0|3900969|2022-08-28|4|Nottingham Forest|Tottenham Hotspur|0.0|2.0|0.95|2.4|"[0.01428631 0.0312525  0.03370517 0.03164726 0.05852276 0.02103585
 0.08542657 0.04043505 0.10458496 0.03361562 0.11486635 0.04153329
 0.05022445 0.04671487 0.0575771  0.13575208 0.04645064]"|"[0.1068702  0.05291221 0.05732259 0.05729824 0.05226508 0.04157871
 0.02813324 0.7884     0.11326292 0.06075156 0.07023454 0.09079945
 0.03717637 0.00196424 0.18901891 0.41055867 0.19122282 0.06430194]"|2022/2023|True|True
0|3900978|2022-08-30|5|Crystal Palace|Brentford|1.0|1.0|0.98|1.43|"[0.03885025 0.04848045 0.02998754 0.07198599 0.23757258 0.03715593
 0.21222183 0.0821999  0.02815363 0.03315336 0.050731   0.07835639
 0.0291549 ]"|"[0.02877721 0.3576259  0.16507575 0.0739525  0.0441488  0.11274022
 0.26362714 0.19980121 0.18340591]"|2022/2023|True|True
0|3900974|2022-08-30|5|Fulham|Brighton & Hove Albion|2.0|1.0|0.68|1.42|"[0.07763129 0.01129758 0.02621618 0.01792929 0.3488892  0.0225603
 0.04638645 0.01801753 0.1014902  0.00834504]"|"[0.07477397 0.08531374        nan 0.7884     0.09130117 0.15841821
 0.2506032  0.01272941]"|2022/2023|True|True
0|3900979|2022-08-30|5|Southampton|Chelsea|2.0|1.0|1.1|1.1|"[0.04026386 0.0356414  0.03172657 0.09616962 0.04466727 0.2466726
 0.28684151 0.30189249 0.10236466]"|"[0.23093361 0.09921327 0.06779858 0.24220872 0.02677095 0.00682202
 0.15559334 0.2311649  0.00969988 0.02679157]"|2022/2023|True|True
0|3900975|2022-08-30|5|Leeds United|Everton|1.0|1.0|1.01|1.0|"[0.03432447 0.02891451 0.05141315 0.02207756 0.15797618 0.02447835
 0.01490229 0.08140984 0.04411629 0.28292403 0.02351418 0.11326268
 0.04434118 0.09019262]"|"[0.2824696  0.0437403  0.01588771 0.02079362 0.0633449  0.42278823
 0.14949262]"|2022/2023|True|True
0|3900973|2022-08-31|5|AFC Bournemouth|Wolverhampton Wanderers|0.0|0.0|0.42|1.51|[0.12419644 0.09446323 0.04486778 0.02746531 0.12415239]|"[0.02305776 0.03831598 0.04657319 0.03649122 0.25804764 0.03397167
 0.1414853  0.00807855 0.03720975 0.03988898 0.03694832 0.12539259
 0.22019202 0.06523323 0.14124757 0.21839541 0.03929758]"|2022/2023|True|True
0|3900972|2022-08-31|5|Arsenal|Aston Villa|2.0|1.0|2.56|0.45|"[0.0869081  0.02811703 0.07910159 0.04913142 0.0404582  0.0268985
 0.23633191 0.15739673 0.36361277 0.16736278 0.23095694 0.21162567
 0.05803588 0.14179882 0.02196521 0.03969207 0.06545469 0.36677325
 0.02807164 0.09041396 0.02786636 0.04930532]"|[0.14472854 0.05314532 0.23837125 0.01511633]|2022/2023|True|True
0|3900981|2022-08-31|5|Manchester City|Nottingham Forest|6.0|0.0|3.32|0.66|"[0.02574602 0.01945224 0.17794788 0.07419705 0.2731753  0.84157938
 0.07294858 0.44935128 0.06716397 0.0220409  0.04730195 0.05293939
 0.27336201 0.44890112 0.07897997 0.14520749 0.24755529]"|"[0.24432892 0.08495304 0.04043818 0.0169982  0.03913796 0.03412092
 0.15370515 0.04953304]"|2022/2023|True|True
0|3900977|2022-08-31|5|West Ham United|Tottenham Hotspur|1.0|1.0|1.24|0.63|"[0.05708981 0.0355528  0.0299558  0.04564449        nan 0.03170291
 0.12795174 0.03577176 0.13220465 0.03015465 0.15904558 0.10669836
 0.22137794 0.11074835 0.11643019]"|"[0.00856498 0.0436841  0.06065395 0.03108403 0.02737549 0.11752787
 0.05850855 0.09099287 0.03900084 0.03554478 0.06533536 0.05211735]"|2022/2023|True|True
0|3900980|2022-08-31|5|Liverpool|Newcastle United|2.0|1.0|1.5|0.72|"[0.04995742 0.02776656 0.34805626 0.04998463 0.0252333  0.06706756
 0.035272   0.05980766 0.05049422 0.08862299 0.1387077  0.05997807
 0.02851593 0.01200512 0.00990278 0.08094034 0.04142526 0.03322414
 0.04017836 0.01816979 0.03639856 0.08538136 0.11334804]"|[0.04505953 0.05306929 0.10896188 0.45235175 0.05641747]|2022/2023|True|True
0|3900976|2022-09-01|5|Leicester City|Manchester United|0.0|1.0|0.73|1.55|"[0.01988578 0.02193692 0.03688607 0.21754521 0.03759944 0.115706
 0.0110963  0.03595486 0.05047351 0.18490228]"|"[0.04777277 0.93594599 0.01822752 0.03108108 0.06124482 0.13768393
 0.12870282 0.04494119 0.14262274]"|2022/2023|True|True
0|3900986|2022-09-03|6|Everton|Liverpool|0.0|0.0|1.72|2.19|"[0.09037393 0.28374165 0.01509658 0.08397844 0.12190482 0.26262838
 0.06585187 0.04523662 0.05264857 0.53581995 0.02593634 0.04893941
 0.05900934 0.02553451]"|"[0.04979184 0.05841309 0.05005324 0.15050471 0.12252265 0.01791951
 0.11737588 0.08373907 0.02536529 0.11707756 0.07661057 0.03234744
 0.04203919 0.14801309 0.02785796 0.15146807 0.07348472 0.04474455
 0.1867182  0.0529986  0.07730374 0.46767294 0.06258327]"|2022/2023|True|True
0|3900983|2022-09-03|6|Brentford|Leeds United|5.0|2.0|2.43|1.92|"[0.08710194 0.02548087 0.09758341 0.7884     0.08636564 0.01555207
 0.14749435 0.03786641 0.01088598 0.09977663 0.22576895 0.42500052
 0.10891989 0.30871642]"|"[0.04521978 0.02605429 0.01337215 0.01840469 0.07584783 0.10163018
 0.09821686 0.03383049 0.03002104 0.04278344 0.02401972 0.85412043
 0.2483483  0.119928   0.08221188 0.05746138 0.0446884 ]"|2022/2023|True|True
0|3900985|2022-09-03|6|Chelsea|West Ham United|2.0|1.0|0.87|1.1|"[0.0695053  0.09316564 0.03331771 0.01274261 0.01355767 0.26590085
 0.22867796 0.14830914]"|[0.03348625 0.01237178 0.00822577 0.18420485 0.84784961 0.16619015]|2022/2023|True|True
0|3900988|2022-09-03|6|Newcastle United|Crystal Palace|0.0|0.0|2.83|1.01|"[0.35159671 0.0761717  0.20922267 0.10945186 0.16069585 0.43899837
 0.03208327 0.03586507 0.05784401 0.0331409  0.04467317 0.06091356
 0.04661199 0.08844647 0.06875509 0.20666024 0.10345235 0.0182054
 0.24281037 0.07429248 0.32199439 0.01905954 0.15690956]"|"[0.01900333 0.02968064 0.02007824 0.08309177 0.08988312 0.04614156
 0.0802373  0.06282797 0.0172599  0.04862893 0.03791887 0.0431923
 0.01365364 0.07257888 0.1128642  0.08415034 0.03848404 0.03542176
 0.07395324]"|2022/2023|True|True
0|3900989|2022-09-03|6|Nottingham Forest|AFC Bournemouth|2.0|3.0|1.9|0.78|"[0.02242801 0.02812597 0.08336064 0.07328486 0.18185213 0.04288107
 0.7884     0.02234727 0.13414225 0.07592219 0.44894737]"|"[0.08210745 0.01794925 0.05523348 0.01632285 0.06499174 0.15405998
 0.31511885 0.07139537]"|2022/2023|True|True
0|3900990|2022-09-03|6|Tottenham Hotspur|Fulham|2.0|1.0|2.98|0.73|"[0.09310457 0.01083437 0.03275248 0.03447044 0.01374918 0.12906247
 0.1855554  0.06597695 0.1800335  0.05096102 0.13142309 0.15329525
 0.07921001 0.10182548 0.04352751 0.24687681 0.18357965 0.04172078
 0.11831385 0.04058763 0.19480529 0.81127936 0.19258571]"|"[0.02164841 0.04354191 0.08031395 0.0515593  0.28731769 0.04210588
 0.07178223 0.09202698 0.03632364]"|2022/2023|True|True
0|3900991|2022-09-03|6|Wolverhampton Wanderers|Southampton|1.0|0.0|0.8|1.2|"[0.02138925 0.13693514 0.2670362  0.2121076  0.09609032 0.03590286
 0.03060746]"|"[0.05530888 0.35840648 0.02488577 0.03859422 0.0742189  0.0683516
 0.03955999 0.05251867 0.3803376  0.03731275 0.0432187  0.02355379]"|2022/2023|True|True
0|3900982|2022-09-03|6|Aston Villa|Manchester City|1.0|1.0|0.34|2.1|[0.17828763 0.07626006 0.0890913 ]|"[0.32113189 0.0543161  0.02946159 0.02847621 0.58337343 0.0428592
 0.14094022 0.16799948 0.13110572 0.03417674 0.35640836 0.0553492
 0.15822828]"|2022/2023|True|True
0|3900984|2022-09-04|6|Brighton & Hove Albion|Leicester City|5.0|2.0|2.76|1.45|"[0.03974771 0.06231532 0.31785947 0.03661734 0.14587358 0.02427828
 0.12341785 0.07126594 0.03224087 0.07752615 0.04677349 0.03062394
 0.18904397 0.22809455 0.15141943 0.04035714 0.7884     0.02132848
 0.04941151 0.11201265 0.10167933 0.03753984 0.03447524]"|"[0.84697062 0.07045627        nan 0.36159301 0.08345112 0.04860508
 0.03715789]"|2022/2023|True|True
0|3900987|2022-09-04|6|Manchester United|Arsenal|3.0|1.0|1.55|1.32|"[0.07058737 0.06960297 0.02673075 0.27004585 0.10996354 0.32490504
 0.25215539 0.12435097 0.19074887 0.11280185]"|"[0.02356854 0.07835662 0.02333453 0.09337139 0.0968087  0.03206167
 0.0276826  0.02205241 0.35251683 0.06412455 0.27542365 0.03728658
 0.04423669 0.06803474 0.05349821 0.02381259]"|2022/2023|True|True
0|3901002|2022-09-16|8|Aston Villa|Southampton|1.0|0.0|1.5|0.34|"[0.10372406 0.01616821 0.03239962 0.06274837 0.0694077  0.43752381
 0.09048173 0.04891127 0.04405338 0.03975493 0.58698416]"|"[0.07228339 0.0873085  0.03229949 0.01318043 0.02613896 0.02232307
 0.08360162]"|2022/2023|True|True
0|3901009|2022-09-16|8|Nottingham Forest|Fulham|2.0|3.0|1.41|0.94|"[0.03076583 0.11172083 0.37067151 0.11036286 0.05357057 0.04712182
 0.00923258 0.44105107 0.16333482 0.02830154 0.04784879]"|"[0.05593184 0.01146355 0.06929955 0.02058372 0.06527913 0.00973362
 0.03473312 0.04510218 0.02047107 0.03476194 0.14499602 0.1024577
 0.21018392 0.03205884 0.08093509]"|2022/2023|True|True
0|3901011|2022-09-17|8|Wolverhampton Wanderers|Manchester City|0.0|3.0|0.41|1.06|[0.09200794 0.03711706 0.12476045 0.04787338 0.01716805 0.09106892]|"[0.33169812 0.01256987 0.06460261 0.03669947 0.04377186 0.02426007
 0.04005647 0.02283791 0.02553841 0.01523235 0.06148195 0.12374717
 0.13895011 0.04674941 0.04654825 0.02931201]"|2022/2023|True|True
0|3901008|2022-09-17|8|Newcastle United|AFC Bournemouth|1.0|1.0|1.92|0.75|"[0.21156591 0.03832811 0.05233639 0.09361905 0.03916699 0.02927771
 0.07267886 0.0924108  0.03608686 0.10543302 0.06456819 0.06012604
 0.7884     0.05389538 0.05231521 0.00969607 0.07649478 0.01138192
 0.01350653 0.01703331]"|"[0.0320709  0.05231875 0.05292276 0.09215188 0.0516434  0.29940563
 0.04154301 0.03224406 0.04530066 0.04818961]"|2022/2023|True|True
0|3901010|2022-09-17|8|Tottenham Hotspur|Leicester City|6.0|2.0|2.19|1.77|"[0.31811062 0.08672652 0.01867431 0.15794095 0.03113407 0.08745164
 0.27795291 0.04397544 0.02213106 0.21406081 0.0547936  0.11666974
 0.14051005 0.05718502 0.20128369 0.35985285]"|"[0.7884     0.02576861 0.018525   0.02753001 0.0970197  0.0599288
 0.07522896 0.10932311 0.01797459 0.02050489 0.0657838  0.00945652
 0.13935187 0.12326753 0.04285696 0.0420579  0.02652112 0.02514035
 0.05914801]"|2022/2023|True|True
0|3901003|2022-09-18|8|Brentford|Arsenal|0.0|3.0|0.53|1.52|[0.03658417 0.04930675 0.1023694  0.30332536 0.04108363]|"[0.16999152 0.16437247 0.19981527 0.11990327 0.04069549 0.02309453
 0.02090514 0.19169325 0.04572651 0.26416856 0.08560571 0.0218468
 0.1710234 ]"|2022/2023|True|True
0|3901006|2022-09-18|8|Everton|West Ham United|1.0|0.0|0.36|1.04|"[0.11398637 0.01791421 0.06898972 0.05390835 0.05875543 0.02659357
 0.02058166]"|"[0.03900546 0.02478161 0.05791163 0.03408501 0.10494453 0.13594407
 0.05359402 0.07567978 0.01938358 0.02815923 0.10693812 0.02986938
 0.07310945 0.2556015 ]"|2022/2023|True|True
0|3901012|2022-10-01|9|Arsenal|Tottenham Hotspur|3.0|1.0|2.38|1.57|"[0.0621894  0.17033136 0.02102333 0.02304009 0.02010849 0.03736883
 0.03307676 0.13847938 0.14956859 0.03532454 0.02590123 0.07954371
 0.95118713 0.2080254  0.12017554 0.00942636 0.04394805 0.14200926
 0.05189916 0.01933458 0.08068049 0.0294522 ]"|"[0.45288146 0.09327966 0.7884     0.10599983 0.05013591 0.06879312
 0.01475343]"|2022/2023|True|True
0|3901013|2022-10-01|9|AFC Bournemouth|Brentford|0.0|0.0|0.38|0.87|"[0.05582398 0.08120215 0.08202174 0.04556888 0.02720717 0.04673865
 0.0427407 ]"|"[0.07788604 0.02180842 0.04148194 0.05157682 0.01644009 0.0635643
 0.03572735 0.09267932 0.14262569 0.05114934 0.21598768 0.01241487
 0.04465351]"|2022/2023|True|True
0|3901014|2022-10-01|9|Crystal Palace|Chelsea|1.0|2.0|0.44|1.14|"[0.20251456 0.02707565 0.02740687 0.04289439 0.01321316 0.06015772
 0.06184378]"|"[0.08789819 0.06464994 0.329566   0.03840277 0.15526691 0.06369942
 0.04813147 0.04330412 0.04378915 0.07861769 0.0628503  0.08469072
 0.03783461]"|2022/2023|True|True
0|3901015|2022-10-01|9|Fulham|Newcastle United|1.0|4.0|0.47|3.55|[0.27865997 0.03648692 0.15265   ]|"[0.07694563 0.30882221 0.24877948 0.91643786 0.09939367 0.13580379
 0.07469821 0.0465585  0.06391451 0.12253299 0.04065624 0.0213291
 0.16456988 0.2412163  0.02149084 0.79813731 0.04171515 0.09170198
 0.05818513]"|2022/2023|True|True
0|3901018|2022-10-01|9|Liverpool|Brighton & Hove Albion|3.0|3.0|1.47|1.37|"[0.10606283 0.04227173 0.02538994 0.03128499 0.26318586 0.1767399
 0.05495703 0.04760849 0.02886599 0.07540584 0.28520215 0.17078856
 0.03916666 0.03197423 0.09248814]"|"[0.24180365 0.2954362  0.22212163 0.08822811        nan 0.20778486
 0.31410575]"|2022/2023|True|True
0|3901020|2022-10-01|9|Southampton|Everton|1.0|2.0|1.75|1.96|"[0.07334939 0.02134392 0.04983106 0.0925065  0.04989734 0.21944651
 0.06489331 0.11260089 0.06686318 0.18103701 0.06496137 0.05128232
 0.1076332  0.14266062 0.03138238 0.08559436 0.03086966 0.04349783
 0.03904611 0.0366168  0.15289935 0.03920409]"|"[0.05398914 0.07573339 0.14555311 0.03816214 0.23095694 0.55641073
 0.12083513 0.0173265  0.22063875 0.43255535 0.0742541  0.02165079]"|2022/2023|True|True
0|3901021|2022-10-01|9|West Ham United|Wolverhampton Wanderers|2.0|0.0|0.92|0.74|"[0.03335842 0.03056401 0.03296974 0.05371609 0.10338897 0.01934835
 0.12408978 0.0214043  0.02800566 0.04835701 0.02023545 0.03251022
 0.0741632  0.0271455  0.10843149 0.0928748  0.02295688 0.04207668]"|"[0.0332371  0.09780958 0.02451643 0.10113528 0.02430508 0.01063362
 0.05432644 0.04767105 0.02855971 0.04859817 0.01607338 0.0891915
 0.07211757 0.06309065 0.02889809]"|2022/2023|True|True
0|3901019|2022-10-02|9|Manchester City|Manchester United|6.0|3.0|3.3|1.67|"[0.06566566 0.2306031  0.4704611  0.17682144 0.14584193 0.13568109
 0.0307138  0.0278537  0.08885181 0.08347476 0.06782883 0.02201331
 0.15911874 0.4589541  0.40569967 0.07809022 0.01988879 0.05011874
 0.34112972 0.25091702 0.03668547 0.06344342]"|"[0.05588937 0.02111086 0.02869621 0.03376526 0.02074528 0.03295916
 0.10198128 0.47790691 0.09441423 0.01667774 0.04568616 0.7884    ]"|2022/2023|True|True
0|3901016|2022-10-02|9|Leeds United|Aston Villa|0.0|0.0|0.37|2.25|[0.04038328 0.03434923 0.08294147 0.04979268 0.09735602 0.0651463 ]|"[0.09182531 0.30534554 0.04875883 0.02727142 0.01978108 0.22019374
 0.07840315 0.07390875 0.51259726 0.04382101 0.01676932 0.35820276
 0.05752316 0.03877285 0.08613479 0.04308096 0.25037593 0.01889691
 0.02352893]"|2022/2023|True|True
0|3901017|2022-10-03|9|Leicester City|Nottingham Forest|4.0|0.0|1.32|1.16|"[0.03242972 0.07622141 0.2736553  0.02797735 0.02319393 0.06915024
 0.12897813 0.07784659 0.05540621 0.05598295 0.00766131 0.08892372
 0.04191136 0.07426149 0.0713495  0.05398414 0.16557112]"|"[0.01198292 0.02238971 0.36998594 0.09262323 0.03253758 0.09132594
 0.15558845 0.0778392  0.10763305 0.19951993]"|2022/2023|True|True
0|3901023|2022-10-08|10|AFC Bournemouth|Leicester City|2.0|1.0|1.14|1.08|"[0.01566195 0.01526916 0.0702621  0.1165736  0.08715108 0.05786598
 0.12980798 0.06218264 0.16284621 0.41817096]"|"[0.09059995 0.26423663 0.24481761 0.16561848 0.18259874 0.03075027
 0.03610784 0.03572002 0.02631748]"|2022/2023|True|True
0|3901025|2022-10-08|10|Chelsea|Wolverhampton Wanderers|3.0|0.0|1.9|1.11|"[0.11874014 0.03267783 0.02420518 0.05164307 0.05930975 0.04596421
 0.04517788 0.1931555  0.02104732 0.0869554  0.0704594  0.03146064
 0.04869735 0.08251858 0.0716944  0.28475055 0.22800049 0.31013781
 0.02859816 0.06977263]"|"[0.03539339 0.03394535 0.13754123 0.14404351 0.20452803 0.22675604
 0.26081687 0.0718852 ]"|2022/2023|True|True
0|3901028|2022-10-08|10|Manchester City|Southampton|4.0|0.0|2.47|0.16|"[0.05662924 0.41347104 0.05626786 0.34023339 0.04386505 0.17035058
 0.06274322 0.10842249 0.19765249 0.09392181 0.05157211 0.01395074
 0.04887694 0.11976975 0.06179586 0.04604608 0.15011579 0.20904431
 0.1646114  0.03837362 0.04312888]"|[0.05333951 0.0140256  0.02627671 0.02017847 0.04230767]|2022/2023|True|True
0|3901029|2022-10-08|10|Newcastle United|Brentford|5.0|1.0|1.53|1.19|"[0.02214348 0.03828448 0.04888284 0.11724451 0.09343249 0.12210369
 0.0309912  0.03297365 0.23534676 0.01468098 0.19249988 0.0415256
 0.01697546 0.08669573 0.01542416 0.42127773]"|"[0.12008464 0.03984636 0.7884     0.01778451 0.20546818 0.01594964
        nan]"|2022/2023|True|True
0|3901024|2022-10-08|10|Brighton & Hove Albion|Tottenham Hotspur|0.0|1.0|0.72|0.79|"[0.04495332 0.02058488 0.03998908 0.0082787  0.16655499 0.04180613
 0.04033202 0.04898643 0.09241194 0.03180084 0.03450117 0.01405498
 0.05911222 0.07360137]"|"[0.04065177 0.05965015 0.10391942 0.0276812  0.03816652 0.35496199
 0.15140611 0.01448432]"|2022/2023|True|True
0|3901026|2022-10-09|10|Crystal Palace|Leeds United|2.0|1.0|1.08|0.96|"[0.09958142 0.08664861 0.13417169 0.03230762 0.05067334 0.17613098
 0.04056835 0.03904769 0.04585516 0.14890477 0.03228411 0.18851596
 0.00421199]"|"[0.06609976 0.07575223 0.20791802 0.02841094 0.01796186 0.34911072
 0.03596616 0.08786801 0.02677402 0.08484483]"|2022/2023|True|True
0|3901031|2022-10-09|10|West Ham United|Fulham|3.0|1.0|3.04|0.7|"[0.04087773 0.11906976 0.05523941 0.09734556 0.67394108 0.7884
 0.04280135 0.18009552 0.01678246 0.0409393  0.08263242 0.04218602
 0.32175517 0.03112417 0.14048085 0.13195035 0.30204874]"|"[0.14963186 0.04111403 0.02739093 0.18303415 0.03571549 0.07002753
 0.12028667 0.07059595]"|2022/2023|True|True
0|3901022|2022-10-09|10|Arsenal|Liverpool|3.0|2.0|3.09|1.13|"[0.4504506  0.04498258 0.89068973 0.15563864 0.08665627 0.17463055
 0.07590201 0.20655394 0.24015659 0.04688832 0.7884    ]"|"[0.1015124  0.01404518 0.02872854 0.05841514 0.46570301 0.3437691
 0.07181117 0.04577008]"|2022/2023|True|True
0|3901027|2022-10-09|10|Everton|Manchester United|1.0|2.0|0.65|1.45|"[0.0683648  0.11664245 0.02053693 0.02924266 0.06057075 0.11371264
 0.0170311  0.11500272 0.03885871 0.0303857  0.0368396 ]"|"[0.05643231 0.07090178 0.37948814 0.04320776 0.02655602 0.04745841
 0.28786352 0.2133466  0.02106714 0.14909416 0.0816738  0.07394966]"|2022/2023|True|True
0|3901030|2022-10-10|10|Nottingham Forest|Aston Villa|1.0|1.0|0.31|0.69|[0.05714574 0.05073583 0.04081017 0.04826087 0.05410689 0.05452839]|"[0.02648428 0.01356661 0.02574846 0.02876332 0.04130572 0.07186061
 0.05425227 0.06114534 0.0137319  0.08560616 0.22453782 0.0445472 ]"|2022/2023|True|True
0|3901033|2022-10-14|11|Brentford|Brighton & Hove Albion|2.0|0.0|1.47|1.95|"[0.12936458 0.01846132 0.0530293  0.23498365 0.14540222 0.7884
 0.09610623]"|"[0.08723661 0.26828974 0.02505767 0.01904193 0.0187107  0.21283081
 0.05262083 0.26805902 0.05164021 0.04105616 0.12898505 0.03693736
 0.02471668 0.19703779 0.11122298 0.01919022 0.06693915 0.13720593
 0.04216576 0.07472157 0.0654307 ]"|2022/2023|True|True
0|3901036|2022-10-15|11|Leicester City|Crystal Palace|0.0|0.0|1.03|0.39|"[0.09534684 0.04568174 0.09914577 0.01920673 0.18478677 0.01604372
 0.05018896 0.09830946 0.03069288 0.06214201 0.03740048 0.1923551
 0.03050259 0.0689311 ]"|"[0.08138901 0.02544701 0.05687475 0.03268388 0.02771163 0.0464218
 0.07442552 0.04785538]"|2022/2023|True|True
0|3901034|2022-10-15|11|Fulham|AFC Bournemouth|2.0|2.0|2.13|1.05|"[0.03606036 0.07866696 0.03605157 0.0483886  0.02339336 0.07798067
 0.24542922 0.01643309 0.25248051 0.04906532 0.07019329 0.08922452
 0.7884     0.08083099 0.05083966 0.05025679 0.06106809 0.02137929
 0.05001226]"|"[0.29572928 0.1136415  0.10592052 0.25815463 0.01941088 0.04988036
 0.02370578 0.04413325 0.1429525  0.02827674]"|2022/2023|True|True
0|3901041|2022-10-15|11|Wolverhampton Wanderers|Nottingham Forest|1.0|0.0|1.32|1.49|"[0.0685679  0.03443003 0.11437231 0.06960163 0.09129804 0.06042191
 0.0819284  0.7884     0.01087719]"|"[0.05968082 0.05114102 0.09348303 0.00193733 0.07283115 0.09440967
 0.04518506 0.7884     0.03762093 0.24046841]"|2022/2023|True|True
0|3901040|2022-10-15|11|Tottenham Hotspur|Everton|2.0|0.0|2.27|0.43|"[0.03929734 0.11024567 0.03609583 0.02293605 0.02502608 0.06541732
 0.02715883 0.04086348 0.09811062 0.1202918  0.10033566 0.09006831
 0.02160162 0.18857059 0.05279309 0.7884     0.0222095  0.0762842
 0.12600151 0.09896761 0.13303033]"|[0.0997605  0.0287545  0.06739539 0.23095694]|2022/2023|True|True
0|3901032|2022-10-16|11|Aston Villa|Chelsea|0.0|2.0|1.79|0.87|"[0.05696151 0.01666704 0.40224051 0.05656591 0.18066204 0.20880878
 0.02885294 0.24938136 0.0356892  0.04938409 0.03509909 0.12565416
 0.04545519 0.04756206 0.1317682  0.03108886 0.05807394 0.03698936]"|"[0.30944985 0.03589836 0.08060473 0.10117325 0.10067078 0.02964574
 0.08948088 0.11890498]"|2022/2023|True|True
0|3901035|2022-10-16|11|Leeds United|Arsenal|0.0|1.0|1.86|0.55|"[0.04173219 0.03795782 0.03985161 0.21342191 0.03485721 0.08960903
 0.02165729 0.03997201 0.14909044 0.06886974 0.7884     0.09236494
 0.06756932 0.03234139 0.09574297 0.04170072]"|"[0.10071793 0.04196882 0.06881088 0.05230683 0.03700331 0.09240118
 0.03438959 0.05075264 0.0712136 ]"|2022/2023|True|True
0|3901038|2022-10-16|11|Manchester United|Newcastle United|0.0|0.0|0.82|0.91|"[0.04157674 0.04179481 0.02586222 0.07359058 0.02188733 0.03908578
 0.0770691  0.0301674  0.02359328 0.03059858 0.04220197 0.00843227
 0.07229516 0.02558124 0.26656753]"|"[0.13556796 0.09803787 0.05945304 0.04717806 0.25023264 0.1661301
 0.03319794 0.07715079 0.05272818]"|2022/2023|True|True
0|3901039|2022-10-16|11|Southampton|West Ham United|1.0|1.0|0.45|1.68|"[0.0441907  0.04138917 0.00519359 0.14638513 0.03118572 0.06792769
 0.04973233 0.02446187 0.01381072 0.03217515]"|"[0.03609398 0.01631913 0.10801589 0.11137605 0.03039151 0.03577036
 0.02929074 0.02776581 0.0741058  0.02554461 0.09132636 0.08722726
 0.04441762 0.02822009 0.02405921 0.11142164 0.03918785 0.11832735
 0.1001111  0.02135178 0.01531833 0.02995294 0.14308169 0.02163309
 0.30987886]"|2022/2023|True|True
0|3901037|2022-10-16|11|Liverpool|Manchester City|1.0|0.0|2.04|0.81|"[0.12935363 0.06914676 0.02396068 0.44266865 0.04813593 0.05531815
 0.51308388 0.0475534  0.0248411  0.02900645 0.04592639 0.33508399
 0.28068966]"|"[0.03147568 0.01633443 0.02453957 0.02673422 0.01489847 0.0997392
 0.09897912 0.02970849 0.05728981 0.02000719 0.06795517 0.13637206
 0.09659118 0.01862545 0.02181522 0.05209436]"|2022/2023|True|True
0|3901045|2022-10-18|12|Brighton & Hove Albion|Nottingham Forest|0.0|0.0|1.66|0.13|"[0.04543817 0.06034976 0.0583069  0.13726687 0.09132689 0.03655052
 0.06009248 0.0505054  0.12971023 0.27299351 0.05406132 0.17784819
 0.02204931 0.02721629 0.15539664 0.0270344  0.17100358 0.04229242
 0.07690546]"|[0.03360116 0.07863879 0.01457787]|2022/2023|True|True
0|3901048|2022-10-18|12|Crystal Palace|Wolverhampton Wanderers|2.0|1.0|1.2|0.84|"[0.03786248 0.04610041 0.0541569  0.02527174 0.06275004 0.08909866
 0.19001624 0.06597066 0.03808203 0.05489343 0.06845218 0.05396307
 0.35601586 0.05732167]"|"[0.14089721 0.00768346 0.14145297 0.07208878 0.07229352 0.07077047
 0.11701858 0.15394852 0.04576802 0.02102238]"|2022/2023|True|True
0|3901043|2022-10-19|12|AFC Bournemouth|Southampton|0.0|1.0|1.04|1.03|"[0.03853989 0.02587417 0.01823488 0.02319339 0.07882375 0.0524101
 0.13536561 0.03231195 0.07717329 0.24493697 0.11793309 0.05802083
 0.00909337 0.06309772 0.06746176]"|"[0.03090325 0.12274629 0.30383745 0.054169   0.05999017 0.26813832
 0.04682353 0.05545557 0.09090224]"|2022/2023|True|True
0|3901044|2022-10-19|12|Brentford|Chelsea|0.0|0.0|1.25|0.86|"[0.18579748 0.23013976 0.30302846 0.20048416 0.04086879 0.00055924
 0.09836626 0.19374302]"|"[0.13093528 0.02153152 0.05113858 0.04658023 0.13997471 0.03785107
 0.03139168 0.04435751 0.02346832 0.11223629 0.03751299 0.07644254
 0.02341935 0.08726901]"|2022/2023|True|True
0|3901050|2022-10-19|12|Liverpool|West Ham United|1.0|0.0|1.73|1.84|"[0.0367887  0.03636891 0.02765527 0.07006526 0.09893036 0.09717366
 0.10678655 0.02613574 0.03079635 0.0661602  0.07525775 0.04650402
 0.11652294 0.05298373 0.01926878 0.08747819 0.09522784 0.06424493
 0.37960565 0.11048824 0.0553546  0.05733505]"|"[0.7884     0.10064611 0.20567372 0.01241735 0.09565589 0.04532519
 0.41112012 0.18238041]"|2022/2023|True|True
0|3901049|2022-10-19|12|Newcastle United|Everton|1.0|0.0|1.46|0.17|"[0.02520785 0.03975371 0.04172084 0.06140512 0.24784163 0.07259735
 0.03392923 0.05357081 0.16393811 0.05068019 0.09466136 0.06118917
 0.12243146 0.13495368 0.13004532 0.12644649]"|[0.17316949]|2022/2023|True|True
0|3901051|2022-10-19|12|Manchester United|Tottenham Hotspur|2.0|0.0|1.52|0.5|"[0.04073404 0.03546707 0.01765829 0.02268795 0.03738473 0.02075154
 0.02174672 0.27398467 0.05955167 0.03529334 0.03677057 0.04238531
 0.02683255 0.01828542 0.0231056  0.04306627 0.08966512 0.09073999
 0.03529073 0.05240763 0.1348995  0.03449275 0.04210652 0.01665557
 0.08982126 0.02443468 0.09408198 0.06320123]"|"[0.02810375 0.03136615 0.02900464 0.0277233  0.02461156 0.0447121
 0.07139014 0.22078393 0.01909775]"|2022/2023|True|True
0|3901046|2022-10-20|12|Fulham|Aston Villa|3.0|0.0|2.17|1.16|"[0.12376863 0.0346469  0.01093987 0.0340018  0.07472378 0.0402576
 0.03779298 0.04244629 0.04832524 0.08740315 0.12611443 0.15478602
 0.21499208 0.09310019 0.11675763 0.10429054 0.05588266 0.7884    ]"|"[0.08995068 0.07146022 0.08533427 0.03192556 0.15422675 0.01228121
 0.29256272 0.01562324 0.1731751  0.02242005 0.08741042        nan
 0.12328976]"|2022/2023|True|True
0|3901047|2022-10-20|12|Leicester City|Leeds United|2.0|0.0|0.79|1.33|[0.0150564  0.46815979 0.04711866 0.21411175 0.04542255]|"[       nan 0.0237664  0.05389062 0.14028582 0.05605933 0.14172572
 0.06374311 0.31937617 0.27211791 0.03774738 0.08200288 0.04212478
 0.01994702 0.03453439 0.04365915]"|2022/2023|True|True
0|3901057|2022-10-22|13|Nottingham Forest|Liverpool|1.0|0.0|1.85|1.66|"[0.06103799 0.0717442  0.13452053 0.03285348 0.28441668 0.59751415
 0.35683751 0.19401953 0.07725051 0.21217042]"|"[0.37972212 0.12133792 0.09906942 0.03271398 0.04879725 0.07075009
 0.06322968 0.05550826 0.21904376 0.05241585 0.07172218 0.06825873
 0.07657012 0.16782147 0.13340941]"|2022/2023|True|True
0|3901054|2022-10-22|13|Everton|Crystal Palace|3.0|0.0|1.45|0.95|"[0.02836308 0.17496374 0.18332469 0.03256753 0.01949203 0.04042688
 0.11829776 0.9274866  0.03454715]"|"[0.0262042  0.03404751 0.08102587 0.06275117 0.18740442 0.2795943
 0.03491998 0.16555312 0.07458913]"|2022/2023|True|True
0|3901056|2022-10-22|13|Manchester City|Brighton & Hove Albion|3.0|1.0|1.63|0.48|"[2.47105300e-01 9.91932452e-02 1.08123332e-01 7.88400000e-01
 1.56114250e-01 6.28077090e-02 6.91890717e-04 8.64006579e-02
 3.00221443e-02 4.80500758e-02]"|"[0.05524972 0.0477457  0.15166357 0.05315936 0.01718676 0.08088401
 0.03242928 0.04163116]"|2022/2023|True|True
0|3901053|2022-10-22|13|Chelsea|Manchester United|1.0|1.0|1.06|0.84|[0.08029744 0.02706078 0.02496445 0.01640248 0.12686619 0.7884    ]|"[0.04051051 0.05971068 0.03008986 0.18104777 0.08842349 0.05445227
 0.01294687 0.18803909 0.03737247 0.02632245 0.03067535 0.03639719
 0.05260742]"|2022/2023|True|True
0|3901052|2022-10-23|13|Aston Villa|Brentford|4.0|0.0|2.9|0.95|"[0.0467476  0.12500122 0.03322369 0.43137866 0.13475391 0.7884
 0.06329739 0.03679636 0.01936135 0.02882606 0.05631882 0.04115975
 0.30428678 0.03935578 0.10833216 0.04726404 0.21629757 0.13460085
 0.39884621]"|"[0.04301798 0.07321522 0.07630053 0.03468668 0.11356783 0.06555328
 0.08413219 0.02362746 0.25752869 0.0498997  0.03663912 0.09379384]"|2022/2023|True|True
0|3901055|2022-10-23|13|Leeds United|Fulham|2.0|3.0|1.71|1.85|"[0.03548437 0.04538038 0.22888532 0.38077539 0.07245386 0.07677168
 0.06350055 0.06702703 0.04729754 0.02699062 0.40405917 0.07282442
 0.05283293 0.13587755]"|"[0.32197851 0.15828717 0.47530991 0.02772841 0.06570062 0.05176604
 0.09700266 0.06089947 0.04280159 0.46569404 0.08224061]"|2022/2023|True|True
0|3901058|2022-10-23|13|Southampton|Arsenal|1.0|1.0|0.67|0.99|"[0.01601821 0.02902389 0.02778563 0.0784032  0.04837614 0.04289663
 0.30370235 0.02271813 0.01629555 0.08859348]"|"[0.17661518 0.09477457 0.11645028 0.06639546 0.04445133 0.02040726
 0.04135203 0.07941937 0.15736988 0.05099231 0.0906986  0.0555909 ]"|2022/2023|True|True
0|3901061|2022-10-23|13|Wolverhampton Wanderers|Leicester City|0.0|4.0|2.12|0.89|"[0.02053419 0.06798488 0.03133324 0.021355   0.27697286 0.15289956
 0.05047685 0.05915046 0.19121256 0.07412055 0.3688238  0.24026942
 0.14051452 0.00817481 0.11397547 0.05240259 0.09107113 0.03877708
 0.11345744 0.02442023 0.02075788]"|[0.02236307 0.22617656 0.0845297  0.5144856  0.0439162 ]|2022/2023|True|True
0|3901059|2022-10-23|13|Tottenham Hotspur|Newcastle United|1.0|2.0|1.65|1.21|"[0.04701504 0.06127986 0.03774038 0.23095694 0.09401631 0.0284608
 0.07491857 0.11836365 0.05126137 0.02066067 0.12626031 0.08633989
 0.10956725 0.36069077 0.06759015 0.10665694 0.02970517]"|"[0.03157106 0.01993456 0.02524608 0.11006761 0.39410454 0.0255616
 0.04093298 0.04744524 0.0343636  0.09360358 0.04663834 0.30001205
 0.03547704]"|2022/2023|True|True
0|3901060|2022-10-24|13|West Ham United|AFC Bournemouth|2.0|0.0|1.9|0.39|"[0.0340319  0.0707128  0.05445144 0.14805743 0.02607763 0.06756166
 0.02340466 0.01112902 0.02699414 0.03812671 0.29179132 0.02172616
 0.02463889 0.06011096 0.04925886 0.02729586 0.00888431 0.10569078
 0.02351296 0.7884    ]"|[0.11310902 0.02538511 0.13157323 0.06860021 0.04788426]|2022/2023|True|True
0|3901068|2022-10-29|14|Leicester City|Manchester City|0.0|1.0|0.71|1.03|"[0.05402794 0.0196287  0.01510364 0.0046066  0.04734197 0.18304107
 0.0456157  0.19348767 0.09576476 0.04673111]"|"[0.07945448 0.05274156 0.04968706 0.08671582 0.19599557 0.04231054
 0.04536569 0.04138461 0.01633084 0.15623581 0.14550465 0.03438565
 0.02016988 0.03802425 0.02385905]"|2022/2023|True|True
0|3901063|2022-10-29|14|AFC Bournemouth|Tottenham Hotspur|2.0|3.0|0.54|2.09|[0.02918813 0.03848431 0.01813674 0.2240321  0.19666669 0.02957055]|"[0.11425644 0.02441293 0.05585468 0.04539961 0.02917024 0.02316973
 0.03197765 0.08617684 0.11815557 0.09275988 0.03943333 0.03598866
 0.12448132 0.24413455 0.21922213 0.12312531 0.04371834 0.09121263
 0.05534568 0.08755535 0.03913096 0.21309599 0.15396771]"|2022/2023|True|True
0|3901064|2022-10-29|14|Brentford|Wolverhampton Wanderers|1.0|1.0|1.41|0.61|"[0.03656098 0.12937579 0.04667819 0.06997487 0.02084276 0.33576941
 0.05011573 0.12149605 0.05518302 0.05558786 0.43036115 0.06180382]"|"[0.05561331 0.02798775 0.03636888 0.04597732 0.00332844 0.02644148
 0.04130554 0.08385113 0.05306649 0.01256299 0.03831446 0.12666246
 0.05713475]"|2022/2023|True|True
0|3901065|2022-10-29|14|Brighton & Hove Albion|Chelsea|4.0|1.0|2.27|1.43|"[0.42369077 0.02226949 0.60203803 0.02488206 0.10877852 0.17473744
 0.08301021 0.15114656 0.03029837 0.03979029 0.03971723 0.05486419
 0.02154679 0.11563338 0.03652035 0.01888882 0.14205645 0.18435414
 0.02467919]"|"[0.         0.04084611 0.22507632 0.14717756 0.03806742 0.07099359
 0.05283536 0.         0.47020745 0.02029974 0.02528285 0.12045077
 0.03737031 0.01879147 0.03714149 0.01710011 0.14043939]"|2022/2023|True|True
0|3901066|2022-10-29|14|Crystal Palace|Southampton|1.0|0.0|0.89|1.32|"[0.05297476 0.08388808 0.02039868 0.02970603 0.040876   0.0451965
 0.11143172 0.0900211  0.17377982 0.06324059 0.15623853 0.02390075]"|"[0.02099308 0.15506986 0.0155597  0.03391522 0.089571   0.23095694
 0.06007418 0.04285681 0.09911731 0.12972713 0.30865836 0.04681486
 0.03743666 0.04441595]"|2022/2023|True|True
0|3901071|2022-10-29|14|Newcastle United|Aston Villa|4.0|0.0|3.44|0.37|"[0.49342692 0.03149301 0.0298222  0.23095694 0.08426881 0.7884
 0.04674771 0.32182276 0.135205   0.41402027 0.04603267 0.02499023
 0.09242162 0.15462828 0.03636044 0.04771903 0.08357143 0.06977299
 0.13634092 0.23095694]"|[0.25319114 0.05406332 0.05955139]|2022/2023|True|True
0|3901067|2022-10-29|14|Fulham|Everton|0.0|0.0|1.93|0.94|"[0.26860982 0.35832295 0.0264791  0.03315353 0.00860268 0.02836311
 0.06838679 0.04574373 0.22908518 0.05004612 0.03249738 0.0195998
 0.09993154 0.06147823 0.11055219 0.04069662 0.04506755 0.09909385
 0.04553467 0.07262802 0.02657121 0.08849624 0.01745731 0.05747843]"|"[0.00675985 0.08157781 0.01513746 0.50316817 0.03189641 0.03885308
 0.13696688 0.07067922 0.05237973]"|2022/2023|True|True
0|3901069|2022-10-29|14|Liverpool|Leeds United|1.0|2.0|1.74|1.77|"[0.03102267 0.03207704 0.09191215 0.35460246 0.14856818 0.02945036
 0.04430068 0.02875701 0.0484497  0.05795142 0.21185523 0.02776214
 0.08577913 0.06417361 0.08906335 0.04092216 0.0554792  0.09166452
 0.01589119 0.04514563 0.11500674 0.02915099]"|"[0.79713619 0.03896764 0.15229356 0.15786213 0.07253563 0.02054206
 0.02693582 0.15574127 0.05849048 0.02292666 0.11555001 0.03338403
 0.02901679 0.09091946]"|2022/2023|True|True
0|3901062|2022-10-30|14|Arsenal|Nottingham Forest|5.0|0.0|2.3|0.43|"[0.09745979 0.03604069 0.06894422 0.07849059 0.12090001 0.17084545
 0.15637261 0.04091677 0.03984642 0.02732411 0.03645736 0.15708137
 0.21424687 0.29292852 0.03686935 0.26569879 0.029623   0.03815839
 0.1288839  0.10318217 0.10728458 0.04467282 0.04204807 0.02843836]"|[0.04308748 0.0259102  0.08934799 0.22953385 0.04349011]|2022/2023|True|True
0|3901070|2022-10-30|14|Manchester United|West Ham United|1.0|0.0|1.24|1.08|"[0.05297941 0.06255049 0.02904463 0.13999757 0.04646903 0.04784057
 0.01844802 0.02784505 0.283167   0.03716195 0.20242327 0.04584464
 0.05923602 0.0218181  0.03027368 0.13078192]"|"[0.09258553 0.02765542 0.02446565 0.13800943 0.07579955 0.04824218
 0.04399824 0.02526838 0.02962476 0.08335236 0.02649257 0.44360906
 0.02097419]"|2022/2023|True|True
0|3901075|2022-11-05|15|Leeds United|AFC Bournemouth|4.0|3.0|2.16|1.47|"[0.7884     0.0539234  0.02113605 0.03761724 0.06966028 0.07675931
 0.06630743 0.03648102 0.10481077 0.01787394 0.13125852 0.03131312
 0.03843635 0.01535264 0.04325271 0.08115539 0.51049006 0.0365608 ]"|"[0.15727228 0.13861269 0.04800934 0.04655427 0.08592859 0.11956212
 0.51564169 0.27815646 0.08923373]"|2022/2023|True|True
0|3901076|2022-11-05|15|Manchester City|Fulham|2.0|1.0|2.08|0.95|"[0.30828992 0.02699375 0.0485827  0.02359328 0.09561184 0.12013531
 0.04270065 0.07775766 0.13605237 0.04840577 0.0095647  0.04121724
 0.1421808  0.06384906 0.10742307 0.7884    ]"|[0.7884     0.12499404 0.03171352 0.00663176]|2022/2023|True|True
0|3901077|2022-11-05|15|Nottingham Forest|Brentford|2.0|2.0|1.48|1.46|"[0.13570252 0.22772902 0.23526767 0.02827361 0.05541271 0.05836526
 0.02371755 0.05033633 0.08931908 0.05050531 0.05750549 0.2480785
 0.01545709 0.07250008 0.12949941]"|"[0.14246023 0.02151862 0.7884     0.03707391 0.39406854 0.07273769
        nan]"|2022/2023|True|True
0|3901081|2022-11-05|15|Wolverhampton Wanderers|Brighton & Hove Albion|2.0|3.0|1.23|1.57|"[0.1711058  0.7884     0.0416545  0.02580374 0.00907195 0.06750607
 0.04764655 0.07595974]"|"[0.02660081 0.09101942 0.19133571 0.25047195 0.03168911 0.04212007
 0.10662591 0.05201513 0.01575544 0.05030102 0.01949966 0.08599016
 0.12943345 0.06130388 0.02156946 0.09329858 0.17038587 0.09301606
 0.03296062]"|2022/2023|True|True
0|3901074|2022-11-05|15|Everton|Leicester City|0.0|2.0|1.24|2.36|"[0.19342646 0.03194863 0.02497107 0.10601661 0.09953603 0.08038634
 0.03648147 0.37484419 0.02416566 0.07739609 0.05350509 0.13656822]"|"[0.08281705 0.14168715 0.02966264 0.06998241 0.04094657 0.10550943
 0.05003738 0.03604099 0.02277678 0.097635   0.0263049  0.29196256
 0.11872855 0.08811259 0.02183798 0.05242389 0.21725258 0.04307151
 0.02677622 0.07204026 0.10603815 0.62208551]"|2022/2023|True|True
0|3901073|2022-11-06|15|Chelsea|Arsenal|0.0|1.0|0.29|2.25|[0.04369286 0.12873131 0.01982543 0.04905763 0.05019748]|"[0.02495402 0.10035777 0.09137669 0.05852094 0.32744783 0.02670956
 0.18353793 0.15989587 0.07067046 0.15952122 0.77531576 0.1072681
 0.12325719 0.04474649]"|2022/2023|True|True
0|3901072|2022-11-06|15|Aston Villa|Manchester United|3.0|1.0|0.66|0.52|"[0.27805889 0.03455785 0.10091701 0.01569363        nan 0.05206895
 0.16546011]"|"[0.01404998 0.18470174 0.1398479  0.02116519 0.02844879 0.02317765
 0.03257504 0.07410148]"|2022/2023|True|True
0|3901078|2022-11-06|15|Southampton|Newcastle United|1.0|4.0|1.74|0.86|"[0.02017608 0.02646431 0.09764829 0.65634811 0.03017151 0.04813638
 0.0383074  0.13679641 0.04375741 0.04760081 0.03403625 0.02907807
 0.07134163 0.11678559 0.32750633 0.02042562]"|"[0.09171087 0.10573092 0.23141709 0.14381871 0.07667565 0.18301612
 0.02740228]"|2022/2023|True|True
0|3901080|2022-11-06|15|West Ham United|Crystal Palace|1.0|2.0|0.26|1.02|[0.02965131 0.11489508 0.02135217 0.05927387 0.03647152]|"[0.01979148 0.05215359 0.19481573 0.0251843  0.08553639 0.08735627
 0.06066039 0.17748564 0.04185453 0.04571751 0.06042063 0.03692445
 0.02708721 0.02997988 0.07659552]"|2022/2023|True|True
0|3901079|2022-11-06|15|Tottenham Hotspur|Liverpool|1.0|2.0|1.21|1.18|"[0.25172263 0.07324135 0.01980948 0.01900592 0.10932413 0.14313191
 0.05344036 0.02896115 0.05121529 0.22345701 0.02309117 0.11201867
 0.05766508 0.03937128]"|"[0.03726253 0.05886263 0.10136768 0.01909781 0.02903843 0.34980381
 0.01818132 0.02317068 0.0238713  0.22036579 0.11802882 0.02178007
 0.1635018 ]"|2022/2023|True|True
0|3901086|2022-11-12|16|Manchester City|Brentford|1.0|2.0|1.61|1.29|"[0.0928497  0.00546455 0.02679926 0.07170197 0.03693649 0.03417939
 0.02456361 0.09607971 0.07888618 0.05107927 0.02786931 0.02872717
 0.0987069  0.02661544 0.08104575 0.01928401 0.03968921 0.02001947
 0.37432653 0.02713242 0.02338055 0.0344336  0.0607307  0.02580863
 0.07274625 0.02451855 0.02523014 0.05951172 0.01949835]"|"[0.15563059 0.08332157 0.07993695 0.03878608 0.03113502 0.00543335
 0.00974753 0.0327954  0.70538944 0.14401606]"|2022/2023|True|True
0|3901082|2022-11-12|16|AFC Bournemouth|Everton|3.0|0.0|2.45|0.83|"[0.05237016 0.04197344 0.04497647 0.25830626 0.1079573  0.07580766
 0.00851387 0.7997241  0.13701993 0.08121973 0.09414887 0.06492734
 0.11159858 0.0299443  0.4167437  0.20879656]"|"[0.03348479 0.1355989  0.03010982 0.05612743 0.02555364 0.03223163
 0.02504364 0.03647682 0.04748774 0.0428476  0.12156102 0.04886785
 0.08886304 0.05639374 0.04677597]"|2022/2023|True|True
0|3901085|2022-11-12|16|Liverpool|Southampton|3.0|1.0|1.95|1.05|"[0.01780885 0.34458447 0.3592909  0.16822949 0.08741516 0.12974089
 0.04416546 0.25892359 0.04239562 0.17806628 0.03412172 0.04866046
 0.07422158 0.12586439 0.03343359]"|"[0.23095694 0.25695801 0.03045931 0.06563246 0.0444276  0.04651299
 0.05625078 0.22304684 0.09888029]"|2022/2023|True|True
0|3901088|2022-11-12|16|Nottingham Forest|Crystal Palace|1.0|0.0|1.14|1.23|"[0.15589964 0.04975381 0.01654392 0.02210739 0.39461371 0.27977845
 0.01655388 0.14341703 0.0689812 ]"|"[0.03490338 0.06709629 0.04009286 0.7884     0.04523492 0.11761174
 0.03577307 0.10161138]"|2022/2023|True|True
0|3901089|2022-11-12|16|Tottenham Hotspur|Leeds United|4.0|3.0|1.8|1.1|"[0.13070253 0.03101179 0.47110111 0.24888057 0.0187448  0.06986767
 0.0590848  0.12565738 0.07645038 0.14617813 0.03698128 0.10819632
 0.23693481 0.05103382]"|"[0.19213343 0.23095694 0.11346605 0.02795845 0.09562334 0.0263713
 0.04861474 0.12138027 0.05063081 0.02413276 0.03943196 0.1280883 ]"|2022/2023|True|True
0|3901090|2022-11-12|16|West Ham United|Leicester City|0.0|2.0|1.4|1.78|"[0.01085481 0.23083511 0.05208969 0.13084859 0.09822255 0.05790997
 0.05498365 0.02248612 0.04134095 0.06618828 0.24341536 0.05211961
 0.13010648 0.03968552 0.03402501 0.04762784 0.05451933 0.03317821]"|"[0.05308554 0.06579575 0.22107634 0.03474566 0.7884     0.04543006
 0.07382426 0.10202587 0.39166516]"|2022/2023|True|True
0|3901087|2022-11-12|16|Newcastle United|Chelsea|1.0|0.0|1.03|0.3|"[0.0662986  0.02796632 0.04365683 0.05143574 0.1114879  0.22606465
 0.17106098 0.20533624 0.10452336 0.05987811]"|[0.10575905 0.06156683 0.0539411  0.03406572 0.04040015]|2022/2023|True|True
0|3901091|2022-11-12|16|Wolverhampton Wanderers|Arsenal|0.0|2.0|0.68|2.11|"[0.06575388 0.03302479 0.08712453 0.04671466 0.0721958  0.03562337
 0.0686782  0.13136029 0.09277299 0.02483222 0.02118602]"|"[0.10777754 0.06056532 0.09695697 0.09132957 0.0526253  0.02555475
 0.93677807 0.04009423 0.26343566 0.00674701 0.06581298 0.27984947
 0.05127209 0.05108449]"|2022/2023|True|True
0|3901083|2022-11-13|16|Brighton & Hove Albion|Aston Villa|1.0|2.0|0.66|1.49|"[0.29872346 0.01025057 0.02587563 0.0423131  0.03225076 0.0670498
 0.17956939]"|"[0.11590582 0.7884     0.07477075 0.00351855 0.02150333 0.26872486
 0.18071771 0.03469083]"|2022/2023|True|True
0|3901084|2022-11-13|16|Fulham|Manchester United|1.0|2.0|1.37|2.59|"[0.09229097 0.0540643  0.06613371 0.01635224 0.05085593 0.07280293
 0.12499917 0.01086682 0.58666164 0.03041363 0.12996656 0.03287655
 0.0426006  0.06047553]"|"[0.06586176 0.79192853 0.00610811 0.35884336 0.12154052 0.30635247
 0.23095694 0.06675014 0.08119845 0.05213889 0.01638854 0.27060229
 0.04784653 0.1796675 ]"|2022/2023|True|True
0|3901094|2022-12-26|17|Brentford|Tottenham Hotspur|2.0|2.0|2.15|1.07|"[0.21302514 0.8852309  0.06528208 0.04459831 0.04164627 0.55379707
 0.07077749 0.10192325 0.19936138]"|"[0.08042623 0.01899005 0.02696289 0.02460139 0.02323603 0.0650528
 0.04331627 0.20913777 0.14011474 0.18165672 0.01824792 0.12381752
 0.01240071 0.04908441 0.05160365]"|2022/2023|True|True
0|3901096|2022-12-26|17|Crystal Palace|Fulham|0.0|3.0|0.4|2.65|[0.07894889 0.09298956 0.09189408 0.13601574]|"[0.11143638 0.19057849 0.04393572 0.35728776 0.06328917 0.02551631
 0.01764594 0.11093298 0.21929495 0.03973107 0.03007432 0.0454281
 0.0171065  0.10356735 0.26610753 0.12218896 0.04552267 0.09023666
 0.44866601 0.08085864 0.11744453 0.05077019 0.05076246]"|2022/2023|True|True
0|3901097|2022-12-26|17|Everton|Wolverhampton Wanderers|1.0|2.0|1.74|0.78|"[0.08707158 0.02995471 0.51518983 0.08626257 0.26979542 0.03341139
 0.0327318  0.03707451 0.0375973  0.54106307 0.0405145  0.02845159]"|"[0.3918449  0.09648719 0.0199925  0.01772481 0.02651098 0.01744371
 0.21431942]"|2022/2023|True|True
0|3901099|2022-12-26|17|Leicester City|Newcastle United|0.0|3.0|0.52|1.9|"[0.09233612 0.12274873 0.01789614 0.02527084 0.07020656 0.08354272
 0.02668075 0.077513  ]"|"[0.7884     0.05763841 0.41246599 0.03405634 0.07655995 0.02507862
 0.15424062 0.05805002 0.116069   0.10456841 0.06683712 0.00801268]"|2022/2023|True|True
0|3901101|2022-12-26|17|Southampton|Brighton & Hove Albion|1.0|3.0|1.91|0.64|"[0.06671628 0.12106267 0.05989984 0.04346157 0.07202616        nan
 0.0405957  0.05230069 0.14998613 0.14696696 0.17663407 0.03920805
 0.7884     0.64967763 0.01930674]"|"[0.10554826 0.05545854 0.09651571 0.1204941  0.0306119  0.1371261
 0.09505648]"|2022/2023|True|True
0|3901093|2022-12-26|17|Aston Villa|Liverpool|1.0|3.0|1.44|2.71|"[0.22801158 0.04738415 0.20053245 0.22011608 0.16249743 0.07215951
 0.0212209  0.04018149 0.16568859 0.15487064 0.04364077 0.07918143]"|"[0.47467062 0.19070975 0.18043719 0.0821268  0.07921528 0.02179693
 0.04107916 0.37006381 0.28328612 0.0177479  0.02079562 0.03278261
 0.314125   0.53275728 0.02158702 0.04333762]"|2022/2023|True|True
0|3901092|2022-12-26|17|Arsenal|West Ham United|3.0|1.0|2.2|1.04|"[0.03811577 0.1334427  0.1268256  0.0450229  0.04095436 0.04048644
 0.0496515  0.02542409 0.65570658 0.08353262 0.27061039 0.03341139
 0.04386369 0.08209459 0.11762827 0.41497177]"|"[0.02532269 0.7884     0.03083345 0.09255755 0.02031656 0.02885164
 0.02739567 0.02442791]"|2022/2023|True|True
0|3901095|2022-12-27|17|Chelsea|AFC Bournemouth|2.0|0.0|1.84|0.54|"[0.06080588 0.10202423 0.0811599  0.63256747 0.07324495 0.08685803
 0.07434558 0.07277644 0.11624439 0.06702159 0.08811563 0.05919114
 0.04094692 0.06709024 0.21895039]"|"[0.03328427 0.03031843 0.02876026 0.09158505 0.09566483 0.10345404
 0.0163605  0.07567588 0.06182657]"|2022/2023|True|True
0|3901100|2022-12-27|17|Manchester United|Nottingham Forest|3.0|0.0|2.5|0.71|"[0.18091594 0.10316674 0.04320274 0.08266107 0.17277472 0.03424243
 0.44497216 0.04934426 0.34891003 0.18771179 0.07357296 0.0978606
 0.06761836 0.02229106 0.4347856  0.0396302  0.11294685]"|"[0.01565752 0.06207887 0.1127259  0.28337836 0.1501182  0.01090868
 0.01962951 0.09874443]"|2022/2023|True|True
0|3901098|2022-12-28|17|Leeds United|Manchester City|1.0|3.0|0.58|4.41|"[0.0558787  0.03750578 0.03166853 0.02599773 0.03615735 0.1018552
 0.13757622 0.09392743 0.06372771]"|"[0.0344289  0.04768801 0.0654788  0.19457673 0.0221354  0.0213158
 0.27337822 0.30044791 0.07600328 0.16480774 0.07327623 0.09650248
 0.17234966 0.18150005 0.12728932 0.55965346 0.28843686 0.6847769
 0.09219219 0.18109763 0.05166614 0.4949106  0.01590887 0.04648627
 0.09575437 0.1228472 ]"|2022/2023|True|True
0|3901110|2022-12-30|18|West Ham United|Brentford|0.0|2.0|1.29|1.71|"[0.01675669 0.13892213 0.06487408 0.05762718 0.07386272 0.09993117
 0.06409493 0.13629447 0.07104344 0.04262828 0.03030157 0.03354526
 0.03449608 0.02223034 0.07039504 0.03268822 0.01997119 0.10009804
 0.1309946  0.05424979]"|"[0.02401245 0.23671304 0.37762433 0.37703273 0.07359339 0.04621285
 0.22337608 0.27394977 0.16371201]"|2022/2023|True|True
0|3901105|2022-12-30|18|Liverpool|Leicester City|2.0|1.0|2.25|0.99|"[0.09117225 0.06687129 0.01866033 0.21427469 0.03421602 0.14822538
 0.08207702 0.02861779 0.37658882 0.0646159  0.49431169 0.0332264
 0.02574067 0.08357596 0.12949181 0.08492122 0.01369334 0.02466178
 0.14696696 0.03209909 0.05298347]"|"[0.47695234 0.04828971        nan        nan 0.01952267 0.17008357
 0.04505548 0.19795735 0.03398708]"|2022/2023|True|True
0|3901111|2022-12-31|18|Wolverhampton Wanderers|Manchester United|0.0|1.0|0.67|1.97|"[0.03251645 0.07805589 0.10172559 0.05894587 0.04525567 0.03295695
 0.0336543  0.0413     0.10610483 0.13700101]"|"[0.04522839 0.0362166  0.28842264 0.02719099 0.08094503 0.09566371
 0.54568553 0.04281444 0.08106375 0.14549258 0.13373098 0.08364023
 0.01411678 0.14143997 0.13543718 0.07596788]"|2022/2023|True|True
0|3901102|2022-12-31|18|AFC Bournemouth|Crystal Palace|0.0|2.0|0.56|1.59|[0.05896179 0.06711701 0.1192859  0.2513079  0.03712621 0.05864664]|"[0.0367145  0.0731953  0.05575791 0.01798635 0.02761368 0.06071257
 0.04887215 0.36911488 0.04207857 0.05637789 0.03254091 0.05490866
 0.15158916 0.50272381 0.1284994 ]"|2022/2023|True|True
0|3901104|2022-12-31|18|Fulham|Southampton|2.0|1.0|1.52|0.86|"[0.05127157 0.03898147 0.0465632  0.01201915 0.23202921 0.06512973
 0.28499731 0.7884    ]"|"[0.02963724 0.29044321 0.05247876 0.08878576 0.0545234         nan
 0.14451657 0.05308053 0.10043377 0.00971573]"|2022/2023|True|True
0|3901106|2022-12-31|18|Manchester City|Everton|1.0|1.0|1.79|0.09|"[0.32510093 0.30721313 0.02147413 0.02027713 0.14247803 0.03732377
 0.07577545 0.06601868 0.06885875 0.13928436 0.25434309 0.02097139
 0.03859755 0.03011359 0.02053598 0.25222519]"|[0.06763128 0.02683949]|2022/2023|True|True
0|3901107|2022-12-31|18|Newcastle United|Leeds United|0.0|0.0|2.18|0.38|"[0.25794664 0.04482355 0.15753317 0.05137643 0.42727265 0.31069276
 0.03921631 0.01327356 0.06709151 0.05848044 0.10793207 0.09161696
 0.37765145 0.07719504 0.03766038 0.05737077]"|"[0.01723656 0.04090483 0.07738362 0.089403   0.03998422 0.04784025
 0.01885869 0.05116139]"|2022/2023|True|True
0|3901103|2022-12-31|18|Brighton & Hove Albion|Arsenal|2.0|4.0|1.17|2.93|"[0.04303167 0.10513694 0.06439483 0.16754004 0.33849239 0.11786063
 0.19709903 0.07397027 0.06271403]"|"[0.03988845 0.36715725 0.45813331 0.10979152 0.1463684  0.16145626
 0.07247975 0.07063584 0.06181899 0.62442768 0.0557741  0.37688377
 0.14224829 0.33256546]"|2022/2023|True|True
0|3901109|2023-01-01|18|Tottenham Hotspur|Aston Villa|0.0|2.0|0.66|1.04|[0.07704466 0.12924914 0.04060259 0.22996865 0.15844062 0.02298705]|"[0.01156412 0.10735632 0.02005641 0.02424951 0.12889896 0.03105713
 0.07300389 0.04493891 0.0491914  0.29525876 0.03888097 0.03376544
 0.18435805]"|2022/2023|True|True
0|3901108|2023-01-01|18|Nottingham Forest|Chelsea|1.0|1.0|1.43|0.94|"[0.22120531 0.07921872 0.09837429 0.0866877  0.21335238 0.05869186
 0.08088567 0.05300359 0.03009268 0.20499757 0.15561219 0.16626722]"|"[0.05361867 0.07936669 0.30939168 0.10331559 0.0240762  0.11918127
 0.25599653]"|2022/2023|True|True
0|3901114|2023-01-02|19|Brentford|Liverpool|3.0|1.0|1.65|0.9|"[0.01476312 0.09879348 0.36245275 0.04713437 0.02385067 0.31431299
 0.28887635 0.10149148 0.0624511  0.43785471]"|"[0.02388178 0.14502122        nan 0.03189934 0.01380228 0.01994381
 0.00276694 0.00566007 0.00363335 0.19574513 0.01727298 0.0444112
 0.09343135 0.11879208 0.04519436 0.0405237  0.10282789]"|2022/2023|True|True
0|3901112|2023-01-03|19|Arsenal|Newcastle United|0.0|0.0|1.12|1.06|"[0.03941848 0.09370217 0.10722607 0.09075656 0.21836568 0.06665457
 0.0250493  0.08890894 0.05632478 0.02342382 0.01969868 0.08845259
 0.04648634 0.02311918 0.07198811 0.02918165 0.02880367]"|"[0.02589209 0.14374664 0.02871436 0.03530699 0.11777787 0.46625456
 0.05539199 0.18869697]"|2022/2023|True|True
0|3901117|2023-01-03|19|Everton|Brighton & Hove Albion|1.0|4.0|1.29|2.17|"[0.05921566 0.03734522 0.06520656 0.0566744  0.06304103 0.03944572
 0.04475474 0.09638739 0.0367145  0.7884    ]"|"[0.03295358 0.17605954 0.27576151 0.07032598 0.03767814 0.04724579
 0.01528622 0.03859279 0.63476229 0.11816163 0.34342399 0.10857074
 0.04277499 0.06074057 0.00891706 0.07009809 0.03312317 0.03151156
 0.0265161 ]"|2022/2023|True|True
0|3901119|2023-01-03|19|Leicester City|Fulham|0.0|1.0|1.7|1.68|"[0.01677687 0.45876029 0.03868473 0.10641889 0.01606349 0.12697445
 0.35433921 0.19499992 0.01710269 0.07461833 0.06270522 0.03303485
 0.04561874 0.01757945 0.13637373]"|"[0.16426094 0.06272027 0.03979103 0.10323732 0.51757121 0.12709695
 0.03268566 0.02297725 0.02127058 0.01679958 0.57626736]"|2022/2023|True|True
0|3901120|2023-01-03|19|Manchester United|AFC Bournemouth|3.0|0.0|2.26|0.58|"[0.0510795  0.42031717 0.05554554 0.01535457 0.1068498  0.03255266
 0.30941486 0.21635085 0.03248206 0.01594504 0.10390544 0.06913614
 0.07359327 0.0532233  0.0922563  0.05142179 0.07356685 0.48450106]"|"[0.03610845 0.10174945 0.21298121 0.0470427  0.06245728 0.08511791
 0.03013851]"|2022/2023|True|True
0|3901121|2023-01-04|19|Southampton|Nottingham Forest|0.0|1.0|0.49|1.4|"[0.1299044  0.08982222 0.07018939 0.01739224 0.02564968 0.02184178
 0.04215045 0.09243098]"|"[0.04744837 0.42310661 0.02061581 0.05247555 0.67322505 0.01335076
 0.03690938 0.02624886 0.00983956 0.06392054 0.03015142]"|2022/2023|True|True
0|3901118|2023-01-04|19|Leeds United|West Ham United|2.0|2.0|1.62|1.43|"[0.42768481 0.06408455 0.08990314 0.07242998 0.11423698 0.03532795
 0.0518781  0.12511373 0.02219803 0.02851393 0.16674781 0.33460271
 0.05669064 0.0880109 ]"|"[0.02008736 0.01688444 0.09263909 0.0295026  0.09590422 0.07877443
 0.7884     0.02683377 0.03812958 0.03889354 0.03913299 0.06096644
 0.03246222 0.03564774 0.03206225]"|2022/2023|True|True
0|3901113|2023-01-04|19|Aston Villa|Wolverhampton Wanderers|1.0|1.0|1.79|1.01|"[0.05547486 0.03663604 0.04194113 0.02411002 0.01888626 0.03117859
 0.02132043 0.06241396 0.54091215 0.03425355 0.05909297 0.03760256
 0.82815278]"|"[0.03892786 0.03953226 0.44702145 0.11455175 0.06048069 0.05892451
 0.02648815 0.05716012 0.14006236 0.02376263]"|2022/2023|True|True
0|3901116|2023-01-04|19|Crystal Palace|Tottenham Hotspur|0.0|4.0|0.83|1.39|"[0.04010179 0.0393541  0.07305162 0.01513295 0.02572129 0.05587915
 0.04010587 0.01318967 0.06479046 0.05845657 0.02793055 0.02716773
 0.04513105 0.06689187 0.05954736 0.02638629 0.03444642 0.09212623
 0.02043956]"|"[0.07192221 0.02618566 0.06689208 0.04184791 0.05109849 0.06407379
 0.21375649 0.10886829 0.46748841 0.08936923 0.06834178 0.04187995
 0.04604723 0.02903517]"|2022/2023|True|True
0|3901115|2023-01-05|19|Chelsea|Manchester City|0.0|1.0|0.41|2.0|"[0.04677736 0.16453156 0.02236787 0.02306225 0.04880768 0.04695956
 0.02412557 0.0346742 ]"|"[0.03756474 0.16939941 0.02484276 0.03769248 0.02972058 0.05402894
 0.11341575 0.07475711 0.07543872 0.06277262 0.73952949 0.58548516]"|2022/2023|True|True
0|3900995|2023-01-12|7|Fulham|Chelsea|2.0|1.0|0.98|2.17|"[0.10668056 0.03435078 0.08715318 0.03208143 0.0578261  0.11147451
 0.03833726 0.51496768]"|"[0.18258493 0.22583333 0.02728884 0.06894612 0.0597121  0.03091572
 0.04117665 0.09726141 0.0673131  0.56228018 0.06691647 0.01711969
 0.03935334 0.0665466  0.03988959 0.37549078 0.02841238 0.09294904
 0.0504429  0.04868844]"|2022/2023|True|True
0|3901122|2023-01-13|20|Aston Villa|Leeds United|2.0|1.0|1.24|2.36|"[0.11200954 0.09472543 0.06873795 0.09849901 0.05616527 0.30242085
 0.04142049 0.08005109 0.30359495 0.07742623 0.02019255]"|"[0.05233132 0.03316949 0.31230342 0.02409048 0.18471573 0.61777014
 0.2492521  0.08853784 0.05869793 0.10762379 0.07073393 0.04356806
 0.06282237 0.16932519 0.32453409 0.11632019]"|2022/2023|True|True
0|3901127|2023-01-14|20|Manchester United|Manchester City|2.0|1.0|1.72|0.65|"[0.09136522 0.19597113 0.03760256 0.33164129 0.03570061 0.30869624
 0.67406934 0.04220757]"|[0.10483839 0.02431511 0.02450456 0.44316003 0.05316582]|2022/2023|True|True
0|3901124|2023-01-14|20|Brighton & Hove Albion|Liverpool|3.0|0.0|1.94|1.05|"[0.05688148 0.09354813 0.04155245 0.03962056 0.12536037 0.06971522
 0.03885561 0.62187988 0.07181313 0.07077749 0.02359878 0.06125832
 0.4289979  0.12590449 0.02724007 0.03983922]"|[0.07946981 0.03365304 0.50772864 0.29087967 0.06203376 0.07214749]|2022/2023|True|True
0|3901126|2023-01-14|20|Everton|Southampton|1.0|2.0|1.37|1.19|"[0.10547858 0.21160239 0.02300453 0.11674073 0.043427   0.01122133
 0.0426867  0.06571513 0.08813751 0.50262636 0.04650206 0.11659483]"|"[0.01938921 0.1331808  0.109588   0.03063234 0.09893143 0.08728136
 0.49960157 0.01772733 0.03885561 0.02516915 0.04428059 0.03805494
 0.05113361]"|2022/2023|True|True
0|3901129|2023-01-14|20|Nottingham Forest|Leicester City|2.0|0.0|2.36|1.02|"[0.18517335 0.04298812 0.14875001 0.02460444 0.03276064 0.02229401
 0.02643639 0.02611085 0.08433968 0.92068624 0.28950894 0.09642392
 0.08042623 0.25378156 0.12639752]"|[0.04277477 0.59226489 0.03488785 0.07957771 0.05184457 0.21883659]|2022/2023|True|True
0|3901131|2023-01-14|20|Wolverhampton Wanderers|West Ham United|1.0|0.0|0.88|1.08|"[0.06457642 0.03690938 0.04066126 0.01941883 0.01920731 0.0720215
 0.04032847 0.08773419 0.05217889 0.05576382 0.0179272  0.10042956
 0.07954167 0.07217825 0.01184417 0.07012235 0.03872737]"|"[0.03276471 0.08513497 0.01947488 0.05808557 0.06235702 0.0790061
 0.07138787 0.0334707  0.03395943 0.04586367 0.09262556 0.07713959
 0.0923347  0.1811081  0.0767661  0.03874294]"|2022/2023|True|True
0|3901123|2023-01-14|20|Brentford|AFC Bournemouth|2.0|0.0|1.4|0.6|"[0.04112983 0.02867357 0.7884     0.02297295 0.05567365 0.06213964
 0.03623509 0.04921538 0.13412639 0.03309213 0.0664954  0.0778698 ]"|"[0.0987516  0.01932246 0.04550939 0.13020457 0.24133404 0.04346013
 0.02024198]"|2022/2023|True|True
0|3901125|2023-01-15|20|Chelsea|Crystal Palace|1.0|0.0|1.52|0.67|"[0.02613321 0.22166432 0.05202746 0.11595255 0.01938325 0.05985256
 0.0818143  0.01854521 0.09912045 0.08162364 0.05520016 0.01484116
 0.02247854 0.58937752 0.05946304]"|"[0.23959382 0.02599432 0.02824203 0.13122454 0.05990972 0.01383963
 0.01714381 0.08268002 0.03170662 0.03969321]"|2022/2023|True|True
0|3901128|2023-01-15|20|Newcastle United|Fulham|1.0|0.0|2.36|1.11|"[0.03320748 0.12392376 0.07131536 0.09510003 0.0335139  0.02477928
 0.16870339 0.0699929  0.03603348 0.26874697 0.02419296 0.03215774
 0.06370491 0.07427748 0.04989971 0.13134751 0.05582544 0.10933289
 0.14093719 0.75230974]"|[0.17414992 0.04995177 0.03218981 0.7884     0.06969544]|2022/2023|True|True
0|3901130|2023-01-15|20|Tottenham Hotspur|Arsenal|0.0|2.0|1.6|1.85|"[       nan 0.3512418  0.02433636 0.26008961 0.06457104 0.03507972
 0.06518724 0.18204994 0.03426687 0.03025699 0.08759219 0.0905901
 0.06294657 0.06085392 0.12409005 0.06294103 0.04985033 0.01803567]"|"[0.06588124 0.32235229 0.05713791 0.03845341 0.25404188 0.04274027
 0.03250341 0.04863771 0.04607261 0.10031261 0.02700862 0.62168741
 0.10154887 0.09108165]"|2022/2023|True|True
0|3900994|2023-01-18|7|Crystal Palace|Manchester United|1.0|1.0|0.53|2.08|"[0.10282245 0.04917137 0.02152658 0.0188517  0.08755822 0.03157845
 0.0933015  0.0684044  0.01927366 0.03687611]"|"[0.08574159 0.4905442  0.04084291 0.0608363  0.10974693 0.05423225
 0.02512662 0.03546824 0.05923792 0.17518359 0.05453142 0.04416392
 0.02745167 0.80693245 0.01318651]"|2022/2023|True|True
0|3900999|2023-01-19|7|Manchester City|Tottenham Hotspur|4.0|2.0|2.37|0.81|"[0.05435018 0.02037606 0.09623408 0.04050729 0.03634845 0.10123672
 0.09279075 0.0365383  0.22574022 0.19330174 0.70322633 0.08455653
 0.03200328 0.07679798 0.5242064  0.05165661]"|"[0.01481619 0.08974997 0.06588178 0.12560488 0.03648905 0.10025987
 0.31100488 0.02440825 0.04198299]"|2022/2023|True|True
0|3901138|2023-01-21|21|Liverpool|Chelsea|0.0|0.0|1.4|1.65|"[0.12144522 0.03818988 0.03683803 0.08500392 0.05322373 0.10929254
 0.12402963 0.20470634 0.07334919 0.0139417  0.03431647 0.2835874
 0.0399832  0.13203897 0.05193735]"|"[0.35091606 0.03886123 0.02946227 0.06160051 0.32838291 0.24279939
 0.06964186 0.10572778 0.34554505 0.01416187 0.06770428]"|2022/2023|True|True
0|3901133|2023-01-21|21|AFC Bournemouth|Nottingham Forest|1.0|1.0|1.42|1.93|"[0.10064613 0.0145199  0.43801168 0.08490872 0.11704352 0.05669202
 0.04074229 0.09660966 0.03283545 0.04272364 0.06336088 0.06930745
 0.06148144 0.09033055 0.07345942 0.03910647]"|"[0.07529024 0.17588708 0.03710339 0.02557265 0.02543155 0.17873783
 0.04340227 0.02352525 0.05802936 0.02801843 0.02809569 0.07249033
 0.03201514 0.03290777 0.06395485 0.04645897 0.03433761 0.81377459
 0.08382199 0.05557097]"|2022/2023|True|True
0|3901137|2023-01-21|21|Leicester City|Brighton & Hove Albion|2.0|2.0|0.99|2.14|"[0.0448602  0.02125122 0.04140342 0.08929873 0.29960683 0.07750829
 0.04683247 0.29125181 0.08159551]"|"[0.01547064 0.55525613 0.69725901 0.03273505 0.07572801 0.05151854
 0.07503217 0.24001552 0.03674034 0.12903772 0.06882664 0.08979101
 0.07178807]"|2022/2023|True|True
0|3901140|2023-01-21|21|Southampton|Aston Villa|0.0|1.0|0.58|1.37|"[0.03901014 0.01357356 0.29083663 0.02187473 0.03334289 0.05183486
 0.05799989 0.06689568]"|"[0.06848039 0.04328328 0.1432635  0.13499239 0.07740267 0.11396735
 0.06037979 0.1016898  0.13499239 0.06281828 0.04087569 0.03121992
 0.01130821 0.04229636 0.10384568 0.20759915]"|2022/2023|True|True
0|3901141|2023-01-21|21|West Ham United|Everton|2.0|0.0|2.27|0.55|"[0.05043956 0.02180878 0.05532365 0.72482497 0.08415186 0.47461095
 0.04781839 0.41270164 0.13555963 0.18487479 0.08180911]"|[0.12259009 0.11265884 0.03040303 0.26348501 0.02229445]|2022/2023|True|True
0|3901134|2023-01-21|21|Crystal Palace|Newcastle United|0.0|0.0|0.3|1.25|[0.02811454 0.06268087 0.09019859 0.01491337 0.07972497 0.02448516]|"[0.06133219 0.04694118 0.07537534 0.06809414 0.04759542 0.08353839
 0.05146678 0.0813967  0.07230685 0.02300453 0.0564971  0.22951292
 0.02609937 0.0173924  0.22766472 0.08500118]"|2022/2023|True|True
0|3901136|2023-01-22|21|Leeds United|Brentford|0.0|0.0|0.49|0.4|"[0.10423476 0.02530296 0.06930745 0.04565996 0.03092049 0.04386759
 0.06667699 0.04021469 0.06842192]"|[0.11983408 0.01477421 0.03734373 0.03356289 0.14140481 0.05349629]|2022/2023|True|True
0|3901139|2023-01-22|21|Manchester City|Wolverhampton Wanderers|3.0|0.0|2.78|0.79|"[0.1167576  0.37606013 0.04112973 0.11338102 0.04217013 0.15085353
 0.10451093 0.7884     0.14074896 0.32457536 0.20251083 0.04198299
 0.33413193]"|"[0.13068876 0.02328981 0.07118671 0.02303135 0.15132275 0.10731088
 0.07091158 0.06429231 0.02804253 0.12227692]"|2022/2023|True|True
0|3901132|2023-01-22|21|Arsenal|Manchester United|3.0|2.0|3.25|0.36|"[0.17383184 0.11366246 0.03160473 0.08923958 0.07655252 0.08649394
 0.42275521 0.04177801 0.07329091 0.06221242 0.04823374 0.04464164
 0.01950724 0.06930745 0.16977741 0.08771    0.10343464 0.0665738
 0.08119497 0.09591544 0.04887666 0.06338497 0.47476858 0.09143171
 0.61311954]"|[0.04712178 0.06381442 0.08779714 0.02196557 0.07701231 0.05983528]|2022/2023|True|True
0|3901135|2023-01-23|21|Fulham|Tottenham Hotspur|0.0|1.0|0.99|0.91|"[0.02092998 0.03633831 0.15343066 0.07449029 0.02240677 0.04167781
 0.26560062 0.22806355 0.1161973  0.03397667]"|"[0.03244004 0.14135997 0.01803738 0.03072646 0.07477468 0.03564721
 0.05424925 0.40651581 0.02915118 0.08822822]"|2022/2023|True|True
0|3901145|2023-02-03|22|Chelsea|Fulham|0.0|0.0|1.33|0.65|"[0.02771336 0.47484446 0.05339922 0.05572685 0.19761561 0.0544504
 0.0254624  0.05068894 0.04770718 0.1962653  0.09746436 0.05254387]"|"[0.10030023 0.08398795 0.09762269 0.07744315 0.05919019 0.10912817
 0.02563322 0.01457292 0.03784956 0.04196936]"|2022/2023|True|True
0|3901146|2023-02-04|22|Everton|Arsenal|1.0|0.0|1.67|0.91|"[0.04886648 0.10703138 0.08843006 0.02841302 0.01505018 0.69358742
 0.24032694 0.09915226 0.01391357 0.26495966 0.05230149 0.01819825]"|"[0.03944708 0.04479311 0.19266145 0.06408073 0.05156156 0.07550412
 0.02583878 0.05591173 0.10462475 0.03510571 0.04011771 0.04373969
 0.06053609 0.01822543 0.06313875]"|2022/2023|True|True
0|3901142|2023-02-04|22|Aston Villa|Leicester City|2.0|4.0|1.71|2.57|"[0.03911924 0.36266324 0.06538827 0.02015818 0.06223847 0.05211692
 0.05349844 0.03268822 0.04212611 0.08608278 0.30500343 0.15985119
 0.05831152 0.02935056 0.06723478 0.05779712 0.10963184 0.04907951
 0.06736938]"|"[0.57269937 0.         0.0308921  0.42138189 0.69492662 0.43023595
 0.06636077 0.03446921 0.25759795 0.0578412 ]"|2022/2023|True|True
0|3901143|2023-02-04|22|Brentford|Southampton|3.0|0.0|1.99|0.68|"[0.01971659 0.25265935 0.1204334  0.1782867  0.07496396 0.07616328
 0.06138923 0.12540713 0.53798515 0.02624745 0.02335311 0.10375834
 0.35311711 0.06264837]"|"[0.01535372 0.08992716 0.01417697 0.02422759 0.04360083 0.0587666
 0.02412828 0.19607095 0.02648308 0.09867382 0.02709788 0.01102323
 0.03017168 0.01833532]"|2022/2023|True|True
0|3901144|2023-02-04|22|Brighton & Hove Albion|AFC Bournemouth|1.0|0.0|2.5|1.18|"[0.32540888 0.25476143 0.42492834 0.03248597 0.09174472 0.12374631
 0.0131255  0.05563518 0.12516525 0.05226575 0.09886888 0.415014
 0.06766988 0.09556216 0.06677036 0.03294885 0.08608897 0.1281229
 0.08957998 0.0487604 ]"|"[0.04617696 0.08532177 0.07399018 0.02648752 0.1797217  0.05126315
 0.15964495 0.03384691 0.10827207 0.14653945 0.18597361 0.08493526]"|2022/2023|True|True
0|3901147|2023-02-04|22|Manchester United|Crystal Palace|2.0|1.0|2.04|1.36|"[0.7884     0.10513089 0.0693905  0.16011423 0.03130547 0.05608589
 0.02660581 0.02884292 0.01533465 0.04978089 0.14261675 0.01827234
 0.06774838 0.50285852]"|"[0.5336923  0.03163953 0.1060949  0.03630413 0.25553435 0.09778026
 0.10526346 0.03419259 0.13570932 0.02817012]"|2022/2023|True|True
0|3901151|2023-02-04|22|Wolverhampton Wanderers|Liverpool|3.0|0.0|2.03|1.96|"[0.02563708 0.1368652  0.16364764 0.13791119 0.17141321 0.11580687
 0.0370414  0.01457003 0.0453512  0.64745778 0.04545501 0.51383251]"|"[0.         0.05511897 0.04336592 0.03195448 0.05128046 0.05309635
 0.03440339 0.03760256 0.04484121 0.03913299 0.07883383 0.17004341
 0.34861961 0.28270689 0.03496961 0.02037117 0.02026466 0.10735632
 0.49870056 0.0382298  0.02093453 0.01760967 0.02431511]"|2022/2023|True|True
0|3901148|2023-02-04|22|Newcastle United|West Ham United|1.0|1.0|1.01|1.01|"[0.3086966  0.27836701 0.07779839 0.03315424 0.07526049 0.121263
 0.08154947 0.02953384]"|"[0.05148471 0.08540933 0.09568843 0.03557118 0.11593127 0.23706329
 0.04145046 0.17344084 0.09893377 0.07290159]"|2022/2023|True|True
0|3901149|2023-02-05|22|Nottingham Forest|Leeds United|1.0|0.0|0.39|0.89|[0.06259661 0.07445369 0.05655646 0.03529196 0.05775582 0.1037019 ]|"[0.07813507 0.0452326  0.16375183 0.10101388 0.16165847 0.09612682
 0.03044333 0.1131379  0.08555391 0.01493295]"|2022/2023|True|True
0|3901150|2023-02-05|22|Tottenham Hotspur|Manchester City|1.0|0.0|1.46|1.32|"[0.35416821 0.0438574  0.09120803 0.0656845  0.08002038 0.05268848
 0.27298647 0.07459584 0.04532683 0.30733246 0.02413614 0.04841498]"|"[0.03994402 0.1671942  0.06093034 0.04176351 0.10127208 0.05269181
 0.12340549 0.1425823  0.06669628 0.06230383 0.05570307 0.06182657
 0.00956702 0.03533396 0.30058664]"|2022/2023|True|True
0|3901007|2023-02-08|8|Manchester United|Leeds United|2.0|2.0|2.04|0.63|"[0.13143066 0.13728474 0.03196802 0.01971376 0.18888675 0.03453488
 0.19229576 0.05193323 0.03630525 0.03093862 0.08125016        nan
 0.02204082 0.0795907  0.16086495 0.15018685 0.06566467 0.09078255
 0.04068048 0.02780662 0.11656245 0.08309723 0.03303686 0.1287524
 0.10785196]"|"[0.06348857 0.14451657 0.19947387 0.03612012 0.08358062 0.03199508
 0.05006568 0.02480701]"|2022/2023|True|True
0|3901161|2023-02-11|23|West Ham United|Chelsea|1.0|1.0|1.29|1.15|"[0.202639   0.52259874 0.3596926  0.03758725 0.0544504  0.03874854
 0.01597981 0.02916926 0.05861403 0.07908966]"|"[0.03708099 0.03070456 0.50849372 0.03418911 0.05499253 0.05734247
 0.07310476 0.13844806 0.05784344 0.05833295 0.05116041 0.04394438]"|2022/2023|True|True
0|3901152|2023-02-11|23|Arsenal|Brentford|1.0|1.0|1.55|2.01|"[0.05080487 0.05661932 0.02720418 0.09217447 0.03733985 0.08374988
 0.07058584 0.03697468 0.02773453 0.03883011 0.06749769 0.01750342
 0.02870018 0.02302958 0.032141   0.03424308 0.03930225 0.64335626
 0.03548069 0.02261974 0.02318488 0.02737135 0.03737522]"|"[0.41060141 0.0492025  0.2576445  0.11276121 0.04774919 0.04073898
 0.06130307 0.95840198 0.07091505]"|2022/2023|True|True
0|3901154|2023-02-11|23|Crystal Palace|Brighton & Hove Albion|1.0|1.0|1.08|2.5|[0.05234526 0.06538075 0.05686757 0.82482141 0.03612311 0.04939594]|"[0.57494569 0.06284475 0.18934669 0.20302103 0.22845699 0.02141326
 0.14692532 0.0852201  0.02156126 0.02895005 0.09474537 0.15861119
 0.2206583  0.06330451 0.02170354 0.16841365 0.20546731]"|2022/2023|True|True
0|3901155|2023-02-11|23|Fulham|Nottingham Forest|2.0|0.0|1.56|0.66|"[0.11455175 0.1164211  0.11771657 0.08796573 0.03764448 0.23582955
 0.0364172  0.01784272 0.0700193  0.02164854 0.22838078 0.04487781
 0.03979225 0.04346013 0.13111654 0.21381135]"|"[0.09073187 0.07398124 0.03958846 0.04194646 0.03078248 0.0167088
 0.09041227 0.11884223 0.11074992 0.04424574]"|2022/2023|True|True
0|3901157|2023-02-11|23|Leicester City|Tottenham Hotspur|4.0|1.0|1.68|1.36|"[0.08579032 0.0732007  0.01679958 0.0175433  0.03153978 0.33407259
 0.08562607 0.16068779 0.07057434 0.12040152 0.08681357 0.29309395
 0.17818262 0.086899   0.04069201]"|"[0.09155479 0.12452479 0.04931803 0.08614485 0.70805365 0.0464087
 0.08884753 0.02347059 0.03837909 0.03852455 0.06921884]"|2022/2023|True|True
0|3901160|2023-02-11|23|Southampton|Wolverhampton Wanderers|1.0|2.0|1.16|0.83|"[0.0813201  0.04703992 0.10484707 0.03019477 0.05510605 0.0611646
 0.05559628 0.04109741 0.08976201 0.0617004  0.09497921 0.02435644
 0.03827464 0.03166179        nan 0.02941079 0.25994876 0.05592729]"|"[0.01837338 0.05761012 0.01680434 0.07183712 0.01101179 0.01636547
 0.06487406 0.16196413 0.18805902 0.08701017 0.13931094]"|2022/2023|True|True
0|3901153|2023-02-11|23|AFC Bournemouth|Newcastle United|1.0|1.0|1.56|1.32|"[0.05349629 0.01368316 0.03231299 0.10231423 0.77003223 0.12989357
 0.0825812  0.04136833 0.03509706 0.25365561 0.04953209]"|"[0.05248293 0.07576252 0.03165196 0.03282105 0.0952279  0.32434905
 0.03854438 0.02930349 0.02719099 0.37664855 0.22096008 0.02381994
 0.01669031 0.04311507 0.05829309]"|2022/2023|True|True
0|3901156|2023-02-12|23|Leeds United|Manchester United|0.0|2.0|1.81|1.12|"[0.10854088 0.20863053 0.07030986 0.06945468 0.05809711 0.16519137
 0.28346846 0.05158424 0.2445935  0.07842854 0.0944108  0.11571086
 0.12840359 0.03587651 0.05484972 0.06689187]"|"[0.08519811 0.077513   0.29505235 0.03913299 0.02364198 0.21184064
 0.09175102 0.12172007 0.02882045 0.03865069 0.10463125]"|2022/2023|True|True
0|3901159|2023-02-12|23|Manchester City|Aston Villa|3.0|1.0|3.36|0.27|"[0.0670157  0.53396016 0.03366983 0.05587344 0.15714948 0.03481849
 0.04659787 0.04442    0.64962322 0.033105   0.7884     0.1611418
 0.11207306 0.13327876 0.05175838 0.04440066 0.41654429]"|[0.09688325 0.02721158 0.07761083 0.01222564 0.02372741 0.03635214]|2022/2023|True|True
0|3901158|2023-02-13|23|Liverpool|Everton|2.0|0.0|2.33|0.36|"[0.09427827 0.05599209 0.14759018 0.02756612 0.02027432 0.65668488
 0.15526281 0.02692743 0.66057462 0.04454968 0.13092293 0.03869252
 0.07627559 0.10825177 0.08996829]"|[0.04153405 0.02006812 0.08431779 0.03717006 0.0392294  0.14433289]|2022/2023|True|True
0|3901042|2023-02-15|12|Arsenal|Manchester City|1.0|3.0|1.64|1.8|"[0.04418388 0.05373933 0.0526773  0.2925877  0.02311168 0.10140976
 0.7884     0.0877281  0.02515418 0.17287771]"|"[0.21674813 0.07740107 0.06848859 0.68070811 0.14570245 0.38780224
 0.07467306 0.08872084 0.11340309]"|2022/2023|True|True
0|3901162|2023-02-18|24|Aston Villa|Arsenal|2.0|4.0|0.51|3.28|"[0.02046762 0.0780509  0.03307324 0.20274715 0.06667699 0.05785308
 0.05366784        nan]"|"[0.08423954 0.02043956 0.05881413 0.06139463 0.02362768 0.03106621
 0.21672164 0.03365586 0.15241174 0.16705455 0.04136752 0.1472908
 0.46258578 0.05096523 0.34232938 0.24266511 0.05334063 0.05803669
 0.061065   0.97512996]"|2022/2023|True|True
0|3901163|2023-02-18|24|Brentford|Crystal Palace|1.0|1.0|0.89|1.09|"[0.09869218 0.01368553 0.0379807  0.02225382 0.02558455 0.12659594
 0.07694457 0.02286621 0.09934125 0.08234482 0.06209154 0.22040592]"|"[0.04209301 0.08106856 0.02653074 0.02849355 0.09367361 0.54683697
 0.03180974 0.089403   0.07853755 0.07234291]"|2022/2023|True|True
0|3901164|2023-02-18|24|Brighton & Hove Albion|Fulham|0.0|1.0|2.22|0.34|"[0.09026881 0.09298956 0.0786969  0.09731442 0.33084381 0.04679817
 0.02697094 0.09295027 0.12714887 0.06321079 0.44668013 0.03713114
 0.04318945 0.05182633 0.03628428 0.04460374 0.02138108 0.05905354
 0.31513005 0.0711033  0.0510504 ]"|[0.03040532 0.0615929  0.04836779 0.08444032 0.11369313]|2022/2023|True|True
0|3901165|2023-02-18|24|Chelsea|Southampton|0.0|1.0|1.62|0.6|"[0.02236714 0.01763142 0.0795076  0.03701553 0.21580984 0.02593506
 0.05697626 0.01670934 0.06843423 0.01716354 0.04308725 0.16654414
 0.33408248 0.44226471 0.04159095 0.13199018 0.0519824 ]"|"[0.17056394 0.06144287 0.02042159 0.08142555 0.01066505 0.02183945
 0.06236113 0.18254851]"|2022/2023|True|True
0|3901166|2023-02-18|24|Everton|Leeds United|1.0|0.0|1.47|0.54|"[0.02770711 0.02817153 0.11955208 0.22512418 0.24733314 0.14670779
 0.11818012 0.0196625  0.04624212 0.11019044 0.02397132 0.12111641
 0.15115042 0.10098325 0.03628498]"|"[0.06596999 0.06658237 0.02942486 0.02200656 0.08161292 0.05660568
 0.04183329 0.17228769]"|2022/2023|True|True
0|3901169|2023-02-18|24|Nottingham Forest|Manchester City|1.0|1.0|0.95|2.4|[0.03170702 0.04921051 0.0320364  0.83643848]|"[0.12028014 0.07578407 0.04262072 0.01640964 0.02533011 0.04129777
 0.2071389  0.04979675 0.02461558 0.02352183 0.02265336 0.17460586
 0.37151441 0.03509356 0.04889366 0.1021462  0.03335219 0.44364765
 0.51115447 0.09672787 0.0999193  0.0518781  0.09408367]"|2022/2023|True|True
0|3901171|2023-02-18|24|Wolverhampton Wanderers|AFC Bournemouth|0.0|1.0|1.29|1.07|"[0.16630812 0.06300998 0.2383513  0.10907213 0.02730925 0.1026166
 0.08344661 0.03901929 0.03478258 0.14691308 0.07036975 0.08927131
 0.01780371 0.07703266 0.02163481]"|[0.12082265 0.75683814 0.04475503 0.04602249 0.10544399]|2022/2023|True|True
0|3901168|2023-02-18|24|Newcastle United|Liverpool|0.0|2.0|2.04|1.87|"[0.22443777 0.02110211 0.07536168 0.1311226  0.09816784 0.06108318
 0.05511734 0.16873059 0.05126315 0.30965307 0.28989521 0.06760593
 0.04029911 0.44531968]"|"[0.01715311 0.56877041 0.3117561  0.14407353 0.07382188 0.01143045
 0.07600233 0.08590178 0.01733048 0.12815955 0.21624498 0.10417438
 0.11270645]"|2022/2023|True|True
0|3901167|2023-02-19|24|Manchester United|Leicester City|3.0|0.0|4.47|1.63|"[0.02226022 0.08550154 0.0505136  0.43196419 0.08144558 0.74445671
 0.02174415 0.04141041 0.15117064 0.0518781  0.01847807 0.13465101
 0.04901432 0.22631463 0.46102956 0.57266337 0.12513261 0.1972128
 0.16302359 0.08730769 0.15158793 0.04309678 0.35606167 0.0818623
 0.07681857 0.0414534 ]"|"[0.02112561 0.07763612 0.64514649 0.06004828 0.08246215 0.0179509
 0.05656739 0.0392093  0.12970589 0.10127208 0.01589199 0.05963528
 0.01773377 0.03464433 0.01669305 0.11084615 0.02616161 0.04912005
 0.0669712 ]"|2022/2023|True|True
0|3901170|2023-02-19|24|Tottenham Hotspur|West Ham United|2.0|0.0|1.55|0.48|"[0.07834677 0.02539743 0.03401267 0.0180636  0.16184725 0.0218786
 0.02094397 0.10736354 0.12954056 0.29175472 0.03761997 0.02098851
 0.03867501 0.03648405 0.4966794  0.0341102 ]"|[0.08065937 0.06623818 0.06577686 0.1059015  0.10400318 0.06137547]|2022/2023|True|True
0|3901175|2023-02-24|25|Fulham|Wolverhampton Wanderers|1.0|1.0|0.46|0.78|"[0.01632929 0.01561582 0.0576195  0.04923805 0.03931263 0.02157943
 0.0267132  0.02966982 0.01200351 0.19172242]"|"[0.17248757 0.16686185 0.01122263 0.07643598 0.17607032 0.10642255
 0.01735939 0.05261146]"|2022/2023|True|True
0|3901174|2023-02-25|25|Everton|Aston Villa|0.0|2.0|1.71|1.94|"[0.18044846 0.04585136 0.1333551  0.15499417 0.07643598 0.14233929
 0.05328451 0.09752027 0.29460776 0.09231641 0.07486662 0.07473853
 0.15873133 0.09982431 0.03211933]"|"[0.02444827 0.47920576 0.08159551 0.25172946 0.7884     0.0140932
 0.02559271 0.22681643 0.04624731]"|2022/2023|True|True
0|3901176|2023-02-25|25|Leeds United|Southampton|1.0|0.0|0.91|0.38|"[0.03135093 0.0667784  0.08620031 0.08025676 0.08204953 0.04642973
 0.07168946 0.04002225 0.03117538 0.15451315 0.06930562 0.03048775
 0.03144158 0.08359054]"|"[0.02897788 0.02434481 0.04710747 0.04904901 0.03153211 0.04364066
 0.03507853 0.11945648]"|2022/2023|True|True
0|3901177|2023-02-25|25|Leicester City|Arsenal|0.0|1.0|0.02|0.66|[0.02185301]|"[0.03034546 0.0621853  0.10451344 0.04642973 0.04168031 0.04811917
 0.05986036 0.14820114 0.05507186 0.06811199]"|2022/2023|True|True
0|3901181|2023-02-25|25|West Ham United|Nottingham Forest|4.0|0.0|2.73|0.42|"[0.0447929  0.05275882 0.02683409 0.03672303 0.03208082 0.35779518
 0.03980675 0.03081574 0.08742505 0.10541181 0.03646633 0.07507475
 0.53192401 0.85259968 0.03924781 0.29330415 0.05735861 0.02580754]"|"[0.03605912 0.0669712  0.01508355 0.0450879  0.04632773 0.01658967
 0.14707868 0.04440844]"|2022/2023|True|True
0|3901172|2023-02-25|25|AFC Bournemouth|Manchester City|1.0|4.0|1.58|3.47|"[0.28394967 0.10095308 0.16030048 0.10134744 0.16083866 0.02137723
 0.         0.03889991 0.17370616 0.24253739 0.02918095 0.08063323
 0.14698242 0.03450207]"|"[0.02753374 0.01664155 0.05228481 0.13735448 0.59853941 0.03205289
 0.08633365 0.27502137 0.13485317 0.53928268 0.38994411 0.03923134
 0.10258683 0.18669696 0.20381813 0.10561744 0.06826282 0.06863189
 0.17059524 0.22998103]"|2022/2023|True|True
0|3901173|2023-02-25|25|Crystal Palace|Liverpool|0.0|0.0|0.7|0.9|[0.28546667 0.11906401 0.10221068 0.07580069 0.10323732 0.01069096]|"[0.02993812 0.05378181 0.19134173 0.12535807 0.02012788 0.06699643
 0.07938708 0.04751991 0.01145334 0.06228103 0.04624718 0.16236755]"|2022/2023|True|True
0|3901180|2023-02-26|25|Tottenham Hotspur|Chelsea|2.0|0.0|0.8|0.42|"[0.04490732 0.04203446 0.03041092 0.13860528 0.04060083 0.02510469
 0.10546449 0.37218514]"|"[0.01790437 0.02219351 0.05587022 0.0959454  0.01898591 0.04223442
 0.03973107 0.01487944 0.03545128 0.07523017]"|2022/2023|True|True
0|3900992|2023-03-01|7|Arsenal|Everton|4.0|0.0|2.45|1.17|"[0.01882552 0.16593355 0.40165696 0.03731909 0.18698727 0.02575703
 0.53604484 0.05915067 0.15565608 0.22489826 0.10055932 0.23640934
 0.13342257 0.1367566  0.05533126]"|"[0.03838238 0.43584669 0.15093538 0.04287621 0.0545234  0.05185252
 0.07786475 0.34550172]"|2022/2023|True|True
0|3900998|2023-03-01|7|Liverpool|Wolverhampton Wanderers|2.0|0.0|2.61|0.92|"[0.14334999 0.04705698 0.18258493 0.05128916 0.23509376 0.08260271
 0.18498613 0.03897404 0.08874788 0.06126238 0.03785893 0.2297923
 0.65744096 0.58263499 0.13507698]"|[0.08052196 0.08341499 0.71184421 0.04010587]|2022/2023|True|True
0|3901188|2023-03-04|26|Manchester City|Newcastle United|2.0|0.0|1.34|0.43|"[0.3544133  0.08618015 0.14172339 0.07716536 0.04073169 0.29246342
 0.03276236 0.03662363 0.06941533 0.05880601 0.15255646]"|[0.10019373 0.16205044 0.03771493 0.09702379 0.03372958]|2022/2023|True|True
0|3901182|2023-03-04|26|Arsenal|AFC Bournemouth|3.0|2.0|2.17|1.33|"[0.08741822 0.37416026 0.09202398 0.01614168 0.06109694 0.03924781
 0.0208236  0.04668531 0.01549136 0.02352183 0.03507991 0.03024212
 0.04124475 0.01833236 0.0188293  0.06043101 0.04018149 0.0446094
 0.27634993 0.11510111 0.06432704 0.03283655 0.07087113 0.237139
 0.06509244 0.0808363  0.02351292 0.02622548 0.0664954  0.03998422
 0.03669186]"|[0.543437   0.54184437 0.17455068 0.06723204]|2022/2023|True|True
0|3901183|2023-03-04|26|Aston Villa|Crystal Palace|1.0|0.0|1.2|0.17|"[0.06420974 0.13185251 0.07545948 0.65620828 0.02324174 0.1344033
 0.09262556 0.01969211]"|[       nan 0.03443319 0.03259156 0.10588001]|2022/2023|True|True
0|3901185|2023-03-04|26|Brighton & Hove Albion|West Ham United|4.0|0.0|3.7|0.33|"[0.11310599 0.19279642 0.7884     0.02059986 0.06757939 0.03777013
 0.26357305 0.69913703 0.04108379 0.07493865 0.14552572 0.83339292
 0.0565689  0.04367036 0.02493229 0.08752008 0.02723258 0.09254654
 0.04212431 0.04339871]"|[0.14751175 0.09507114 0.08793149]|2022/2023|True|True
0|3901186|2023-03-04|26|Chelsea|Leeds United|1.0|0.0|1.46|1.05|"[0.0466199  0.15208802 0.33467662 0.12305159 0.03239782 0.0976915
 0.04427437 0.29387632 0.11539987 0.05963528 0.09375975 0.04265337
 0.02296759]"|"[0.05587344 0.05526344 0.0673639  0.03369127 0.1903079  0.03159526
 0.06437422 0.17816354 0.14182805 0.11543822 0.11806834]"|2022/2023|True|True
0|3901191|2023-03-04|26|Wolverhampton Wanderers|Tottenham Hotspur|1.0|0.0|0.52|1.2|"[0.08255292 0.01179513 0.02275066 0.030877   0.20699316 0.04805558
 0.08446566 0.03866724]"|"[0.0625038  0.08650982 0.0305216  0.06263329 0.02037687 0.05336758
 0.02642868 0.03064208 0.08366367 0.07837343 0.04309383 0.09359045
 0.08081701 0.01858081 0.08426838 0.02300453 0.02798133 0.06374604
 0.16768432 0.0218034  0.04108136]"|2022/2023|True|True
0|3901190|2023-03-04|26|Southampton|Leicester City|1.0|0.0|1.38|1.93|"[0.01911315 0.15332909 0.03030085 0.7884     0.05349629 0.03857563
 0.1857968  0.03688609 0.02942299 0.0140095  0.02675282]"|"[0.01820135 0.19811322 0.43142837 0.12591711 0.04675344 0.29990855
 0.03846208 0.11460794 0.02118432 0.107131   0.53278917]"|2022/2023|True|True
0|3901189|2023-03-05|26|Nottingham Forest|Everton|2.0|2.0|0.84|1.7|"[0.01504834 0.08216467 0.38185564 0.08853053 0.04895644 0.02393424
 0.07744315 0.06012396 0.05266154 0.04292791]"|"[0.07474961 0.05662077 0.09912701 0.7884     0.26891762 0.0365051
 0.0222584  0.03087827 0.2984705  0.0279251 ]"|2022/2023|True|True
0|3901187|2023-03-05|26|Liverpool|Manchester United|7.0|0.0|2.78|0.82|"[0.08011933 0.04781145 0.04423358 0.05296372 0.09736205 0.06457124
 0.20458694 0.07432373 0.47568801 0.21128854 0.09870622 0.02993969
 0.22148356 0.30420476 0.1382641  0.05101469 0.31828874 0.2689966 ]"|"[0.0333478  0.09741079 0.3210769  0.04493631 0.0296134  0.04379453
 0.03591086 0.21424337]"|2022/2023|True|True
0|3901184|2023-03-06|26|Brentford|Fulham|3.0|2.0|2.05|1.53|"[0.01859936 0.3389729  0.25237873 0.01785535 0.04622346 0.10728296
 0.06034417 0.09385209 0.03798512 0.7884     0.02764273 0.02690894
 0.02360433 0.21473202]"|"[0.19166578 0.20250067 0.61613792 0.38486212 0.02070411 0.07411514
 0.02152763 0.01529019 0.13424394]"|2022/2023|True|True
0|3901192|2023-03-11|27|AFC Bournemouth|Liverpool|1.0|0.0|0.86|1.75|[0.43654224 0.32785547 0.0391636  0.02326237 0.03259241]|"[0.07514992 0.10622754 0.02960346 0.04164112 0.07252907 0.02311918
 0.267106   0.03177396 0.00890423 0.06261288 0.07014413 0.08849318
 0.7884     0.03984665 0.04292392]"|2022/2023|True|True
0|3901194|2023-03-11|27|Everton|Brentford|1.0|0.0|1.03|2.1|"[0.07040653 0.14309168 0.17430077 0.11296622 0.20244767 0.06688053
 0.03273309 0.04034251 0.05446992 0.03179338 0.06825781 0.01402688
 0.02934204]"|"[0.08893764 0.25283703 0.0392343  0.24298196 0.04383814 0.13927072
 0.13915177 0.74098921 0.20151453 0.05258592 0.04994544 0.11150549]"|2022/2023|True|True
0|3901196|2023-03-11|27|Leeds United|Brighton & Hove Albion|2.0|2.0|1.66|1.89|"[0.01170785 0.07518654 0.03990787 0.07967804 0.02398576 0.04712178
 0.28042823 0.04074269 0.11641465 0.03906785 0.11784269 0.02620017]"|"[0.05907839 0.29536027 0.02141    0.1687807  0.03095455 0.04602316
 0.4467569  0.11406241 0.16568859 0.02060813 0.03042369 0.8816
 0.07414265 0.38864484 0.03232121]"|2022/2023|True|True
0|3901197|2023-03-11|27|Leicester City|Chelsea|1.0|3.0|2.52|1.57|"[0.02670936 0.0236435  0.95808148 0.02981706 0.02108513 0.07135365
 0.0559406  0.06317908 0.12452947 0.08726937 0.39697814 0.04330396
 0.02888547 0.33197734 0.03760987 0.20056783 0.02525837]"|"[0.01487438 0.10287666 0.48647064 0.01995755 0.51746327 0.06352701
 0.08979101 0.03376563 0.06825297 0.04961348 0.03640702 0.08467208]"|2022/2023|True|True
0|3901200|2023-03-11|27|Tottenham Hotspur|Nottingham Forest|3.0|1.0|2.0|1.54|"[0.05696555 0.06051775 0.01413013 0.06329484 0.02819249 0.0436119
 0.7884     0.14036819 0.13413706 0.13637373 0.24672893 0.02618931
 0.05278489 0.11690151 0.09209119]"|"[0.03049407 0.02225652 0.08458944 0.05389677 0.10439739 0.11586335
 0.31747243 0.01865763 0.7884    ]"|2022/2023|True|True
0|3901193|2023-03-11|27|Crystal Palace|Manchester City|0.0|1.0|0.21|2.08|[0.08019378 0.02136751 0.03872637 0.07089332]|"[0.07328824 0.12912257 0.0784533  0.06231629 0.06767483 0.02229211
 0.20536692 0.02743792 0.16420241 0.04689146 0.25211504 0.01704771
 0.7884     0.16414081]"|2022/2023|True|True
0|3901195|2023-03-12|27|Fulham|Arsenal|0.0|3.0|0.85|2.38|"[0.02948629 0.054545   0.2240456  0.02911557 0.05731837 0.098049
 0.06774562 0.07212853 0.05946923 0.04405183 0.04762709 0.06528184]"|"[0.13032588 0.29827642 0.01810393 0.52029598 0.17030941 0.3014586
 0.19727886 0.05333475 0.08672402 0.02581121 0.13604465 0.03291579
 0.12375166 0.2301708  0.05021231]"|2022/2023|True|True
0|3901198|2023-03-12|27|Manchester United|Southampton|0.0|0.0|0.86|1.11|"[0.17812407 0.0414137  0.09210381 0.25076145 0.06589201 0.13198531
 0.02334543 0.01934653 0.02789412 0.02659992]"|"[0.03756307 0.02945627 0.02205824 0.19252855 0.05156908 0.04881657
 0.06871475 0.32518011 0.01906527 0.06151667 0.03657849 0.03492912
 0.0220697  0.02870576 0.05655887 0.03773725 0.03289709]"|2022/2023|True|True
0|3901201|2023-03-12|27|West Ham United|Aston Villa|1.0|1.0|2.22|1.58|"[0.39287433 0.05571676 0.13718508 0.7884     0.01559905 0.17215154
 0.02312653 0.01090748 0.07860739 0.02242258 0.05571886 0.04962454
 0.02759908 0.07657106 0.06689208 0.17359369 0.07495068]"|"[0.2258237  0.05545183 0.07380909 0.37474218 0.06951243 0.07140882
 0.07972497 0.02032612 0.05823149 0.07371538 0.12065383 0.35735071]"|2022/2023|True|True
0|3901199|2023-03-12|27|Newcastle United|Wolverhampton Wanderers|2.0|1.0|1.81|1.11|"[0.13010043 0.1108857  0.08656037 0.22444656 0.12332199 0.07024819
 0.1782905  0.02302958 0.04653195 0.04469754 0.34590229 0.02678204
 0.02785599 0.04496009 0.05191466 0.10901149 0.05143974 0.03190477
 0.07781543]"|"[0.02961496 0.02669096 0.01904315 0.11302064 0.05772822 0.06735371
 0.797472  ]"|2022/2023|True|True
0|3901004|2023-03-15|8|Brighton & Hove Albion|Crystal Palace|1.0|0.0|0.6|1.2|"[0.03912176 0.07244127 0.09877674 0.06673714 0.01760677 0.02806293
 0.09097745 0.04622189 0.03707451 0.03445516 0.07021601]"|"[0.06373448 0.01775641 0.20850115 0.47685111 0.10343305 0.08266586
 0.04410823 0.0997823  0.02904374 0.02210917 0.04812437]"|2022/2023|True|True
0|3901000|2023-03-15|7|Southampton|Brentford|0.0|2.0|0.52|1.88|"[0.08477321 0.0169188  0.02748113 0.24542463 0.0460658  0.01085748
 0.08587507]"|"[0.05821785 0.01807612 0.02150898 0.11554953 0.12899524 0.10684771
 0.92617124 0.02110108 0.03552307 0.04169047 0.50255084]"|2022/2023|True|True
0|3901209|2023-03-17|28|Nottingham Forest|Newcastle United|1.0|2.0|0.37|2.48|[0.04979656 0.13953534 0.01752589 0.03314753 0.12931138]|"[0.2521643  0.09015533 0.08878576 0.07374451 0.04485533 0.41353267
 0.10508141 0.01742798 0.09380367 0.07643738 0.11069963 0.14985479
 0.10593367 0.06485027 0.7884    ]"|2022/2023|True|True
0|3901203|2023-03-18|28|Aston Villa|AFC Bournemouth|3.0|0.0|3.66|1.36|"[0.07972497 0.02178067 0.71269858 0.46590063 0.13376907 0.07557186
 0.050221   0.08884753 0.04847462 0.05971549 0.08601056 0.36108005
 0.07659317 0.06586154 0.35157269 0.08236616 0.04228928 0.08986727
 0.76724583 0.02496422]"|"[0.54038793 0.04591789 0.06688028 0.0220634  0.27919963 0.06853731
 0.1313017  0.03548069 0.11665961 0.05031588]"|2022/2023|True|True
0|3901204|2023-03-18|28|Brentford|Leicester City|1.0|1.0|0.64|1.35|"[0.02931835 0.15991235 0.01601372 0.12691317 0.01888717 0.05061435
 0.03341668 0.04759768 0.0901539  0.02488397 0.04248298]"|"[0.0357298  0.07545765 0.01441078 0.19041137 0.04359671 0.01661205
 0.02265076 0.53600425 0.16237222 0.03039332 0.0475071  0.04994547
 0.06402009 0.06433429]"|2022/2023|True|True
0|3901210|2023-03-18|28|Southampton|Tottenham Hotspur|3.0|3.0|2.51|2.27|"[0.16236551 0.08694395 0.3231875  0.04398402 0.02415658 0.02045391
 0.01580252 0.02035123 0.52029812 0.03360583 0.06019589 0.02019255
 0.01690407 0.01996466 0.21854964 0.06941247 0.03971445 0.02777155
 0.7884    ]"|"[0.38694078 0.08443348 0.10933303 0.09305586 0.08333123 0.17052238
 0.03438189 0.02260049 0.38523296 0.08372811 0.11547866 0.10022413
 0.02250498 0.40290946 0.04358483 0.0332329  0.09433842]"|2022/2023|True|True
0|3901211|2023-03-18|28|Wolverhampton Wanderers|Leeds United|2.0|4.0|2.78|1.62|"[0.10552993 0.16897565 0.18841383 0.04302816 0.05985083 0.15024747
 0.07553682 0.02299228 0.05700388 0.04077632 0.09652945 0.0168331
 0.10603572 0.04764695 0.59722364 0.57986724 0.07258374 0.04196608
 0.07820892 0.02960108 0.02332136 0.02382676 0.17137155]"|"[0.07184155 0.09448186 0.04338633 0.03384859 0.0569456  0.03090807
 0.62343097 0.22763805 0.03950486 0.05181934 0.34419665]"|2022/2023|True|True
0|3901206|2023-03-18|28|Chelsea|Everton|2.0|2.0|2.37|1.27|"[0.0333438  0.04969882 0.0775868  0.10708605 0.02728077 0.11579707
 0.08743544 0.07414327 0.08509233 0.03497536 0.0159617  0.05259864
 0.04046756 0.08262481 0.05980724 0.22921774 0.03432744 0.7884
 0.18005605 0.19798642]"|"[0.01705157 0.03002349 0.01788353 0.01481382 0.42511556 0.04828072
 0.06691553 0.03585242 0.33650291 0.02992992 0.01785394 0.2333229 ]"|2022/2023|True|True
0|3901202|2023-03-19|28|Arsenal|Crystal Palace|4.0|1.0|1.57|0.78|"[0.086899   0.11169013 0.21095464 0.05175044 0.11906844 0.10829585
 0.13571584 0.0324218  0.02517943 0.05118701 0.19301899 0.0311066
 0.20069669 0.16568859 0.04343055]"|"[0.02515887 0.03612563 0.02675686 0.24895141 0.07253762 0.09150454
 0.14242926 0.03676435 0.10411959]"|2022/2023|True|True
0|3901218|2023-04-01|29|Manchester City|Liverpool|4.0|1.0|2.96|0.33|"[0.0301006  0.08655162 0.08220197 0.06080111 0.51001811 0.06221242
 0.0491199  0.0311033  0.84110409 0.18020006 0.31717953 0.03031912
 0.36602342 0.08130232 0.04294529 0.12566625 0.06482315]"|[0.08691807 0.0604096  0.12834078 0.05514827]|2022/2023|True|True
0|3901213|2023-04-01|29|AFC Bournemouth|Fulham|2.0|1.0|2.65|0.84|"[0.07420079 0.07959405 0.47949216 0.57152039 0.33449236 0.02556382
 0.18690369 0.03094486 0.04781145 0.04606009 0.74391496 0.25856331]"|"[0.03668965 0.15048714 0.03595905 0.109588   0.24177107 0.01247036
 0.02535211 0.041844   0.09439922 0.09518129]"|2022/2023|True|True
0|3901212|2023-04-01|29|Arsenal|Leeds United|4.0|1.0|3.78|0.72|"[0.10640299 0.30164775 0.7884     0.08096679 0.07387518 0.04871639
 0.80845475 0.76040179 0.06271823 0.20648818 0.06256785 0.2960192
 0.17965364]"|"[0.02181752 0.02838827 0.11513769 0.07496447 0.2619617  0.1228472
 0.09547548]"|2022/2023|True|True
0|3901214|2023-04-01|29|Brighton & Hove Albion|Brentford|3.0|3.0|4.47|1.6|"[0.07796986 0.07456983 0.21603215 0.06182657 0.20051616 0.05474283
 0.04840176 0.07591272 0.54440188 0.0237655  0.16570269 0.03348763
 0.06067387 0.03601797 0.10955102 0.07092517 0.06989904 0.0516462
 0.04331397 0.04369138 0.25387323 0.05265892 0.11691017 0.48026302
 0.0280664  0.15926473 0.03941809 0.0223256  0.01541607 0.0326599
 0.30787557 0.7884     0.1110115 ]"|"[0.07784384 0.29871958 0.35584906 0.04901935 0.13173085 0.51194656
 0.1702065 ]"|2022/2023|True|True
0|3901216|2023-04-01|29|Crystal Palace|Leicester City|2.0|1.0|2.42|0.22|"[0.09048899 0.04072838 0.0672657  0.02740888 0.03902578 0.02096176
 0.04734149 0.04906171 0.05047898 0.02197569 0.0936114  0.12763131
 0.07075787 0.05834255 0.04708447 0.04825711 0.0763939  0.11159143
 0.04146013 0.02488493 0.02359878 0.06742524 0.01424215 0.09221887
 0.05461725 0.01648245 0.0176765  0.04996956 0.25535199 0.16705261
 0.5044294 ]"|[0.05475504 0.10729899 0.05760846        nan]|2022/2023|True|True
0|3901220|2023-04-01|29|Nottingham Forest|Wolverhampton Wanderers|1.0|1.0|1.32|0.49|"[0.10796492 0.01662255 0.09583208 0.03029075 0.02080969 0.08708829
 0.17658906 0.05440219 0.04189938 0.02451533 0.0272029  0.19302778
 0.14547223 0.05242375 0.09923339 0.13475579 0.0414644 ]"|"[0.0720768  0.11617814 0.04388075 0.04384987 0.02298873 0.01696938
 0.03690106 0.13305226]"|2022/2023|True|True
0|3901215|2023-04-01|29|Chelsea|Aston Villa|0.0|2.0|2.16|0.92|"[0.05191809 0.36252931 0.03922808 0.04988737 0.05417816 0.08901363
 0.21416347 0.06359222 0.036931   0.33540308 0.09906439 0.05381811
 0.0250127  0.13656974 0.03101474 0.02715116 0.03268006 0.02076347
 0.08988006 0.05225071 0.03377137 0.07245896 0.07188994 0.03255649
 0.06689208 0.02072864 0.03333082]"|[0.38321856 0.08959458 0.38075057 0.02002431 0.04205849]|2022/2023|True|True
0|3901221|2023-04-02|29|West Ham United|Southampton|1.0|0.0|1.4|0.3|"[0.08569224 0.05953519 0.09643374 0.05013401 0.20773698 0.10115483
 0.04387337 0.03570435 0.13430282 0.13019963 0.26638973 0.19198093]"|"[0.03396022 0.05138863 0.01938124 0.02253771 0.02840859 0.02059655
 0.02606163 0.04657552 0.05778219]"|2022/2023|True|True
0|3901219|2023-04-02|29|Newcastle United|Manchester United|2.0|0.0|3.68|0.43|"[0.28161371 0.18067035 0.7090714  0.05811035 0.04231668 0.02433075
 0.03885561 0.07763612 0.05101469 0.1447131  0.13233247 0.05540281
 0.03423046 0.76517022 0.03401572 0.22045052 0.14168118 0.04997967
 0.04379002 0.11295262 0.49659523 0.13981631]"|[0.0737865  0.07263945 0.0190042  0.09219219 0.07588264 0.09341601]|2022/2023|True|True
0|3901217|2023-04-03|29|Everton|Tottenham Hotspur|1.0|1.0|0.91|1.44|"[0.04964864 0.07287481 0.02260538 0.06680999 0.16330166 0.02409808
 0.08660327 0.03649449 0.03988845 0.0504429  0.06037694 0.08853492
 0.05019058 0.01896138 0.07640763]"|"[0.01334001 0.27665132 0.19795735 0.0307618  0.7884     0.01487009
 0.04372848 0.07253747]"|2022/2023|True|True
0|3900993|2023-04-04|7|AFC Bournemouth|Brighton & Hove Albion|0.0|2.0|1.74|2.67|"[0.03953925 0.11500286 0.03581243 0.07047838 0.43817079 0.09057238
 0.20476721 0.02423051 0.43709654 0.04444557 0.02525837 0.12745951
 0.06340906 0.03916675]"|"[0.03981835 0.10952716 0.49646333 0.07062194 0.07147021 0.41907677
 0.05109141 0.05362869 0.04773155 0.03653336 0.15931098 0.02352688
 0.07095098 0.1120403  0.15936267 0.74922436]"|2022/2023|True|True
0|3900996|2023-04-04|7|Leeds United|Nottingham Forest|2.0|1.0|1.86|0.8|"[0.04580364 0.04135908 0.02884971 0.6712752  0.01773548 0.03954193
 0.16681167 0.15494534 0.05094653 0.0324218  0.0512314  0.14564343
 0.05008607 0.01798869 0.03766375 0.03311335 0.16876787 0.03005153
 0.04154236 0.04539283 0.01167116]"|"[0.03226124 0.10874616 0.0518919  0.18776329 0.03723638 0.06707443
 0.06887551 0.07572314 0.02721114 0.01127312 0.05250463 0.04829279
 0.04149969]"|2022/2023|True|True
0|3900997|2023-04-04|7|Leicester City|Aston Villa|1.0|2.0|0.47|1.02|"[0.02495641 0.10759723 0.11174598 0.03817946 0.0712555  0.02323663
 0.02532055 0.03148526 0.03856428]"|"[0.36272004 0.03690473 0.02697037 0.06272496 0.0327231  0.03080768
 0.03787443 0.06721152 0.08288424 0.04310744 0.08266492 0.0472093
 0.01951109 0.04419997 0.04141041]"|2022/2023|True|True
0|3901005|2023-04-04|8|Chelsea|Liverpool|0.0|0.0|2.17|0.35|"[0.10919295 0.51568753 0.36868289 0.04264488 0.07429456 0.09938237
 0.30653194 0.47104815 0.02815444 0.05160365 0.06777756 0.0324218 ]"|"[0.1351734  0.02723729 0.01382008 0.03650294 0.03275123 0.0856494
 0.01898591]"|2022/2023|True|True
0|3901178|2023-04-05|25|Manchester United|Brentford|1.0|0.0|1.2|0.71|"[0.01391529 0.0367145  0.02739395 0.03757484 0.11961272 0.03651541
 0.18179122 0.11102167 0.03627438 0.06013993 0.02006417 0.06340544
 0.15159473 0.02909946 0.05797715 0.03117783 0.079658   0.10938834]"|[0.06760908 0.09156713 0.03898282 0.41899264 0.03999818 0.05713146]|2022/2023|True|True
0|3901001|2023-04-05|7|West Ham United|Newcastle United|1.0|5.0|0.98|3.29|"[0.07324495 0.01820135 0.07675448 0.10776781 0.60200441 0.0695252
 0.03279252]"|"[0.09360291 0.93787354 0.09198961 0.01640479 0.0278049  0.96285492
 0.34947821 0.04734648 0.02043956 0.03922736 0.19341712 0.06361811
 0.07455397 0.0376109  0.33243713]"|2022/2023|True|True
0|3901228|2023-04-08|30|Manchester United|Everton|2.0|0.0|3.46|1.02|"[0.04760145 0.0422858  0.02758287 0.21332654 0.10697321 0.0246552
 0.57735175 0.02401955 0.09368896 0.32852003 0.20440158 0.04205513
 0.11469007 0.01572433 0.05926199 0.11072704 0.25858584 0.16968495
 0.05082032 0.12293782 0.07211163 0.17987238 0.12624685 0.01675669
 0.14494766 0.0904618  0.04074269 0.12785952 0.03911881]"|"[0.07535574 0.01370808 0.20039231 0.23046032 0.03789501 0.05081795
 0.03466966 0.10635465 0.04583926 0.03365586 0.03371424 0.04799829
 0.02132614 0.05571886 0.03385222]"|2022/2023|True|True
0|3901222|2023-04-08|30|Aston Villa|Nottingham Forest|2.0|0.0|1.3|0.25|"[0.04355403 0.25199518 0.1531011  0.20632787 0.04908685 0.04368064
 0.24728571 0.30218208]"|[0.02548411 0.03400451 0.06595797 0.06791618 0.03411834 0.0207054 ]|2022/2023|True|True
0|3901223|2023-04-08|30|Brentford|Newcastle United|1.0|2.0|2.57|1.31|"[0.11218416 0.07211876 0.10795259 0.02910035 0.7884     0.7884
        nan 0.11537267 0.08820286 0.07163184 0.19461773 0.01111292
 0.19441584]"|"[0.05214006 0.13907263 0.11547105 0.10287666 0.25523922 0.07503057
 0.06182657 0.02737401 0.32325521 0.15979397]"|2022/2023|True|True
0|3901224|2023-04-08|30|Fulham|West Ham United|0.0|1.0|0.68|1.09|"[0.03916034 0.08943899        nan 0.03224529 0.05169532 0.02510743
 0.02815194 0.04331627 0.02046394 0.07142201 0.03028258 0.01570178
 0.05891554 0.03216942 0.02983232 0.05121544 0.06163097]"|"[0.02985281 0.1189685  0.04111542 0.08205083 0.03233933 0.04961348
 0.19866154 0.47606111 0.06521054]"|2022/2023|True|True
0|3901226|2023-04-08|30|Leicester City|AFC Bournemouth|0.0|1.0|0.58|2.01|"[0.05684879 0.02891626 0.12718384 0.03337315 0.02976365 0.03682911
 0.02618931 0.12567726 0.02673392 0.04088586 0.02843107 0.04731151
 0.021884   0.05702503]"|"[0.10527745 0.06539892 0.04297522 0.01300527 0.1716159  0.03646375
 0.21971872 0.29316115 0.23663071 0.28573948 0.02298338 0.09328168
 0.11635911 0.04891241 0.08683649 0.22130325 0.09220362 0.04443467
 0.0400799 ]"|2022/2023|True|True
0|3901230|2023-04-08|30|Tottenham Hotspur|Brighton & Hove Albion|2.0|1.0|0.83|1.43|"[0.02338861 0.07581858 0.1073847  0.20971192 0.15269458 0.06915535
 0.04794229 0.04063516 0.10359985]"|"[0.44298515 0.08154684 0.02189436 0.03525319 0.05815724 0.03962056
 0.02112411 0.1494747  0.07882345 0.05897665 0.09793545 0.03388491
 0.05245628 0.03663334 0.06802499 0.02592934 0.1311249 ]"|2022/2023|True|True
0|3901231|2023-04-08|30|Wolverhampton Wanderers|Chelsea|1.0|0.0|0.55|1.13|"[0.04522519 0.03937912 0.01499623 0.03729635 0.25328937 0.0547395
 0.0266805  0.02532856 0.05421823]"|"[0.15278809 0.03903159 0.06160795 0.04112973 0.20442487 0.05386907
 0.0486787  0.04166716 0.01459871 0.20200369 0.0818623  0.13362725
 0.05258469]"|2022/2023|True|True
0|3901229|2023-04-08|30|Southampton|Manchester City|1.0|4.0|0.41|2.91|[0.08771498 0.15706432 0.02514019 0.13522714]|"[0.11238587 0.0658144  0.01890186 0.16357809 0.46664062 0.08102369
 0.04997967 0.08319645 0.2901313  0.16994657 0.38369358 0.7884
 0.26041031]"|2022/2023|True|True
0|3901225|2023-04-09|30|Leeds United|Crystal Palace|1.0|5.0|0.93|3.15|"[0.09843153 0.35998741 0.02309133 0.02355601 0.03050431 0.15960087
 0.0448491  0.06157954 0.04228787 0.03176625 0.05019062]"|"[0.59961277 0.04829904 0.0197358  0.04440774 0.10933303 0.02971937
 0.21356101 0.30510107 0.14958782 0.12151156 0.63597673 0.08386208
 0.12309721 0.03825524 0.55856574 0.07308254]"|2022/2023|True|True
0|3901227|2023-04-09|30|Liverpool|Arsenal|2.0|2.0|3.96|1.41|"[0.03642152 0.14343986 0.03166319 0.21170023 0.23261607 0.30060139
 0.07641063 0.04497188 0.05379136 0.03289349 0.7884     0.05313523
 0.10217743 0.03326242 0.4076575  0.02232463 0.21559921 0.02454516
 0.54059887 0.04773873 0.558083  ]"|"[0.0363872  0.15363656 0.03870839 0.61203426 0.34436902 0.02186149
 0.05219378 0.10875382 0.03741844]"|2022/2023|True|True
0|3901232|2023-04-15|31|Aston Villa|Newcastle United|3.0|0.0|1.93|0.52|"[0.31770703 0.17454346 0.05971742 0.1917562  0.01831199 0.02097958
 0.28075704 0.02675409 0.01798463 0.13805617 0.05809014 0.077513
 0.20747648 0.02888201 0.10194065 0.20832148]"|"[0.03274126 0.04463397 0.06438646 0.04170071 0.0518781  0.0443932
 0.17669098 0.06349112]"|2022/2023|True|True
0|3901233|2023-04-15|31|Chelsea|Brighton & Hove Albion|1.0|2.0|0.54|2.94|"[0.02517775 0.06393579 0.11139864 0.09607227 0.09311584 0.08607988
 0.04650534 0.02019255]"|"[0.36863875 0.12634964 0.08619935 0.09538962 0.02814979 0.10104807
 0.0694074  0.04309747 0.14935909 0.30271369 0.09894125 0.01968789
 0.01838211 0.02489036 0.04775776 0.0757164  0.07059264 0.01594526
 0.05518674 0.02184385 0.15277399 0.89046645 0.03375749 0.03674034
 0.09147435 0.05930901]"|2022/2023|True|True
0|3901234|2023-04-15|31|Everton|Fulham|1.0|3.0|1.4|1.82|"[0.03650239 0.33621141 0.38370666 0.08779161 0.12738888 0.05642576
 0.19581595 0.03718294 0.0434632  0.02773224 0.03168894 0.04069366
 0.04717871 0.04459162 0.03215637]"|"[0.01687504 0.10127208 0.04603534 0.0205576  0.25816563 0.04412051
 0.05453332 0.02261012 0.2867001  0.05890413 0.01932724 0.09331983
 0.04848642 0.06331818 0.26928401 0.03139189 0.1329585  0.08448871
 0.05761588 0.04863479 0.06667476]"|2022/2023|True|True
0|3901238|2023-04-15|31|Southampton|Crystal Palace|0.0|2.0|0.78|0.87|"[0.02782746 0.02582806 0.0913579  0.13963799 0.07225387 0.00979573
 0.09280548 0.0778673  0.09116578 0.02753878 0.12082265]"|"[0.02839225 0.10799702 0.03598825 0.25620466 0.02376293 0.0427004
 0.05652208 0.25368065 0.02169396 0.04712763]"|2022/2023|True|True
0|3901241|2023-04-15|31|Wolverhampton Wanderers|Brentford|2.0|0.0|0.76|1.17|"[0.05969837 0.04293007 0.03551541 0.12317842 0.03433234 0.0872493
 0.057195   0.02081515 0.26485664 0.01990937 0.01538204]"|"[0.13024007 0.38166162 0.14523442 0.04582521 0.08293539 0.06511154
 0.09136619 0.03029877 0.06252962 0.13246432]"|2022/2023|True|True
0|3901239|2023-04-15|31|Tottenham Hotspur|AFC Bournemouth|2.0|3.0|2.23|1.31|"[0.04630641 0.07398124 0.02526961 0.33026773 0.02563708 0.11081716
 0.37763047 0.05392403 0.02260947 0.09830421 0.09426157 0.02811129
 0.05221067 0.06707657 0.03581243 0.30036524 0.01403711 0.07698066
 0.07971092 0.03769002 0.03713712 0.02443007 0.09468811 0.12022493]"|"[0.06969953 0.10327929 0.02124505 0.06118403 0.39742693 0.15185098
 0.11480839 0.03661809 0.35227939]"|2022/2023|True|True
0|3901236|2023-04-15|31|Manchester City|Leicester City|3.0|1.0|2.06|2.36|"[0.11125128 0.03972749 0.0640813  0.25139964 0.18393545 0.7884
 0.44948637 0.02481868 0.05096523 0.02646446 0.03568532 0.03563885]"|"[0.10364754 0.08725479 0.04338416 0.37552774 0.10509522 0.94195217
 0.0518781  0.36390662 0.08584079 0.2526795  0.05272051]"|2022/2023|True|True
0|3901240|2023-04-16|31|West Ham United|Arsenal|2.0|2.0|1.81|2.75|"[0.03133494 0.07036392 0.02254987 0.03589008 0.7884     0.08988331
 0.1381865  0.03197272 0.06718142 0.01396481 0.16109736 0.02646568
 0.08675268 0.04853527 0.03203711 0.16426523]"|"[0.23844002 0.82340562 0.41600981 0.07249033 0.08706773 0.03223661
 0.7884     0.05996351 0.08207306 0.08425485 0.06308329]"|2022/2023|True|True
0|3901237|2023-04-16|31|Nottingham Forest|Manchester United|0.0|2.0|0.73|3.48|[0.17208743 0.01667438 0.02396873 0.22222872 0.0644171  0.23491527]|"[0.20207921 0.0375948  0.04785317 0.06697391 0.47331536 0.85381442
 0.07005808 0.0278473  0.05773769 0.02931695 0.01907538 0.06313659
 0.02287395 0.05773946 0.44142577 0.2432519  0.28810397 0.09092495
 0.69412351 0.04483605 0.10796492 0.05332967]"|2022/2023|True|True
0|3901235|2023-04-17|31|Leeds United|Liverpool|1.0|6.0|1.38|2.73|"[0.23132661 0.01825223 0.07383731 0.05933159 0.02793386 0.03905736
 0.01289426 0.53626972 0.02872457 0.15765959 0.09178691 0.0812057
 0.02122079]"|"[0.0818623  0.06930745 0.08627576 0.72186017 0.05972651 0.05737389
 0.38244659 0.51041752 0.03492976 0.10287666 0.39009929 0.16688515
 0.06256785]"|2022/2023|True|True
0|3901242|2023-04-21|32|Arsenal|Southampton|3.0|3.0|2.52|1.33|"[0.04612562 0.0257428  0.29599103 0.15788549 0.04207675 0.06222516
 0.03408641 0.07263836 0.06482929 0.03275609 0.06522048 0.17388599
 0.11476114 0.04198149 0.51997459 0.06429132 0.12660424 0.07917797
 0.02649343 0.13522714 0.04105002 0.15143961 0.05981453 0.05711797
 0.02128447]"|"[0.05803157 0.46601865 0.07249065 0.11446814 0.01787866 0.01931898
 0.08737217 0.50205112]"|2022/2023|True|True
0|3901247|2023-04-22|32|Fulham|Leeds United|2.0|1.0|1.68|0.89|"[0.05588428 0.0246098  0.03720089 0.04031456 0.08470204 0.03558697
 0.11392462 0.04006611 0.14850849 0.07417265 0.9636879         nan
 0.05747167]"|"[0.02864155 0.05554148 0.14093663 0.03652479 0.05019058 0.0389939
 0.22826087 0.27360767 0.01746226 0.01942103]"|2022/2023|True|True
0|3901244|2023-04-22|32|Brentford|Aston Villa|1.0|1.0|2.74|1.74|"[0.07155948 0.07925832 0.05729189 0.03769487 0.04141041 0.04260381
 0.07184178 0.8525117  0.08056532 0.10334162 0.02306242 0.49013725
 0.06756135 0.21742523 0.11877674 0.44391444]"|"[0.06767483 0.03716617 0.08638425 0.04097049 0.0234426  0.0306358
 0.36613211 0.11527938 0.15971416 0.4224802  0.119252   0.02019255
 0.02019255 0.22573814]"|2022/2023|True|True
0|3901246|2023-04-22|32|Crystal Palace|Everton|0.0|0.0|0.51|0.39|"[0.07776947 0.01920442 0.04349646 0.03998422 0.05935476 0.03202369
 0.04120749 0.03916014 0.02539743 0.04887666 0.06471433 0.01435016]"|"[0.0545234  0.08825633 0.01804682 0.05026622 0.01844905 0.01716354
 0.02302958 0.08013629 0.02001016 0.02257857]"|2022/2023|True|True
0|3901248|2023-04-22|32|Leicester City|Wolverhampton Wanderers|2.0|1.0|2.43|0.9|"[0.40662536 0.02463943 0.01227968 0.7884     0.01072505 0.04076462
 0.35391417 0.02207033 0.12141674 0.20045432 0.05503515 0.14194568
 0.02243204 0.12228817 0.14345118]"|"[0.05674536 0.063868   0.13938105 0.10699444 0.04211691 0.05962367
 0.02873051 0.03245662 0.07871125 0.02522072 0.03092966 0.05410009
 0.03331832 0.01502292 0.01756821 0.11823446]"|2022/2023|True|True
0|3901249|2023-04-22|32|Liverpool|Nottingham Forest|3.0|2.0|2.84|0.85|"[0.04712178 0.02443634 0.04049567 0.05986856 0.0720515  0.16810739
 0.01301746 0.04260326 0.10505053 0.52874357 0.77967799 0.03882923
 0.07744339 0.05453617 0.14868027 0.03150288 0.34475893 0.26706007]"|"[0.02813305 0.04597425 0.05673952 0.0660802  0.03545748 0.07821094
 0.19183038 0.18059932 0.03683802 0.03384067 0.09844285]"|2022/2023|True|True
0|3901243|2023-04-23|32|AFC Bournemouth|West Ham United|0.0|4.0|1.52|2.43|"[0.02300435 0.02720418 0.14878993 0.05118701 0.09110158 0.01998556
 0.07225011 0.04900564 0.02754292 0.07375381 0.02728077 0.03125236
 0.03692666 0.35394129 0.04363858 0.36256588 0.08386448]"|"[0.02552951 0.52496654 0.0871582  0.17047097 0.10323732 0.03128181
 0.02751802 0.06216377 0.11377301 0.04184642 0.03153216 0.05087051
 0.08384745 0.13165508 0.76678449 0.08357359 0.03797285 0.05465825]"|2022/2023|True|True
0|3901251|2023-04-23|32|Newcastle United|Tottenham Hotspur|6.0|1.0|3.85|1.03|"[0.13873397 0.28952435 0.04108492 0.03237481 0.94989336 0.0246607
 0.02428471 0.37762395 0.03993602 0.26706493 0.01968183 0.08629797
 0.07380097 0.04543022 0.12737878 0.22432435 0.07307979 0.09318583
 0.04405025 0.29082352 0.05001115 0.28139392 0.03690946 0.16012101
 0.10193421]"|"[0.1040791  0.04068184 0.04970993 0.15366036 0.11266256 0.03856838
 0.03309798 0.0358806  0.07247119 0.05247439 0.3377288 ]"|2022/2023|True|True
0|3901257|2023-04-25|33|Wolverhampton Wanderers|Crystal Palace|2.0|0.0|1.36|0.77|"[0.16193108 0.07035659 0.02099472 0.02983373 0.08958725 0.05050438
 0.02470651 0.12237809 0.7884    ]"|"[       nan 0.07979126 0.06074057 0.0447625  0.14426418 0.02276681
 0.01898325 0.03456916 0.01281922 0.02674988 0.17453854 0.05421239
 0.01927927 0.02727065 0.05244838]"|2022/2023|True|True
0|3901258|2023-04-25|33|Aston Villa|Fulham|1.0|0.0|1.02|0.1|"[0.09972753 0.02437785 0.04281066 0.0768723  0.08816311 0.02478983
 0.04675234 0.06541088 0.0398797  0.22493125 0.09053586 0.07875244
 0.03950864 0.07633077]"|[0.10140157]|2022/2023|True|True
0|3901253|2023-04-25|33|Leeds United|Leicester City|1.0|1.0|1.68|2.19|"[0.2170749  0.30692512 0.05344618 0.0296026  0.16911657 0.04255097
 0.03885999 0.0256343  0.06121825 0.30425012 0.05812096 0.10467144
 0.26880768]"|"[0.10731769 0.0673993  0.49074841 0.07378875 0.08058757 0.08285046
 0.14112431 0.04960049 0.03767999 0.34573981 0.12013987 0.4111557
 0.07044752 0.06501719 0.05015825]"|2022/2023|True|True
0|3901254|2023-04-26|33|Nottingham Forest|Brighton & Hove Albion|3.0|1.0|2.43|2.34|"[0.15477572 0.17149736 0.7884     0.02569976 0.09997835 0.07272405
 0.03420044 0.03397448 0.0814494  0.08714306 0.09420409 0.7884    ]"|"[0.01642272 0.31203431 0.04029911 0.12182058 0.02878696 0.07461833
 0.03583143 0.71645576        nan 0.05509273 0.30970487 0.03244659
 0.05383982 0.01179513 0.2850678  0.08795411 0.11339641 0.07331689]"|2022/2023|True|True
0|3901259|2023-04-26|33|Chelsea|Brentford|0.0|2.0|1.27|1.15|"[0.01769132 0.05763511 0.05317342 0.14319529 0.01703553 0.02653774
        nan 0.02019255 0.05523504 0.15873133 0.07150721 0.23777039
 0.13619544 0.08051465 0.03761299 0.15848587]"|"[0.37594303 0.34398615 0.05232815 0.02668954 0.04609168 0.0609035
 0.23970188]"|2022/2023|True|True
0|3901256|2023-04-26|33|West Ham United|Liverpool|1.0|2.0|0.8|2.11|"[0.02505808 0.03047475 0.45055589 0.06452852 0.0779042  0.08747075
 0.06580734]"|"[0.0275511  0.04537598 0.05946707 0.02521219 0.02563585 0.13029756
 0.02019255 0.06923565 0.61164927 0.03821591 0.07188994 0.05225689
 0.01723637 0.03425355 0.06326986 0.25275862 0.38340008 0.04961352
 0.12950456 0.01846399]"|2022/2023|True|True
0|3901261|2023-04-26|33|Manchester City|Arsenal|4.0|1.0|2.53|0.48|"[0.09268341 0.03944708 0.24384706 0.45661527 0.02942542 0.17460927
 0.17905726 0.15808187 0.12418642 0.45632729 0.10127208 0.10355192
 0.0417993  0.32696941]"|"[0.0189245  0.09849901 0.03211145 0.06261011 0.04786621 0.08992997
 0.05615658 0.07474049]"|2022/2023|True|True
0|3901252|2023-04-27|33|Everton|Newcastle United|1.0|4.0|0.87|2.43|"[0.03495834 0.02897083 0.03868691 0.07969998 0.33305228 0.02434835
 0.02068487 0.03409869 0.09410536 0.09328646 0.04088242 0.02763746
 0.01773341]"|"[0.03080495 0.02396311 0.2702032  0.09609073 0.19304861 0.01830113
 0.0566277  0.03084054 0.29495043 0.09369062 0.04667504 0.079941
 0.96170956 0.07295989 0.16568859]"|2022/2023|True|True
0|3901260|2023-04-27|33|Southampton|AFC Bournemouth|0.0|1.0|0.5|0.95|"[0.08142498 0.01491234 0.09491423 0.01617047 0.03259156 0.06833578
 0.01392768 0.03898371 0.03537899 0.05483758 0.05226332]"|"[0.05647269 0.1443893  0.08782004 0.0230996  0.06804154 0.03174911
 0.1384194  0.06261258 0.02332068 0.05776053 0.06622189 0.01370808
 0.02390588 0.04227648 0.08166204 0.03167769]"|2022/2023|True|True
0|3901255|2023-04-27|33|Tottenham Hotspur|Manchester United|2.0|2.0|2.48|2.03|"[0.09641665 0.01440479 0.05115573 0.03659731 0.05062904 0.10596871
 0.07965556 0.02129478 0.26408106 0.0927036  0.02435292 0.04471795
 0.02596616 0.40317518 0.02983453 0.44599834 0.03471003 0.66136163]"|"[0.05790167 0.03341139 0.12960869 0.19808659 0.04503031 0.02107774
 0.07321196 0.27469128 0.07204732 0.03626249 0.3267048  0.52822983
 0.07036998 0.01928928 0.01623106 0.09439922 0.07316427]"|2022/2023|True|True
0|3901266|2023-04-29|34|Crystal Palace|West Ham United|4.0|3.0|2.13|1.86|"[0.11754225 0.21502207 0.03002349 0.0315198  0.08630799 0.39397508
 0.04452704 0.04834599 0.07425448 0.0518781  0.0224928  0.01577311
 0.01686429 0.7884     0.04819818 0.14631343]"|"[0.17466973 0.01736487 0.04071669 0.15476863 0.71023989 0.02829927
 0.71551794 0.01811857]"|2022/2023|True|True
0|3901264|2023-04-29|34|Brentford|Nottingham Forest|2.0|1.0|1.62|0.72|"[0.10944847 0.023913   0.02996426 0.0486269  0.09993987 0.80103713
 0.02243862 0.23159191 0.07108349 0.10150205 0.04505739 0.04148575
 0.02029345 0.05233212]"|[0.04274541 0.06165792 0.53407288 0.03590665 0.04918034]|2022/2023|True|True
0|3901265|2023-04-29|34|Brighton & Hove Albion|Wolverhampton Wanderers|6.0|0.0|3.34|0.75|"[0.13638569 0.49679616 0.5692718  0.10680711 0.15983146 0.02882576
 0.04739818 0.10373497 0.1994056  0.07985841 0.08638425 0.23370633
 0.08950322 0.23925075 0.07399018 0.24557948 0.03838332 0.02747767
 0.1476429  0.06072186 0.130869   0.03730554]"|"[0.13173194 0.02295916 0.04059269 0.03727783 0.01573583 0.15008807
 0.06180458 0.10032575 0.13351411 0.0572549 ]"|2022/2023|True|True
0|3901263|2023-04-30|34|AFC Bournemouth|Leeds United|4.0|1.0|1.96|1.67|"[0.02957448 0.04905206 0.28327557 0.09571459 0.03333553 0.1248561
 0.06323019 0.50415331 0.39033389 0.27070403 0.07149089 0.04604833]"|"[0.02526484 0.12056869 0.13081598 0.02000726 0.50830162 0.02458465
 0.03380882 0.13690928 0.08061679 0.13244724 0.05827796 0.1576077
 0.10085404 0.1034646  0.04838407]"|2022/2023|True|True
0|3901267|2023-04-30|34|Fulham|Manchester City|1.0|2.0|0.19|2.48|[0.07330935 0.04329021 0.02656838 0.04245922]|"[0.7884     0.12815823 0.15991144 0.11576174 0.5850839  0.04541993
 0.05269255 0.37095061 0.07972497 0.05772807 0.0582436  0.10982843]"|2022/2023|True|True
0|3901270|2023-04-30|34|Manchester United|Aston Villa|1.0|0.0|1.25|0.56|"[0.39527121 0.05433892 0.05764561 0.11865384 0.09462936 0.09757151
 0.08678802 0.08322881 0.03597242 0.0417993  0.02741848 0.02858607
 0.03502093 0.09918363]"|"[0.09557045 0.04339904 0.07471257 0.06424984 0.01992612 0.17058904
 0.08703552]"|2022/2023|True|True
0|3901271|2023-04-30|34|Newcastle United|Southampton|3.0|1.0|4.38|0.83|"[0.06964723 0.10478359 0.51964915 0.10622754 0.03571079 0.08050898
 0.71206754 0.56801498 0.51341134 0.10080288 0.08266586 0.05062653
 0.07660259 0.16610265 0.10952716 0.03578208 0.109588   0.8983171
 0.10193421 0.07278138 0.09425905 0.17121796]"|[0.10439741 0.03028529 0.01662311 0.67983282        nan]|2022/2023|True|True
0|3901269|2023-04-30|34|Liverpool|Tottenham Hotspur|4.0|3.0|2.2|2.03|"[0.21693012 0.34473902 0.7884     0.11087541 0.05949144 0.11285993
 0.14839225 0.05916074 0.06412293 0.02493512 0.03028874 0.24394991]"|"[0.01564198 0.23262659 0.36745268 0.07361092 0.07079302 0.46528488
 0.0234042  0.48754016 0.14398576 0.14838636]"|2022/2023|True|True
0|3901268|2023-05-01|34|Leicester City|Everton|2.0|2.0|3.46|3.09|"[0.11894395 0.10278574 0.02058317 0.95063084 0.42287055 0.7884
 0.0212209  0.10788035 0.73425478 0.02151467 0.0380219  0.04446953
 0.02421401 0.02642495 0.04258071]"|"[0.02787194 0.0586465  0.07913339 0.05689375 0.05054893 0.7884
 0.05826032 0.12223542 0.02182638 0.11472465 0.05496351 0.33059847
 0.11836702 0.72108448 0.10399808 0.06331646 0.02428307 0.07750969
 0.04064247 0.0228     0.04732188 0.0747161  0.07230057]"|2022/2023|True|True
0|3901262|2023-05-02|34|Arsenal|Chelsea|3.0|1.0|1.75|0.76|"[0.03578854 0.17628452 0.109588   0.03263231 0.13244948 0.15587211
 0.18977429 0.09795886 0.23656195 0.1474095  0.15456218 0.10424425
 0.03261132 0.03845675 0.07432373 0.03954718]"|"[0.01474987 0.22130588 0.16969728 0.04461524 0.02666014 0.07133289
 0.20716213]"|2022/2023|True|True
0|3901207|2023-05-03|28|Liverpool|Fulham|1.0|0.0|1.83|0.87|"[0.04909509 0.02566694 0.02913482 0.06633785 0.23195602 0.03848857
 0.7884     0.05305316 0.10099073 0.14094903 0.17687951 0.01933431
 0.02633834 0.05209896 0.03420692]"|"[0.0457699  0.03370852 0.03318531 0.23521173 0.02677597 0.03881365
 0.02293929 0.31552038 0.11755666]"|2022/2023|True|True
0|3901208|2023-05-03|28|Manchester City|West Ham United|3.0|0.0|2.3|0.43|"[0.05329727 0.09928928 0.0681405  0.18092467 0.04932078 0.21902741
 0.10341965 0.05646071 0.48006034 0.07664382 0.02057165 0.06039507
 0.51569068 0.15330823 0.02709419 0.13886191]"|[0.01399179 0.23531777 0.02645417 0.02683738 0.03433598 0.09971511]|2022/2023|True|True
0|3901205|2023-05-04|28|Brighton & Hove Albion|Manchester United|1.0|0.0|2.29|1.42|"[0.39802212 0.11854537 0.07703266 0.03343734 0.04013604 0.02055281
 0.02883555 0.01742798 0.05175952 0.04215586 0.05187833 0.06179747
 0.15082821 0.05017856 0.02225612 0.05192491 0.04710747 0.09671107
 0.03818957 0.09003875 0.01640964 0.7884    ]"|"[0.37496313 0.05157504 0.08374194 0.08208832 0.10014555 0.2096726
 0.06410225 0.02699785 0.08584219 0.07107522 0.0188481  0.05438421
 0.01390114 0.10193421 0.03334427 0.0498373 ]"|2022/2023|True|True
0|3901272|2023-05-06|35|AFC Bournemouth|Chelsea|1.0|3.0|1.29|1.35|"[0.0291641  0.09503581 0.19252855 0.05346463 0.06580734 0.07077781
 0.19401208 0.13344708 0.4073157  0.04491949]"|"[0.05337145 0.10561321 0.02735572 0.15597604 0.10455589 0.02090532
 0.32158867 0.03087987 0.36111024 0.13499239 0.02898248]"|2022/2023|True|True
0|3901276|2023-05-06|35|Manchester City|Leeds United|2.0|1.0|2.57|0.23|"[0.04044683 0.1066089  0.05209679 0.16654414 0.22585675 0.10831515
 0.08166122 0.08545806 0.04069366 0.0778709  0.05010358 0.14167182
 0.4154689  0.06428786 0.04252608 0.03906275 0.0385303  0.7884    ]"|[0.03631227 0.04335912 0.08631086 0.05969888]|2022/2023|True|True
0|3901279|2023-05-06|35|Tottenham Hotspur|Crystal Palace|1.0|0.0|0.88|0.36|"[0.12313073 0.11631253 0.10488506 0.10603807 0.02794077 0.0252185
 0.03084261 0.3445814 ]"|"[0.03255266 0.02053705 0.12916128 0.03934449 0.09064431 0.02646926
 0.02293929]"|2022/2023|True|True
0|3901281|2023-05-06|35|Wolverhampton Wanderers|Aston Villa|1.0|0.0|0.76|1.48|[0.10562961 0.16469632 0.35693932 0.01038059 0.03847178 0.08288819]|"[0.05167837 0.02715417 0.05290101 0.20498845 0.19766918 0.09807166
 0.01813503 0.04045707 0.02330064 0.03671546 0.06224354 0.42637762
 0.1228472  0.04096504 0.03198514 0.04176547]"|2022/2023|True|True
0|3901275|2023-05-06|35|Liverpool|Brentford|1.0|0.0|2.24|0.2|"[0.02231373 0.01608129 0.8980602  0.02011157 0.04274195 0.02431511
 0.56791586 0.14547798 0.02451533 0.05234629 0.04971699 0.02145571
 0.0591867  0.05168078 0.24267301]"|[0.03673933 0.03244659 0.05258047 0.02742701 0.04809961]|2022/2023|True|True
0|3901277|2023-05-07|35|Newcastle United|Arsenal|0.0|2.0|1.32|1.27|"[0.09998509 0.03614484 0.01434787 0.08623196 0.20029551 0.10035545
 0.20827699 0.33275375 0.07705718 0.09480862        nan 0.04245413
 0.02261012]"|"[0.0382179  0.16815491 0.03707413 0.01837419 0.27468619 0.15215336
 0.4249416  0.08898873 0.04087932 0.0250821 ]"|2022/2023|True|True
0|3901280|2023-05-07|35|West Ham United|Manchester United|1.0|0.0|1.3|1.18|"[0.17018886 0.0225876  0.16623598 0.06280664 0.02429112 0.04208853
 0.05162877 0.04339984 0.03839923 0.05582938 0.32847631 0.05478657
 0.19668509 0.02358359 0.0218786 ]"|"[0.0763037  0.06582867 0.08640038 0.08631217 0.03030085 0.01200351
 0.01907258 0.04343055 0.02019255 0.02413589 0.06192102 0.0604505
 0.04826042 0.03886728 0.11963853 0.09360325 0.1524663  0.12850499
 0.01644835]"|2022/2023|True|True
0|3901274|2023-05-08|35|Fulham|Leicester City|5.0|3.0|1.64|2.84|"[0.07970127 0.19056703 0.03509706 0.05594253 0.04228787 0.27442905
 0.24039526 0.04138238 0.06107827 0.0257069  0.10589999 0.1168763
 0.02823884 0.06085392 0.02342336 0.11451908 0.15587647]"|"[0.23299995 0.10516642 0.05074514 0.02282326 0.06035349 0.04127084
 0.01790667 0.05017856 0.02683721 0.08528444 0.08290444 0.10640693
 0.7884     0.47254118 0.05338629 0.05371077 0.7884     0.17597368]"|2022/2023|True|True
0|3901273|2023-05-08|35|Brighton & Hove Albion|Everton|1.0|5.0|3.26|2.28|"[0.1648985  0.03764767 0.0717812         nan 0.0699688  0.11459521
 0.06934265 0.21386008 0.0423291  0.05188088 0.16998489 0.06118818
 0.03566489 0.03353091 0.25258076 0.85000169 0.04863479 0.0499591
 0.37358177 0.03867179 0.4587082  0.05676504 0.07254313 0.13968533]"|"[0.31471717 0.04523682 0.03753814 0.02857301 0.18338898 0.17412291
 0.4069882  0.01620901 0.98042792 0.09058705]"|2022/2023|True|True
0|3901278|2023-05-08|35|Nottingham Forest|Southampton|4.0|3.0|1.8|3.24|"[0.05572685 0.07987249 0.03431674 0.11273522 0.14483686 0.05717729
 0.7884     0.41292265 0.11554874]"|"[0.01857494 0.1326931  0.11038789 0.11465586 0.04381108 0.39366302
 0.01715988 0.19382241 0.23010018 0.07808837 0.01649237 0.26001605
 0.02957001 0.02941921 0.10733762 0.60068107 0.04166948 0.7884
 0.0551513 ]"|2022/2023|True|True
0|3901288|2023-05-13|36|Leeds United|Newcastle United|2.0|2.0|2.0|2.29|"[0.21373235 0.82065451 0.7884     0.08132731 0.03986475 0.10546234
 0.06155704 0.03248719 0.08937868]"|"[0.03800653 0.057195   0.02829584 0.05098192 0.7884     0.03517032
 0.13381127 0.04852172 0.01389579 0.05011881 0.07462437 0.08495435
 0.04881242 0.7884     0.01511995 0.03432744 0.09006423 0.03759653]"|2022/2023|True|True
0|3901283|2023-05-13|36|Aston Villa|Tottenham Hotspur|2.0|1.0|1.18|1.37|"[0.15041365 0.21201454 0.47468334 0.07858864 0.09139629 0.03150702
 0.05677013 0.08119097]"|[0.30376706 0.14030378 0.7884     0.05494887 0.0778673 ]|2022/2023|True|True
0|3901285|2023-05-13|36|Chelsea|Nottingham Forest|2.0|2.0|1.17|1.3|"[0.12697187 0.06393664 0.04958231 0.04991425 0.1393635  0.20967871
 0.13140531 0.03445049 0.02423787 0.08925716 0.13499899 0.05844082
 0.01460424 0.04805558]"|"[0.15589565 0.13966945 0.05668602 0.01330017 0.28514057 0.12368964
 0.0720515  0.04025427 0.29197982 0.0491333  0.07434404]"|2022/2023|True|True
0|3901286|2023-05-13|36|Crystal Palace|AFC Bournemouth|2.0|0.0|1.55|0.31|"[0.03787414 0.13618967 0.20821175 0.06305597 0.04604498 0.04199157
 0.03954919 0.0223838  0.53266907 0.02836762 0.04043144 0.03778617
 0.12871124 0.0528831  0.03549012 0.0290976  0.07207213]"|[0.06128464 0.04460622 0.01723694 0.15282711 0.03546908]|2022/2023|True|True
0|3901290|2023-05-13|36|Manchester United|Wolverhampton Wanderers|2.0|0.0|3.2|0.33|"[0.02440825 0.03364551 0.08384479 0.02196316 0.03269182 0.05368068
 0.02958375 0.13441715 0.0403862  0.36751398 0.53478557 0.1504001
 0.06435008 0.01708058 0.07595561 0.03380824 0.10796492 0.0318299
 0.07013818 0.06974302 0.12707399 0.03292321 0.26261356 0.01538727
 0.15302196 0.09799356 0.53266472]"|[0.0731499  0.06321079 0.06009797 0.0902182  0.04538449]|2022/2023|True|True
0|3901291|2023-05-13|36|Southampton|Fulham|0.0|2.0|0.35|1.4|[0.03355514 0.02446966 0.21022542 0.06437919 0.02082121]|"[0.02021555 0.03770507 0.07264424 0.20733902 0.80563372 0.04772653
 0.04068718 0.11515676 0.05083673]"|2022/2023|True|True
0|3901284|2023-05-14|36|Brentford|West Ham United|2.0|0.0|3.7|0.23|"[0.27445623 0.32622737 0.06627624 0.04716592 0.05795383 0.01674397
 0.05937741 0.11955309 0.34140524 0.33048198 0.28592089 0.27122048
 0.06965789 0.12227692 0.16197726 0.05760846 0.13024637 0.0933015
 0.62477601 0.06661568 0.08503363 0.04860638 0.03242895 0.22478239]"|[0.02759123 0.05909476 0.02838827 0.11366019]|2022/2023|True|True
0|3901287|2023-05-14|36|Everton|Manchester City|0.0|3.0|1.78|0.76|"[0.19708039 0.70355731 0.36093345 0.21375689 0.05352095 0.14319529
 0.18691725]"|"[0.02662389 0.02920278 0.01844741 0.17149243 0.22768627 0.01569893
 0.08558004 0.04410823 0.13658108]"|2022/2023|True|True
0|3901282|2023-05-14|36|Arsenal|Brighton & Hove Albion|0.0|3.0|0.92|1.72|"[0.02277708 0.03419401 0.04208212 0.06259798 0.09816207 0.10528053
 0.08190224 0.06217915 0.04104156 0.05475471 0.0983728  0.02457098
 0.16335456 0.02817012]"|"[0.04351753 0.2359108  0.04015145 0.63361275 0.02354946 0.05972301
 0.01852476 0.05002155 0.31278458 0.10765833 0.04499616 0.16090444]"|2022/2023|True|True
0|3901289|2023-05-15|36|Leicester City|Liverpool|0.0|3.0|0.41|2.15|[0.13728018 0.12231152 0.03607432 0.11381251]|"[0.02174979 0.05122183 0.03901762 0.30617276 0.16870941 0.40041333
 0.14246607 0.02451353 0.0270616  0.03713114 0.06126156 0.06918105
 0.06811199 0.11758935 0.57364923 0.04276867]"|2022/2023|True|True
0|3901179|2023-05-18|25|Newcastle United|Brighton & Hove Albion|4.0|1.0|3.56|0.51|"[0.03713114 0.04943437 0.04087549 0.09849817 0.07737053 0.04945292
 0.07235996 0.07005206 0.05395003 0.06178828 0.37352705 0.03198514
 0.30040735 0.15318032 0.55442011 0.06830272 0.2326045  0.17583251
 0.03484115 0.58994287 0.18273981 0.3676149 ]"|"[0.02695584 0.03197327        nan 0.05290041 0.14226037 0.08767059
 0.01882477 0.06029928 0.08807257]"|2022/2023|True|True
0|3901299|2023-05-20|37|Tottenham Hotspur|Brentford|1.0|3.0|1.76|1.23|"[0.04101282 0.02117889 0.12428045 0.03316423 0.10742383 0.19469076
 0.2435526  0.05173449 0.08878489 0.01324753 0.03753746 0.02090138
 0.0840592  0.08582182 0.09210208 0.200822   0.02720596 0.04927727
 0.12321061 0.01446537 0.0817284  0.02226191]"|"[0.03485555 0.03544712 0.06923603 0.0371805  0.07189476 0.04272536
 0.10798435 0.02762376 0.09030873 0.00605651 0.7022894 ]"|2022/2023|True|True
0|3901292|2023-05-20|37|AFC Bournemouth|Manchester United|0.0|1.0|1.01|1.41|"[0.07257256 0.07387581 0.05687125 0.11473991 0.13795686 0.10851119
 0.06607252 0.02782013 0.33487496 0.02123985]"|"[0.01204805 0.02591795 0.31662285 0.01645716 0.07059629 0.06965789
 0.02874511 0.03856602 0.02259847 0.01796373 0.10243692 0.05275882
 0.06536673 0.13145716 0.04958289 0.14659375 0.06483313 0.0494309
 0.07733419 0.05250634]"|2022/2023|True|True
0|3901294|2023-05-20|37|Fulham|Crystal Palace|2.0|2.0|1.67|1.55|"[0.01457275 0.10140976 0.05115929 0.03804025 0.12927951 0.7884
 0.31624854 0.03528414 0.12898135 0.03142961 0.0334634 ]"|"[0.22474001 0.05819054 0.04484054 0.03715899 0.04599472 0.09854954
 0.57217652 0.77468133 0.07399219 0.04634792 0.01913603]"|2022/2023|True|True
0|3901295|2023-05-20|37|Liverpool|Aston Villa|1.0|1.0|0.75|1.35|"[0.03263041 0.05988891 0.0340975  0.07074324 0.02811454 0.02682171
 0.10890818 0.3515901  0.00974203 0.02408824]"|[0.7884     0.05090001 0.1532376  0.26651955 0.05980724 0.03123331]|2022/2023|True|True
0|3901301|2023-05-20|37|Wolverhampton Wanderers|Everton|1.0|1.0|1.57|1.99|"[0.08231477 0.10104249 0.88714123 0.0523963  0.09817904 0.03757484
 0.03172351 0.02279725 0.0763581  0.06302958 0.10643411 0.01872299
 0.08619116]"|"[0.12557311 0.21487054 0.0898985  0.02972804 0.10251255 0.33980995
 0.0459634  0.08232678 0.04004371 0.02450697 0.01991811 0.05462567
 0.06125496 0.08677835 0.04307531 0.10866646 0.04020685 0.03634598
 0.44288969]"|2022/2023|True|True
0|3901298|2023-05-20|37|Nottingham Forest|Arsenal|1.0|0.0|0.55|0.64|[0.09626918 0.10941473 0.11163258 0.12785316 0.04136341 0.06769746]|"[0.11146171 0.0985422  0.06703654 0.07355317 0.03902309 0.03192225
 0.09084627 0.02804155 0.0281771  0.05402729 0.01970632]"|2022/2023|True|True
0|3901300|2023-05-21|37|West Ham United|Leeds United|3.0|1.0|2.15|0.89|"[0.04638285 0.01675669 0.03308772 0.20366216 0.02802997 0.22792366
 0.05921785 0.04147071 0.04728641 0.02482911 0.08355619 0.04111703
 0.14876133 0.03841661 0.05804174 0.38717845 0.03061986 0.4760966
 0.15552166]"|"[0.06105096 0.09987953 0.04461972 0.04922898 0.09941457 0.0372362
 0.05980724 0.15351948 0.19919963 0.03323494 0.0309072  0.02693243]"|2022/2023|True|True
0|3901293|2023-05-21|37|Brighton & Hove Albion|Southampton|3.0|1.0|2.53|0.6|"[0.04701357 0.16328225 0.0253189  0.60099745 0.06566467 0.12244561
 0.07769734 0.0499741  0.07972497 0.38777018 0.05226575 0.03963574
 0.0790461  0.06461976 0.07320187 0.08358062 0.04742013 0.05450456
 0.04542395 0.04332484 0.05969837 0.04226753 0.04001283 0.05541684
 0.04868221 0.08009121]"|[0.22008407 0.11717284 0.13172591 0.09679758 0.03747134]|2022/2023|True|True
0|3901296|2023-05-21|37|Manchester City|Chelsea|1.0|0.0|1.19|1.25|"[0.06256707 0.02356166 0.02132834 0.30253312 0.15451315 0.0522156
 0.0567574  0.08631052 0.02782045 0.10727754 0.08113395 0.12370252
 0.01953026 0.02160851 0.05153917]"|"[0.1261808  0.31062052 0.16112281 0.05172855 0.11218416 0.06924637
 0.08530861 0.03342319 0.01938932 0.06327395 0.04128464 0.0551411
 0.11656811]"|2022/2023|True|True
0|3901297|2023-05-22|37|Newcastle United|Leicester City|0.0|0.0|2.19|0.09|"[0.04411378 0.03133004 0.02084311 0.05723071 0.03212897 0.02878241
 0.01008857 0.0922846  0.11708277 0.09225909 0.07195546 0.09034601
 0.21092287 0.30277303 0.04545742 0.06767483 0.06107459 0.02532567
 0.03581243 0.61326581 0.02493668 0.0578917  0.08231285]"|[0.09135748]|2022/2023|True|True
0|3901245|2023-05-24|32|Brighton & Hove Albion|Manchester City|1.0|1.0|2.37|1.82|"[0.07888601 0.13467409 0.02900453 0.07021788 0.0159903  0.02820871
 0.17832157 0.70621324 0.0914365  0.11944137 0.02463943 0.04516444
 0.10873045 0.0321598  0.10283139 0.02395095 0.0756792  0.3533659
 0.0213112  0.12501545]"|"[0.08046773 0.50278419 0.32931009 0.04639159 0.3755281  0.0747451
 0.10797233 0.06592135 0.0608128  0.03440187 0.03887843 0.03286175
 0.07355809]"|2022/2023|True|True
0|3901250|2023-05-25|32|Manchester United|Chelsea|4.0|1.0|5.21|1.94|"[0.07927342 0.02450456 0.174421   0.81379479 0.16902514 0.0976915
 0.91711825 0.0382253  0.7884     0.05965581 0.03000983 0.5641377
 0.84622633 0.11966728 0.31055012 0.05574078 0.60527402 0.03152349]"|"[0.0570485  0.49584597 0.30526209 0.02996096 0.12215303 0.05406309
 0.38447562 0.03995775 0.04677823 0.03772357 0.06975    0.01257327
 0.27963141 0.00976718]"|2022/2023|True|True
0|3901302|2023-05-28|38|Arsenal|Wolverhampton Wanderers|5.0|0.0|2.81|0.45|"[0.47979385 0.25563928 0.09298956 0.07192842 0.14012143 0.04901035
 0.30521476 0.04245018 0.33870199 0.15038469 0.02899801 0.09075687
 0.73152792 0.03484236]"|[0.04383886 0.13919495 0.05506102 0.03477483 0.04002492 0.13906945]|2022/2023|True|True
0|3901303|2023-05-28|38|Aston Villa|Brighton & Hove Albion|2.0|1.0|2.85|1.35|"[0.12784505 0.17121796 0.02052124 0.94773895 0.06522342 0.03372958
 0.83805257 0.0665269  0.08850826 0.03779505 0.08647831 0.36256719]"|"[0.17841198 0.16900605 0.07786624 0.37418908 0.43639186 0.06965789
 0.016775   0.03037392]"|2022/2023|True|True
0|3901304|2023-05-28|38|Brentford|Manchester City|1.0|0.0|1.27|1.92|"[0.08386591 0.06437588 0.03734067 0.10813922 0.05198537 0.0887591
 0.13195449 0.01893548 0.41669464 0.04729054 0.21668743]"|"[0.11482284 0.06623237 0.04981035 0.02383817 0.08923958 0.06965789
 0.07607014 0.03261983 0.14817102 0.02174038 0.0858824  0.01764152
 0.21138799 0.15712394 0.65143877 0.07131448 0.03389186]"|2022/2023|True|True
0|3901305|2023-05-28|38|Chelsea|Newcastle United|1.0|1.0|2.27|1.75|"[0.09839785 0.25053617 0.06092658 0.04080791 0.20208535 0.04147137
 0.01905201 0.20541435 0.04029911 0.04940708 0.01986442 0.02300453
 0.04629843 0.10068658 0.09303831 0.05031149 0.01245312 0.16022779
 0.17490387 0.26579949 0.07312283 0.24112803]"|"[0.06729616 0.05074703 0.45405436 0.03615908 0.03688312 0.14036962
        nan 0.08602554 0.07655252 0.1384234  0.49719197 0.0474283
 0.04028513 0.07449929]"|2022/2023|True|True
0|3901306|2023-05-28|38|Crystal Palace|Nottingham Forest|1.0|1.0|1.47|0.48|"[0.05043956 0.08189007 0.02443007 0.14761199 0.36682972 0.12468609
 0.0197223  0.00953725 0.06495863 0.01207238 0.07521149 0.04672968
 0.07684546 0.19340651 0.1732095 ]"|"[0.0265127  0.15873531 0.02737193 0.02495624 0.06537873 0.13135107
 0.04559333]"|2022/2023|True|True
0|3901307|2023-05-28|38|Everton|AFC Bournemouth|1.0|0.0|1.04|0.47|"[0.0316145  0.06438109 0.18469866 0.0212209  0.01777045 0.08959736
 0.06389184 0.29892525 0.05892916 0.04659039 0.02208536 0.09449373
 0.04978038]"|"[0.05678859 0.05911087 0.01988956 0.08205683 0.102056   0.09337469
 0.05283842]"|2022/2023|True|True
0|3901308|2023-05-28|38|Leeds United|Tottenham Hotspur|1.0|4.0|1.5|2.17|"[0.26132283 0.07655252 0.08850214 0.02697472 0.02236336 0.10127293
 0.05224362 0.06212151 0.12434337 0.02155868 0.11327539 0.13217431
 0.02182995 0.09440163 0.08147276 0.05998378 0.01376641 0.04213792
 0.10049855]"|"[0.33372179 0.06465495 0.19544517 0.0176765  0.11844397 0.09884808
 0.56237429 0.12412327 0.03873605 0.29861617 0.31545159]"|2022/2023|True|True
0|3901309|2023-05-28|38|Leicester City|West Ham United|2.0|1.0|1.42|1.38|"[0.06784687 0.02121162 0.06825154 0.08228014 0.06434377 0.24492656
 0.03027663 0.11011904 0.30960447 0.11045206 0.11908756 0.13447449
 0.05745196]"|"[0.01674397 0.0624278  0.03984192 0.06216386 0.04103604 0.04339098
 0.06331322 0.02003999 0.070602   0.50563961 0.03955577 0.12086437
 0.08279444 0.09396584 0.11600981 0.03485074]"|2022/2023|True|True
0|3901310|2023-05-28|38|Manchester United|Fulham|2.0|1.0|2.89|1.8|"[0.03586823 0.0169085  0.03019282 0.02498607 0.1529773  0.18673609
 0.04380911 0.08097319 0.02389293 0.54304212 0.02211491 0.0202419
 0.0241671  0.32204944 0.63098145 0.04010669 0.02267367 0.05875134
 0.32287574 0.04155245 0.24443538]"|"[0.35359061 0.14438321 0.7884     0.02359029 0.03808203 0.04968592
 0.18182787 0.10846771 0.06082051 0.05268347]"|2022/2023|True|True
0|3901311|2023-05-28|38|Southampton|Liverpool|4.0|4.0|1.82|4.05|"[0.14751276 0.1153421  0.08120769 0.25114948 0.03570435 0.08725048
 0.03308402 0.08144271 0.07840311 0.54810542 0.12270838 0.17079933
 0.02785631 0.03811651 0.0484217 ]"|"[0.64103937 0.24484737 0.04119748 0.02101305 0.109588   0.02142406
 0.02461841 0.19368124 0.0889568  0.09059092 0.08881626 0.03290777
 0.04686907 0.05337567 0.96654642 0.17994466 0.01930674 0.10010909
 0.17790335 0.02683985 0.04921342 0.08137552 0.04636359 0.04300988
 0.14549258 0.03272579 0.01965143 0.16835952 0.26859173 0.02676394]"|2022/2023|True|True
0|3609929|2021-08-13|1|Brentford|Arsenal|2.0|0.0|1.24|1.28|"[0.07695486 0.0853284  0.01926521 0.06337499 0.26107791 0.05945921
 0.39790842 0.27590278]"|"[0.01870095 0.03883021 0.12370228 0.02921978 0.02978395 0.06845463
 0.03803348 0.07442032 0.02046234 0.04104929 0.20452565 0.03318559
 0.0879627  0.0729956  0.04413463 0.01547318 0.03856973 0.11218899
 0.07237219 0.01569983 0.05422005 0.04588295]"|2021/2022|True|True
0|3609934|2021-08-14|1|Manchester United|Leeds United|5.0|1.0|1.5|0.52|"[0.02656115 0.02312178 0.01290757 0.25458449 0.02714654 0.03078437
 0.25370079 0.02640149 0.09526502 0.01872522 0.08781146 0.07648373
 0.13647883 0.23243822 0.1780386  0.01507033]"|"[0.01867148 0.01880629 0.03639472 0.11623079 0.05387306 0.02146403
 0.01231328 0.00746886 0.20537652 0.03261539]"|2021/2022|True|True
0|3609930|2021-08-14|1|Burnley|Brighton & Hove Albion|1.0|2.0|1.45|1.05|"[0.54272973 0.06176399 0.03680734 0.01714169 0.15824689 0.19353142
 0.06534769 0.10412415 0.08052909 0.03955524 0.02555137 0.03095275
 0.04732549 0.06014741]"|"[0.05006766 0.02428313 0.06563916 0.01382339 0.02836423 0.04094033
 0.06657106 0.01275325 0.08971965 0.01659361 0.40041307 0.18912266
 0.04014978 0.01414637]"|2021/2022|True|True
0|3609931|2021-08-14|1|Chelsea|Crystal Palace|3.0|0.0|0.68|0.22|"[0.02702478 0.04081775 0.01951167 0.04253149 0.01212253 0.0487564
 0.07303985 0.21596657 0.07736497 0.01876856 0.05782384 0.02355064
 0.02219714]"|[0.07967195 0.05317456 0.05455654 0.03046733]|2021/2022|True|True
0|3609932|2021-08-14|1|Everton|Southampton|3.0|1.0|2.42|0.85|"[0.04160895 0.20382316 0.0874781  0.30435887 0.01394057 0.61643499
 0.0781279  0.21490313 0.03621299 0.08104695 0.04282901 0.36616406
 0.06692243 0.26618767]"|[0.02015829 0.57241148 0.00842222 0.04594653 0.01228274 0.18743333]|2021/2022|True|True
0|3609933|2021-08-14|1|Leicester City|Wolverhampton Wanderers|1.0|0.0|0.49|1.33|"[0.04926383 0.03228879 0.05245563 0.0592902  0.07979272 0.08134928
 0.02149164 0.05448119 0.06027671]"|"[0.02212759 0.01137919 0.44894898 0.06748654 0.03681208 0.06739918
 0.04249413 0.04043052 0.02430137 0.06564891 0.12518337 0.02448211
 0.03084667 0.10107943 0.06210901 0.10727779 0.04777792]"|2021/2022|True|True
0|3609938|2021-08-14|1|Watford|Aston Villa|3.0|2.0|1.17|1.19|"[0.04318439 0.13129576 0.1619302  0.01863454 0.07085543 0.07590011
 0.25844449 0.09913493 0.03824114 0.05834398 0.16355112 0.03254846
 0.0225556 ]"|"[0.0432754  0.01675749 0.05329176 0.04534876 0.07330619 0.03572301
 0.03763173 0.02060054 0.7884     0.01287922 0.06678202]"|2021/2022|True|True
0|3609936|2021-08-14|1|Norwich City|Liverpool|0.0|3.0|1.42|1.66|"[0.09212991 0.00719369 0.01313489 0.03172253 0.03468169 0.03741433
 0.0824198  0.03502324 0.83838987 0.42961627 0.01563481 0.47126153
 0.04412814 0.04093811]"|"[0.14648616 0.05669625 0.01564308 0.04841149 0.21483445 0.03041334
 0.02564516 0.03597231 0.09715483 0.05310865 0.11405402 0.01225886
 0.03775121 0.08134928 0.01579124 0.04991645 0.50590676 0.05499117
 0.05981762]"|2021/2022|True|True
0|3609935|2021-08-15|1|Newcastle United|West Ham United|2.0|4.0|1.83|2.92|"[0.67323297 0.02360307 0.1968839  0.04203995 0.05562068 0.10140524
 0.15545362 0.01433638 0.11773403 0.06116421 0.1019532  0.01753078
 0.01139979 0.09275021 0.03336885 0.02979034 0.09764519]"|"[0.06496854 0.08257879 0.02489366 0.04321037 0.60950899 0.03492482
 0.10989994 0.03195161 0.04055409 0.03338128 0.20841509 0.2482202
 0.7884     0.69010603 0.02480945 0.30504307 0.03218592 0.09323727]"|2021/2022|True|True
0|3609937|2021-08-15|1|Tottenham Hotspur|Manchester City|1.0|0.0|1.05|1.78|"[0.04453857 0.10317022 0.03868645 0.08632406 0.11056762 0.04822362
 0.02759775 0.0212711  0.03311436 0.41121575 0.01888658 0.08240805
 0.0221191 ]"|"[0.04632939 0.10824885 0.15610991 0.03963976 0.28538156 0.10061217
 0.05222746 0.01209231 0.15546863 0.03160967 0.02249761 0.02294488
 0.0834279  0.52931941 0.07851087 0.01045126 0.0227323  0.01960978]"|2021/2022|True|True
0|3609944|2021-08-21|2|Liverpool|Burnley|2.0|0.0|2.8|0.91|"[0.07218178 0.01153037 0.11234287 0.09107697 0.06793769 0.40330017
 0.05725992 0.01865699 0.10580134 0.06839866 0.09050386 0.05793314
 0.21291488 0.03962621 0.02752702 0.13130873 0.03855858 0.05286196
 0.49315685 0.11889342 0.24434608 0.05115755 0.03276721 0.0621128
 0.03479119 0.02875858 0.06961759]"|"[0.13473451 0.0328812  0.04705258 0.02157877 0.02391551 0.07085928
 0.06793295 0.46342009 0.04630627]"|2021/2022|True|True
0|3609940|2021-08-21|2|Aston Villa|Newcastle United|2.0|0.0|1.34|0.7|"[0.03087176 0.04313022 0.04817057 0.01863135 0.11195196 0.16915913
 0.7884     0.03540134 0.07390187 0.02172004]"|"[0.34947157 0.03531761 0.04929266 0.03379745 0.05074825 0.02355887
 0.08211452 0.05362607 0.02584082]"|2021/2022|True|True
0|3609942|2021-08-21|2|Crystal Palace|Brentford|0.0|0.0|0.52|0.86|"[0.23318458 0.07128786 0.0792382  0.0365849  0.01231071 0.03704692
 0.04873837]"|"[0.03974454 0.06904214 0.02485794 0.02987478 0.04581695 0.04107018
 0.06859394 0.02487852 0.00565824 0.05609875 0.24280484 0.03087963
 0.16977318 0.00892826]"|2021/2022|True|True
0|3609943|2021-08-21|2|Leeds United|Everton|2.0|2.0|1.25|1.82|"[0.07039513 0.01589833 0.03311475 0.00875192 0.01166879 0.02578204
 0.03541603 0.48647267 0.01188961 0.03820322 0.04777712 0.02455051
 0.02463153 0.06327259 0.01269743 0.06415085 0.27418578]"|"[0.0251708  0.01120609 0.06991264 0.02774283 0.7884     0.01875005
 0.04733346 0.06947288 0.11072152 0.38520721 0.03502912 0.06027442
 0.05001415 0.04033774 0.01812    0.02262937 0.04181785]"|2021/2022|True|True
0|3609945|2021-08-21|2|Manchester City|Norwich City|5.0|0.0|2.65|0.06|"[0.01961167 0.0256684  0.54953092 0.0255443  0.02985857 0.03088099
 0.02738521 0.02334174 0.10599362 0.03938903 0.11253706 0.23949896
 0.7417987  0.59171861 0.06363942 0.02806735]"|[       nan 0.05761271]|2021/2022|True|True
0|3609941|2021-08-21|2|Brighton & Hove Albion|Watford|2.0|0.0|1.34|1.03|"[0.04998802 0.0600829  0.4224827  0.3306523  0.02281322 0.02802459
 0.02202829 0.02242161 0.02437038 0.05320072 0.03942118 0.24766582
 0.02359023]"|"[0.02573023 0.06277849 0.06972321 0.05886585 0.01700069 0.04500855
 0.07003422 0.14550836 0.03412734 0.02183273]"|2021/2022|True|True
0|3609946|2021-08-22|2|Southampton|Manchester United|1.0|1.0|0.68|1.86|"[0.03637591 0.03796134 0.01972257 0.04405468 0.02704501 0.38871533
 0.08998698 0.03281398]"|"[0.70847815 0.3235822  0.0327099  0.13529931 0.20296748        nan
 0.03774138 0.06931382 0.06643613 0.08521447 0.13778068 0.09287379
 0.12751038 0.02917871 0.02424387 0.01892121]"|2021/2022|True|True
0|3609948|2021-08-22|2|Wolverhampton Wanderers|Tottenham Hotspur|0.0|1.0|1.83|1.71|"[0.02784958 0.03041096 0.06021615 0.01093053 0.05573266 0.0536313
 0.0356827  0.00832429 0.04518782 0.02362818 0.0221721  0.07309548
 0.72136778 0.03074648 0.06302439 0.12080057 0.01716646 0.06920116
 0.01690794 0.04199904 0.11072583 0.02314849 0.02778537 0.12755741
 0.01597839]"|"[0.7884     0.02827051 0.09865145 0.1082909  0.44140094 0.0814447
 0.09246344 0.12337597]"|2021/2022|True|True
0|3609939|2021-08-22|2|Arsenal|Chelsea|0.0|2.0|0.33|3.12|[0.0130873  0.02299922 0.01435486 0.12847878 0.02940053 0.12450656]|"[0.07104747 0.03166393 0.9259491  0.04465261 0.17518973 0.06941895
 0.03340194 0.01554469 0.40676042 0.40705946 0.06687187 0.04027509
 0.06656998 0.06812885 0.02167471 0.0646128  0.02199249 0.18227832
 0.02407928 0.2384154  0.0858155  0.06360268]"|2021/2022|True|True
0|3609947|2021-08-23|2|West Ham United|Leicester City|4.0|1.0|2.33|0.59|"[0.01594525 0.02083007 0.0337563  0.0451     0.18823087 0.17124474
 0.18929276 0.06409907 0.0719221  0.05288955 0.21504684 0.40330702
 0.05751646 0.07528002 0.09402334 0.03033993 0.09645677 0.30045378
 0.20707095]"|[0.10738881 0.09761832 0.03969927 0.16157104 0.1827375 ]|2021/2022|True|True
0|3609953|2021-08-28|3|Manchester City|Arsenal|5.0|0.0|4.02|0.21|"[0.1947314  0.54162914 0.41432664 0.03657268 0.02466807 0.42270562
 0.07135762 0.05164541 0.02534288 0.0399048  0.03274968 0.01970942
 0.05601379 0.07426595 0.38643819 0.0563463  0.1701476  0.56873035
 0.46280503 0.06750783 0.03708573 0.03923009 0.0796793  0.03622594
 0.52867693]"|[0.21189432]|2021/2022|True|True
0|3609949|2021-08-28|3|Aston Villa|Brentford|1.0|1.0|0.73|0.87|"[0.14515185 0.18542656 0.2001427  0.07739741 0.01519855 0.05345752
 0.04927524]"|"[0.03246825 0.14343178 0.05653024 0.30700454 0.10434122 0.08474844
 0.0245732  0.03548119 0.08491012]"|2021/2022|True|True
0|3609950|2021-08-28|3|Brighton & Hove Albion|Everton|0.0|2.0|0.79|1.43|"[0.01589999 0.02358848 0.06701622 0.02684985 0.14419042 0.14228703
 0.05268806 0.01663108 0.05308473 0.04290145 0.01041587 0.04128734
 0.13424364 0.01527106]"|"[0.01071096 0.04425789 0.06391175 0.03285582 0.04339176 0.05275852
 0.7884     0.08080741 0.04488921 0.16791418 0.04725337 0.01843011
 0.01580039 0.01651511]"|2021/2022|True|True
0|3609954|2021-08-28|3|Newcastle United|Southampton|2.0|2.0|0.98|3.66|"[0.06070681 0.05184636 0.0242522  0.07338252 0.02999858 0.17694101
 0.02852222 0.03391803 0.1826805  0.38571867]"|"[0.01690352 0.07874712 0.02972362 0.02861495 0.01535741 0.72077846
 0.41546082 0.02522503 0.1251633  0.04240258 0.16811839 0.04077763
 0.02107507 0.05568243 0.0297822  0.03194655 0.62275535 0.8608501
 0.01256079 0.03467958 0.03667972 0.7884    ]"|2021/2022|True|True
0|3609955|2021-08-28|3|Norwich City|Leicester City|1.0|2.0|1.53|1.46|"[0.00869197 0.02016765 0.0224066  0.03541603 0.7884     0.06527495
 0.05290873 0.07746887 0.0487564  0.13028705 0.06634087 0.04149933
 0.04862949 0.11918312]"|"[0.36827621 0.50052804 0.11206667 0.02016224 0.13141757 0.13126479
 0.02548137 0.03260195 0.13620911]"|2021/2022|True|True
0|3609957|2021-08-28|3|West Ham United|Crystal Palace|2.0|2.0|1.34|1.15|"[0.14391124 0.05250313 0.08847612 0.05076525 0.07481327 0.0422917
 0.02565473 0.4545925  0.17296493 0.02023621 0.02565987 0.09656847
 0.05598257 0.03599958]"|"[0.03903598 0.03349278 0.31611726 0.00987394 0.01815872 0.09047466
 0.0442559  0.02223114 0.57294542]"|2021/2022|True|True
0|3609952|2021-08-28|3|Liverpool|Chelsea|1.0|1.0|2.99|0.64|"[0.02432437 0.34237629 0.0282674  0.05023845 0.1757528  0.03977248
 0.18816099 0.26173022 0.12228354 0.7884     0.10879696 0.01406459
 0.07585788 0.01537747 0.01652637 0.03499059 0.03357487 0.08879324
 0.25258842 0.06183429 0.09550581 0.04492157 0.10907043 0.04826078]"|[0.03067868 0.06089101 0.12807463 0.15746413 0.22011818 0.03934979]|2021/2022|True|True
0|3609951|2021-08-29|3|Burnley|Leeds United|1.0|1.0|1.12|1.29|"[0.06801527 0.05048422 0.24793755 0.01239523 0.01581673 0.01690034
 0.03743381 0.03251786 0.03590526 0.46725452 0.09788546 0.03812765]"|"[0.03771573 0.00789153 0.16896401 0.01340578 0.05216572 0.02570208
 0.13130873 0.07183354 0.68376255 0.02930925 0.01541371 0.05605513]"|2021/2022|True|True
0|3609956|2021-08-29|3|Tottenham Hotspur|Watford|1.0|0.0|0.99|0.78|"[0.12746116 0.03592258 0.11540936 0.02839441 0.08030593 0.03823804
 0.03742095 0.03572643 0.09011641 0.0250234  0.18463725 0.02623862
 0.02862507 0.03405595 0.10352412]"|"[0.09549599 0.01026646 0.02862795 0.07269847 0.04420942 0.16811961
 0.26564839 0.02338844 0.06683949]"|2021/2022|True|True
0|3609958|2021-08-29|3|Wolverhampton Wanderers|Manchester United|0.0|1.0|2.12|0.64|"[0.06038754 0.59694415 0.03825931 0.04577981 0.12942675 0.01615998
 0.05205984 0.04689481 0.02465221 0.05600271 0.31939235 0.19627225
 0.56751192 0.05265142 0.03312475]"|"[0.02312523 0.0378087  0.03582497 0.32075745 0.05393425 0.01903868
 0.01311192 0.03593556 0.07889043 0.0247583 ]"|2021/2022|True|True
0|3609962|2021-09-11|4|Crystal Palace|Tottenham Hotspur|3.0|0.0|2.21|0.06|"[0.05755744 0.02107262 0.03482968 0.04185284 0.32282788 0.25556305
 0.07119215 0.14211017 0.01831176 0.05231402 0.02113375 0.09851159
 0.02460061 0.02755032 0.7884     0.02637941 0.07782275 0.12450656]"|[0.03112221 0.02877887]|2021/2022|True|True
0|3609959|2021-09-11|4|Arsenal|Norwich City|1.0|0.0|2.77|0.71|"[0.08656653 0.04334906 0.02439532 0.01807302 0.00967742 0.05964984
 0.04132618 0.01985962 0.07884564 0.02163679 0.04086731 0.0555479
 0.06776513 0.05881264 0.2018013  0.02844397 0.04678155 0.08285247
 0.98270172 0.04975016 0.00646962 0.03123514 0.0860392  0.02967709
 0.33212551 0.02594606 0.10276455 0.12116627 0.04128938 0.0555015 ]"|"[0.17215869 0.01768715 0.07393399 0.08376145 0.01413606 0.02044563
 0.02135101 0.10709456 0.0974189  0.10263963]"|2021/2022|True|True
0|3609960|2021-09-11|4|Brentford|Brighton & Hove Albion|0.0|1.0|0.41|0.28|"[0.01697333 0.02196368 0.11147268 0.07467305 0.09173878 0.07125203
 0.02124242]"|[0.15530829 0.02753427 0.03478237 0.06670281]|2021/2022|True|True
0|3609965|2021-09-11|4|Leicester City|Manchester City|0.0|1.0|0.66|2.98|[0.09650771 0.11834815 0.0433962  0.20912608 0.15277314 0.03666334]|"[0.24090584 0.31802526 0.09192018 0.07263463 0.08427645 0.07653998
 0.10009037 0.01313694 0.19175527 0.13620476 0.03658613 0.076735
 0.04315269 0.31154108 0.0832462  0.02282351 0.07843126 0.04163162
 0.09056172 0.08184748 0.02618245 0.19506398 0.12944263 0.13828449
 0.29670677]"|2021/2022|True|True
0|3609966|2021-09-11|4|Manchester United|Newcastle United|4.0|1.0|2.55|0.42|"[0.04940692 0.0190878  0.04687734 0.06351368 0.00787686 0.00898286
 0.04033941 0.37555331 0.2021033  0.01905606 0.07937785 0.02521472
 0.01417601 0.93145734 0.01903509 0.03621983 0.16890732 0.04106505
 0.03946727 0.04395216 0.3305003 ]"|"[0.04156984 0.015556   0.01539919 0.01915403 0.03433122 0.01230743
 0.16859369 0.03407634 0.00928576 0.01722424 0.01169657 0.04356297]"|2021/2022|True|True
0|3609967|2021-09-11|4|Southampton|West Ham United|0.0|0.0|0.72|0.72|"[0.02778369 0.07766289 0.02429988 0.02979778 0.14127247 0.09081424
 0.04053885 0.06860919 0.08818257 0.10614049 0.02764661]"|"[0.02392766 0.06975209 0.0165929  0.01866959 0.01796551 0.03270686
 0.04591563 0.15490018 0.11804506 0.06006386 0.10082079 0.04197213
 0.02006019]"|2021/2022|True|True
0|3609968|2021-09-11|4|Watford|Wolverhampton Wanderers|0.0|2.0|0.22|2.4|"[0.0525066  0.01763315 0.08336937 0.01208029 0.02242645        nan
 0.02954754]"|"[0.01731169 0.01773223 0.01370266 0.03348122 0.04118297 0.05690379
 0.52613348 0.09654987 0.07727522 0.35523289 0.21280189 0.04170715
 0.18202448 0.72506213]"|2021/2022|True|True
0|3609961|2021-09-11|4|Chelsea|Aston Villa|3.0|0.0|1.27|1.19|"[0.01932461 0.01694599 0.61278439 0.01648527 0.01297035 0.35263523
 0.03911332 0.03425781 0.04090036 0.04899769 0.01814837 0.05574229]"|"[0.034282   0.01499864 0.06787422 0.37407467 0.03662426 0.07103093
 0.0549789  0.10086872 0.05337748 0.0180906  0.0324442  0.07332189
 0.04540417 0.05723201 0.02263627 0.0366361  0.08304575 0.02054382]"|2021/2022|True|True
0|3609964|2021-09-12|4|Leeds United|Liverpool|0.0|3.0|1.23|4.54|"[0.35835204 0.07740139 0.09581627 0.04448884 0.18429552 0.1159246
 0.03815698 0.30726835 0.00953144]"|"[0.0450074  0.42088029 0.06208399 0.6438207  0.85282034 0.05725992
 0.17243189 0.18812936 0.09560961 0.05332035 0.03652081 0.0321358
 0.06751135 0.09234011 0.22934638 0.01101415 0.13220885 0.0673547
 0.06398552 0.22663285 0.07101451 0.05323235 0.07396846 0.05846832
 0.27322355 0.14007445 0.01187495 0.27484548 0.0130843  0.01624122]"|2021/2022|True|True
0|3609963|2021-09-13|4|Everton|Burnley|3.0|1.0|1.45|1.02|"[0.01684232 0.06841289 0.04045182 0.00824444 0.05757093 0.02130907
 0.01796027 0.24648036 0.01888658 0.55499131 0.04094932 0.25406989
 0.01515694 0.08831496]"|"[0.19335623 0.06442827 0.09589769 0.17777909 0.01466651 0.09877741
 0.28853771 0.01774525 0.03712973 0.01925404 0.0142471 ]"|2021/2022|True|True
0|3609974|2021-09-17|5|Newcastle United|Leeds United|1.0|1.0|1.4|1.63|"[0.05349315 0.26929718 0.26356569 0.04539534 0.05725992 0.07452328
 0.12794959 0.03104594 0.02688578 0.05755442 0.01401478 0.00837982
 0.03280873 0.06214836 0.08639017 0.05637396 0.13595983]"|"[0.03016677 0.11560676 0.01603141 0.02297561 0.0232091  0.00938107
 0.01666714 0.05218433 0.05542068 0.06634087 0.27718103 0.16334258
 0.14265785 0.04753183 0.05126722 0.06330217 0.29148513 0.03614941
 0.09376113 0.01507663 0.0180475  0.02430191]"|2021/2022|True|True
0|3609978|2021-09-18|5|Wolverhampton Wanderers|Brentford|0.0|2.0|0.63|2.47|"[0.03541575 0.00573063 0.06955995 0.03499098 0.17962849 0.02505437
 0.01615372 0.10705243 0.05578851 0.08252807 0.01799363]"|"[0.0153554  0.7884     0.30186328 0.91969115 0.09959353 0.01274537
 0.19881836 0.02323467 0.11252403]"|2021/2022|True|True
0|3609971|2021-09-18|5|Burnley|Arsenal|0.0|1.0|1.02|1.06|"[0.01964891 0.09341817 0.10509291 0.02164348 0.01747451 0.03527582
 0.01209845 0.04468462 0.01455258 0.19647714 0.15140073 0.03597356
 0.05341212 0.06826365 0.03190417 0.04303271 0.02745538 0.0463722 ]"|"[0.17015146 0.01787632 0.02652658 0.12736642 0.0884693  0.01863717
 0.36899719 0.03160749 0.10339039 0.01648953 0.03333199 0.03835977
 0.02221751]"|2021/2022|True|True
0|3609972|2021-09-18|5|Liverpool|Crystal Palace|3.0|0.0|3.09|0.6|"[0.16702868 0.25058532 0.08706017 0.16624585 0.03747155 0.04831144
 0.03759169 0.1052463  0.05008663 0.05965132 0.17446908 0.76188135
 0.03676986 0.61950094 0.01585868 0.01892147 0.02559382 0.06186148
 0.05411617 0.03789738 0.02594576 0.04469312 0.29313874 0.03209124
 0.03247939]"|"[0.04559032 0.04265565 0.01235924 0.0723422  0.025026   0.01653901
 0.01755864 0.1177182  0.03994928 0.04320189 0.08277094 0.03477607
 0.04745366]"|2021/2022|True|True
0|3609973|2021-09-18|5|Manchester City|Southampton|0.0|0.0|1.03|0.42|"[0.26475543 0.01331744 0.03554268 0.0627452  0.04237373 0.1272471
 0.03707464 0.02076636 0.07959903 0.07323194 0.03892098 0.02306737
 0.02288966 0.03805617 0.0469727  0.10132093]"|"[0.01425216 0.02936781 0.05081079 0.01763315 0.04886049 0.04139962
 0.07159486 0.03934867 0.02912751 0.07475944]"|2021/2022|True|True
0|3609975|2021-09-18|5|Norwich City|Watford|1.0|3.0|1.06|2.42|"[0.03391302 0.07557175 0.25667527 0.10235668 0.12532394 0.0166579
 0.05903852 0.00564088 0.03455495 0.02923205 0.17085505 0.0659532 ]"|"[0.0583213  0.03280247 0.06721985 0.17267178 0.12898439 0.0720143
 0.41974589 0.31458873 0.68047905 0.30157754 0.0227625  0.35260493]"|2021/2022|True|True
0|3609969|2021-09-18|5|Aston Villa|Everton|3.0|0.0|0.85|0.75|"[0.09114242 0.06226913 0.02864672 0.0277197  0.05384129 0.02512412
 0.05686367 0.07122298 0.12934847 0.02503373 0.06751272 0.03054044
 0.11509348 0.01474227 0.05010654]"|"[0.1274693  0.10024552 0.01344316 0.051589   0.01787526 0.03306349
 0.07464611 0.11757529        nan 0.10421084 0.0890248  0.02579988]"|2021/2022|True|True
0|3609970|2021-09-19|5|Brighton & Hove Albion|Leicester City|2.0|1.0|1.72|1.49|"[0.27099976 0.04599111 0.05971083 0.14550836 0.02750673 0.04238974
 0.7884     0.01251376 0.03351884 0.06472706 0.02784633 0.20394324]"|"[0.0936811  0.02389818 0.03092071 0.03792959 0.0172692  0.02762866
 0.04529394 0.95509791 0.05229517 0.15074305 0.03383496 0.02666448
 0.03708771 0.03166393]"|2021/2022|True|True
0|3609977|2021-09-19|5|West Ham United|Manchester United|1.0|2.0|1.6|2.07|"[0.18545504 0.03254566 0.09390573 0.04658091 0.03958911 0.1465008
 0.01499356 0.14833131 0.02541292 0.02076636 0.02933124 0.0298049
 0.7884    ]"|"[0.10672552 0.02651279 0.06870357 0.03333487 0.07055859 0.03176426
 0.43905377 0.92067915 0.03713491 0.02027333 0.50824439 0.03607458
 0.03810198 0.0484084  0.00553029 0.03137791 0.04867208]"|2021/2022|True|True
0|3609976|2021-09-19|5|Tottenham Hotspur|Chelsea|0.0|3.0|0.51|2.2|"[0.03235785 0.14578374 0.03299343 0.11727452 0.01438675 0.11230259
 0.02071998 0.03022268]"|"[0.03214669 0.08973205 0.12614626 0.03186477 0.07557175 0.11998583
 0.03953126 0.04315269 0.1678279  0.00948877 0.02995761 0.08248342
 0.37420556 0.08065068 0.06328832 0.16864617 0.07227201 0.50247073
 0.07273786 0.04438481]"|2021/2022|True|True
0|3609981|2021-09-25|6|Chelsea|Manchester City|0.0|1.0|0.24|1.69|[0.02200034 0.0485589  0.09475876 0.06265452 0.00781308]|"[0.07384783 0.05574229 0.02808158 0.11038042 0.03071535 0.13729243
 0.04518934 0.03146261 0.04254541 0.03441256 0.03792299 0.18735407
 0.05007329 0.35088497 0.47834665]"|2021/2022|True|True
0|3609986|2021-09-25|6|Manchester United|Aston Villa|0.0|1.0|2.21|1.04|"[0.07733207 0.04743659 0.02588802 0.02057145 0.17331497 0.09526848
 0.0039261  0.01829272 0.01899003 0.01284476 0.02460771 0.03241528
 0.01327387 0.05477751 0.1070881  0.0713438  0.12033463 0.15664373
 0.03018817 0.08280287 0.04241424 0.02582602 0.02425338 0.02401805
 0.06129908 0.02993549 0.7884     0.02684147]"|"[0.28469777 0.2199865  0.03375292 0.23384331 0.12692143 0.03436658
 0.10260887]"|2021/2022|True|True
0|3609983|2021-09-25|6|Everton|Norwich City|2.0|0.0|1.98|0.49|"[0.05532273 0.01600931 0.7884     0.04156984 0.01540409 0.0614049
 0.02105856 0.13951241 0.05871521 0.04927659 0.7331242 ]"|"[0.01663618 0.01663085 0.03629353 0.01787526 0.24380204 0.03414751
 0.02542682 0.03957922 0.0459102  0.01421406]"|2021/2022|True|True
0|3609984|2021-09-25|6|Leeds United|West Ham United|1.0|2.0|1.22|1.65|"[0.01967667 0.04626891 0.02293147 0.14911881 0.08438475 0.04702203
 0.01239325 0.05725992 0.12230752 0.10698297 0.10939353 0.30192077
 0.05889159        nan 0.05533987 0.03456724]"|"[0.01723763 0.09659261 0.02206363 0.08634085 0.05403107 0.01582967
 0.00901059 0.05398235 0.42332473 0.0178394  0.03256511 0.04303271
 0.04119587 0.03340874 0.03954184 0.15208957 0.06012284 0.15569055
 0.08602475 0.21521665]"|2021/2022|True|True
0|3609985|2021-09-25|6|Leicester City|Burnley|2.0|2.0|2.36|0.48|"[0.15554063 0.07444015 0.41670167        nan 0.03063885 0.01605969
 0.33607101 0.0227181  0.07766163 0.12747021 0.01475408 0.01027807
 0.02587884 0.08964278 0.12366814 0.07280032 0.07699087 0.01773971
 0.08323753 0.01728967 0.02406762 0.01434408 0.53109187]"|"[0.02054254 0.05706651 0.03329648 0.06642241 0.08724619 0.08409142
 0.06824887 0.04245816 0.01601272]"|2021/2022|True|True
0|3609988|2021-09-25|6|Watford|Newcastle United|1.0|1.0|1.15|1.9|"[0.06287429 0.01940253 0.03380097 0.0332012  0.0181792  0.04858936
 0.06569616 0.10217776 0.01824352 0.02916574 0.09105989 0.11231091
 0.16121349 0.07360794 0.03228886]"|"[0.03757013 0.02841238 0.07483231 0.07110163 0.03617137 0.0494564
 0.02853885 0.40076402 0.01873235 0.20487986 0.19800392 0.05216103
 0.02925528 0.06506447 0.08568923 0.02552379 0.10668509 0.03399279
 0.25499392 0.1005085 ]"|2021/2022|True|True
0|3609980|2021-09-25|6|Brentford|Liverpool|3.0|3.0|2.24|2.84|"[0.1081319  0.06403442 0.66217065 0.05271209 0.22107165 0.02833324
 0.02694609 0.02227052 0.37171102 0.21972071 0.09291176 0.39815816]"|"[0.04326518 0.53346622 0.38246453 0.02538527 0.22171996 0.01455755
 0.03942695 0.49611923 0.01234678 0.08009549 0.4576762  0.04279035
 0.0339022  0.06701622 0.02284714 0.56729591]"|2021/2022|True|True
0|3609987|2021-09-26|6|Southampton|Wolverhampton Wanderers|0.0|1.0|1.08|1.01|"[0.04171123 0.01559782 0.06528555 0.02599857 0.00964369 0.04702203
 0.03899762 0.02272754 0.03250064 0.07959903 0.03199887 0.11693119
 0.08511158 0.01067761 0.03591937 0.2554085  0.13354331 0.02976934]"|[0.08559457 0.01845704 0.08023968 0.48378837 0.33755621]|2021/2022|True|True
0|3609979|2021-09-26|6|Arsenal|Tottenham Hotspur|3.0|1.0|1.08|1.02|"[0.17995863 0.02962258 0.1011514  0.022903   0.21372555 0.40669543
 0.0142852  0.04423407 0.01289692 0.01530368 0.01805489 0.02512412]"|"[0.02986732 0.07880283 0.01814837 0.07080011 0.04204056 0.02280518
 0.0065131  0.31162706 0.42458314 0.01376104]"|2021/2022|True|True
0|3609982|2021-09-27|6|Crystal Palace|Brighton & Hove Albion|1.0|1.0|1.43|0.76|"[0.03360945 0.02583014 0.02877519 0.07414671 0.02834259 0.02230353
 0.7884     0.42659143]"|"[0.04532356 0.34642679 0.01919802 0.05020591 0.01689142 0.03788584
 0.05794068 0.1833663 ]"|2021/2022|True|True
0|3609995|2021-10-02|7|Manchester United|Everton|1.0|1.0|0.98|1.27|"[0.19030733 0.06706843 0.02324277 0.05721096 0.01932762 0.02370657
 0.03950986 0.07670575 0.08452613 0.03461466 0.02811811 0.28466785
 0.04941046]"|"[0.05601669 0.12602745 0.14892055 0.07809176 0.0320483  0.15495714
 0.03018432 0.07065775 0.06439056 0.45789245 0.024213   0.03042692]"|2021/2022|True|True
0|3609990|2021-10-02|7|Burnley|Norwich City|0.0|0.0|1.18|0.53|"[0.04233083 0.05074746 0.31546894 0.02604291 0.05941536 0.0304679
 0.08071955 0.0168241  0.38556576 0.03889595 0.03481577 0.0302364
 0.03434167 0.03527325]"|"[0.03014633 0.06012284 0.03552502 0.05048292 0.22033416 0.0377187
 0.10851419 0.02946391 0.03795414 0.00661972]"|2021/2022|True|True
0|3609991|2021-10-02|7|Chelsea|Southampton|3.0|1.0|3.34|1.35|"[0.13959432 0.07829158 0.58706558 0.1245054  0.04943047 0.03305103
 0.08288969 0.05768483 0.12277208 0.07323524 0.07959903 0.0894952
 0.31014475 0.02011779 0.05045376 0.6368832  0.04058883 0.70205849
 0.17365246 0.02370926]"|[0.02047226 0.02512412 0.04515529 0.31336659 0.7884     0.15743637]|2021/2022|True|True
0|3609993|2021-10-02|7|Leeds United|Watford|1.0|0.0|1.35|0.21|"[0.07959903 0.03830227 0.06580686 0.09549599 0.15371144 0.02406534
 0.14279012 0.12400457 0.06473432 0.02988941 0.02965019 0.02898151
 0.152753   0.06363988 0.04437136 0.05489283 0.03881884 0.03500787
 0.0506252  0.03593263]"|[0.02580581 0.06376833 0.02471115 0.06715989 0.02606235]|2021/2022|True|True
0|3609998|2021-10-02|7|Wolverhampton Wanderers|Newcastle United|2.0|1.0|1.02|0.64|"[0.33468697 0.02448902 0.02197192 0.02582235 0.51117492 0.08201446
 0.02021514]"|"[0.04575163 0.09233575 0.27357879 0.02805571 0.02172118 0.05647344
 0.07203498 0.05502388]"|2021/2022|True|True
0|3609989|2021-10-02|7|Brighton & Hove Albion|Arsenal|0.0|0.0|1.09|0.43|"[0.04511336 0.02165976 0.01657984 0.19861267 0.04264845 0.09165685
 0.0225659  0.11358497 0.07711141 0.01923112 0.07585532 0.02590352
 0.06043563 0.01720608 0.0213319  0.04941548 0.01784057 0.0576435
 0.0232253  0.05244756 0.0439907 ]"|"[0.08710492 0.08330498 0.02869969 0.0585319  0.0220269  0.01813456
 0.09613716 0.03806705]"|2021/2022|True|True
0|3609992|2021-10-03|7|Crystal Palace|Leicester City|2.0|2.0|1.53|1.19|"[0.22967844 0.04439917 0.02690848 0.02075728 0.10047729 0.02588229
 0.01976489 0.11959105 0.12857708 0.04264296 0.08749969 0.1104812
 0.17142352 0.09198051 0.12227462 0.11857302 0.04748532 0.02874852]"|"[0.20105219 0.06277637 0.01980521 0.34010577 0.06801608 0.36659977
 0.05434125 0.02499022 0.05613485]"|2021/2022|True|True
0|3609996|2021-10-03|7|Tottenham Hotspur|Aston Villa|2.0|1.0|1.29|1.21|"[0.06573451 0.03310951 0.03998539 0.03675328 0.11514927 0.05037784
 0.02152976 0.04980624 0.05145168 0.02391766 0.21645911 0.06803728
 0.04537288 0.02606082 0.22329001 0.20831198 0.01821856]"|"[0.02437732 0.02887935 0.02134267 0.03084772 0.05725112 0.07091978
 0.0176845  0.02197192 0.03976983 0.07919805 0.55779177        nan
 0.12243874 0.12195268 0.01549569]"|2021/2022|True|True
0|3609997|2021-10-03|7|West Ham United|Brentford|1.0|2.0|1.56|1.25|"[0.13204317 0.04889947 0.06698754 0.01253083 0.04753142 0.08528536
 0.03875187 0.02614436 0.12639485 0.05682591 0.04202841 0.45165631
 0.15634742 0.07188599 0.02983366 0.04991578 0.04641901 0.06919579]"|"[0.01526377 0.04823626 0.08960732 0.09848945 0.02264779 0.0269874
 0.23503295 0.4325434  0.16580969 0.0450934  0.00936551 0.0796527
 0.08473276]"|2021/2022|True|True
0|3609994|2021-10-03|7|Liverpool|Manchester City|2.0|2.0|0.9|1.24|[0.01901395 0.09376113 0.36062339 0.05450234 0.13671082 0.23258498]|"[0.02792695 0.42046532 0.0984095  0.10496469 0.08233531 0.02651279
 0.01673051 0.04645257 0.2025346  0.09549599 0.03883148 0.08018662]"|2021/2022|True|True
0|3610008|2021-10-16|8|Watford|Liverpool|0.0|5.0|0.46|3.29|[0.01855745 0.04905092 0.02338145 0.12858795 0.01502275 0.22700971]|"[0.03608686 0.22697152 0.04748109 0.11693119 0.95833564 0.0542471
 0.01486959 0.03778182 0.05045138 0.21658833 0.0962722  0.05354048
 0.05256495 0.0679121  0.02888297 0.44321585 0.02863548 0.06155965
 0.69522136]"|2021/2022|True|True
0|3610000|2021-10-16|8|Aston Villa|Wolverhampton Wanderers|2.0|3.0|1.01|2.12|"[0.03457797 0.03050749 0.05904119 0.01151398 0.07450896 0.04034532
 0.30584467 0.10372952 0.1136089  0.0457047  0.06226379 0.05315755
 0.03361107 0.03957554]"|"[0.10753061 0.23631789 0.02147047 0.03561859 0.01306654 0.85676742
 0.10814405 0.66894186 0.07026967]"|2021/2022|True|True
0|3610003|2021-10-16|8|Leicester City|Manchester United|4.0|2.0|2.54|1.16|"[0.01037349 0.06895224 0.08680291 0.02434334 0.04062827 0.07959903
 0.05135653 0.07971717 0.0219499  0.02191591 0.03007446 0.12740888
 0.20382494 0.03795258 0.67225289 0.12879763 0.13138555 0.0549185
 0.23301746 0.08161953 0.02281175 0.37774167]"|"[0.03123514 0.10409854 0.01771257 0.09155299 0.04410649 0.08756881
 0.025095   0.01886944 0.07959903 0.03346009 0.00952811 0.02146403
 0.08510975 0.01599052 0.3246977  0.0339022  0.08187002 0.05331267]"|2021/2022|True|True
0|3610004|2021-10-16|8|Manchester City|Burnley|2.0|0.0|2.14|0.91|"[0.0226095  0.1308576  0.67256772 0.2156153  0.0505908  0.11036219
 0.14410342 0.12567173 0.10664362 0.15772283 0.0835501  0.03210723
 0.15139644 0.02642672 0.20514587]"|"[0.24675506 0.03392701 0.10410583 0.05762881 0.05391194 0.05725992
 0.36825463]"|2021/2022|True|True
0|3610006|2021-10-16|8|Norwich City|Brighton & Hove Albion|0.0|0.0|1.62|0.79|"[0.02242161 0.02511851 0.03936785 0.03834737 0.06218901 0.0300232
 0.49546716 0.02020587 0.02244595 0.28557199 0.01616639 0.02725348
 0.0153437  0.09524326 0.01979994]"|"[0.03342419 0.01452689 0.05646224 0.14467983 0.02488494 0.04294312
 0.04609916 0.03532569 0.0344472  0.09356072 0.26462641]"|2021/2022|True|True
0|3610007|2021-10-16|8|Southampton|Leeds United|1.0|0.0|1.89|0.18|"[0.02861545 0.06428946 0.01979564 0.04035459 0.9210791  0.0236422
 0.04630313 0.01282738 0.02513981 0.01695389 0.0544086  0.07637217
 0.05213542 0.30262402 0.02030025 0.05911093 0.08293144 0.04708787
 0.02992026]"|[0.01292572 0.09715521 0.0722689 ]|2021/2022|True|True
0|3610001|2021-10-16|8|Brentford|Chelsea|0.0|1.0|1.54|0.33|"[0.07740316 0.08515707 0.06701697 0.19149797 0.07367013 0.02704897
 0.02476098 0.14299601 0.08680437 0.21329005 0.07098469 0.23371205
 0.01815364 0.1715242  0.03459708 0.01331271 0.0265081 ]"|[0.04867455 0.05270203 0.07844334 0.13660072 0.01524343]|2021/2022|True|True
0|3610002|2021-10-17|8|Everton|West Ham United|0.0|1.0|0.9|1.29|"[0.03111066 0.05173258 0.05067591 0.06019755 0.02253781 0.19571353
 0.07186168 0.02634686 0.02188891 0.03855849 0.03276916 0.06967396
 0.03896762 0.10763696 0.08156811]"|"[0.05694581 0.08857843 0.10398199 0.01920058 0.02680154 0.12021717
 0.05756483 0.08528536 0.07713282 0.23368992 0.231337   0.02899742
 0.04307904 0.02867764 0.030653   0.06225019]"|2021/2022|True|True
0|3610005|2021-10-17|8|Newcastle United|Tottenham Hotspur|2.0|3.0|0.39|1.69|"[0.1971793  0.03085006 0.03494817 0.05167317 0.01229835 0.03782454
 0.02136698]"|"[0.02442374 0.02012422 0.08931459 0.42564887 0.04662712 0.08060598
 0.04621483 0.73254526 0.04678089 0.04006701 0.00847393 0.0393815
 0.01882931 0.07190079        nan]"|2021/2022|True|True
0|3609999|2021-10-18|8|Arsenal|Crystal Palace|2.0|2.0|1.7|0.72|"[0.01673791 0.38881949 0.02089557 0.05736663 0.02521827 0.01629166
 0.01861481 0.04780508 0.10070846 0.14603391 0.13734662 0.03161292
 0.05390983 0.02674405 0.05420196 0.40047121 0.27846312]"|"[0.0796793  0.08437817 0.12372943 0.01255728 0.14716852 0.06873366
 0.01266946 0.01560666 0.17343256]"|2021/2022|True|True
0|3610009|2021-10-22|9|Arsenal|Aston Villa|3.0|1.0|2.72|1.44|"[0.14353983 0.0649248  0.15279928 0.05530791 0.02708669 0.1622522
 0.03832088 0.07549939 0.50728333 0.01157844 0.03020652 0.10732465
 0.7884     0.61016989 0.04138077 0.0096525  0.1026007  0.04203995
 0.10896461 0.02498254 0.06438748 0.03598188]"|"[0.0359728  0.23913252 0.02525319 0.03385985 0.21170059 0.05357311
 0.07187387 0.61607975 0.1054312  0.04511377]"|2021/2022|True|True
0|3610012|2021-10-23|9|Chelsea|Norwich City|7.0|0.0|3.44|0.11|"[0.03648801 0.03676233 0.47351959 0.0132812  0.21973941 0.0542471
 0.26295295 0.39489386 0.02963629 0.02856235 0.05198406 0.04064235
 0.0258221  0.02076636 0.03701423 0.04270292 0.21048452 0.04060247
 0.01754968 0.09235623 0.7884     0.47992691 0.04517808]"|[0.02828893 0.05600568 0.02839857        nan]|2021/2022|True|True
0|3610013|2021-10-23|9|Crystal Palace|Newcastle United|1.0|1.0|1.86|0.35|"[0.2601769  0.31447482 0.01745223 0.05056682 0.04900143 0.08764176
 0.19828398 0.17342934 0.03537666 0.01572903 0.37586325 0.02449106
 0.15190944 0.03707342 0.06716178]"|[0.034934   0.10415254 0.13187894 0.05332683 0.01084254 0.02539252]|2021/2022|True|True
0|3610014|2021-10-23|9|Everton|Watford|2.0|5.0|1.53|3.82|"[0.41003454 0.05212296 0.12493191 0.03288041 0.03160967 0.0159754
 0.02184569 0.02298696 0.0918394  0.03882001 0.21437962 0.02505902
 0.33021724 0.06428455 0.05278481]"|"[0.74118209 0.01632149 0.01701584 0.03612704 0.02484135 0.05725992
 0.04992737 0.03799386 0.02484184 0.57562858 0.01918041 0.0270073
 0.18983261 0.51775551 0.063017   0.09922142 0.0468701  0.09475876
 0.70222741 0.47939476]"|2021/2022|True|True
0|3610015|2021-10-23|9|Leeds United|Wolverhampton Wanderers|1.0|1.0|1.65|0.91|"[0.09706344 0.0226135  0.02851708 0.03473093 0.02345704 0.02199567
 0.01570475 0.02084491 0.03401199 0.05860858 0.0250457  0.11951859
 0.1766115  0.03296174 0.07071441 0.02954908 0.7884     0.04660091]"|"[0.08632505 0.41939759 0.06078366 0.03379418 0.02285416 0.19491956
 0.03789012 0.05652181]"|2021/2022|True|True
0|3610017|2021-10-23|9|Southampton|Burnley|2.0|2.0|1.62|0.69|"[0.03542692 0.12428622 0.02941091 0.01401152 0.17243016 0.66585857
 0.08538122 0.16176306 0.05941231 0.02243976 0.07381967 0.02764845
 0.03540606 0.03887546 0.02595357 0.04498514]"|"[0.26865184 0.14008223 0.09102003 0.03139104 0.02652658 0.06180936
 0.04461233 0.01037462 0.01775865]"|2021/2022|True|True
0|3610011|2021-10-23|9|Brighton & Hove Albion|Manchester City|1.0|4.0|1.3|4.23|"[0.05919369 0.03795627 0.02538264 0.25123277 0.02132474 0.03912966
 0.03184356 0.01626419 0.7884     0.03250753]"|"[0.01923813 0.01025064 0.11700199 0.13502349 0.25618026 0.99436486
 0.05804554 0.13130873 0.745637   0.04556448 0.15525995 0.08776431
 0.1364475  0.03348235 0.02486067 0.01934293 0.13994567 0.08616727
 0.32571849 0.04467495 0.06630243 0.0635793  0.55438942]"|2021/2022|True|True
0|3610010|2021-10-24|9|Brentford|Leicester City|1.0|2.0|1.03|1.5|"[0.1817645  0.2008675  0.13790312 0.03426931 0.04162008 0.01776499
 0.11114974 0.0372774  0.02793021 0.04409249 0.08814749 0.04920374
 0.00679184 0.02660811 0.02594533]"|"[0.00889714 0.01221477 0.02805482 0.07254979 0.0630573  0.91913331
 0.0304484  0.25350723 0.09128463 0.02434294]"|2021/2022|True|True
0|3610018|2021-10-24|9|West Ham United|Tottenham Hotspur|1.0|0.0|1.27|0.7|"[0.05745424 0.03515161 0.05833887 0.08388181 0.02831014 0.05041322
 0.38118738 0.04987807 0.04381435 0.06770869 0.06080567 0.26201513
 0.09264278]"|"[0.01666796 0.25236407 0.22902988 0.02892067 0.01105228 0.0843526
 0.07852948]"|2021/2022|True|True
0|3610016|2021-10-24|9|Manchester United|Liverpool|0.0|5.0|1.57|3.42|"[0.36725348 0.02422118 0.060971   0.05497405 0.02374984 0.03345006
 0.03782463 0.05784566 0.39327782 0.37821099 0.11521223 0.02318648]"|"[0.54066336 0.2478473  0.06364099 0.68421906 0.02963862 0.00609572
 0.20722806 0.13389905 0.05218433 0.43595231 0.26940212 0.05932771
 0.29582387 0.04678699 0.0383339  0.05430547 0.02219467 0.02501481
 0.20925517]"|2021/2022|True|True
0|3610021|2021-10-30|10|Leicester City|Arsenal|0.0|2.0|1.27|0.71|"[0.09294963 0.04132298 0.02277665 0.12666693 0.20541565 0.08848253
 0.03229174 0.01917051 0.07663977 0.33099422 0.01727436 0.10127883
 0.04484103 0.05575724 0.0219251  0.02225253]"|"[0.1427999  0.07130784 0.04185284 0.01766225 0.14038636 0.03140441
 0.18319495 0.0444704  0.04156984]"|2021/2022|True|True
0|3610020|2021-10-30|10|Burnley|Brentford|3.0|1.0|2.7|0.85|"[0.04054829 0.14237024 0.54347807 0.51708132 0.3637518  0.20309147
 0.2028093  0.23427238 0.20053235 0.0246273  0.09907754 0.01885709
 0.05219872 0.02498042 0.03606696]"|"[0.18090127 0.06610208 0.01944074 0.1014952  0.02071139 0.07570493
 0.1028261  0.03605206 0.03165018 0.07854074 0.11116614 0.02091251]"|2021/2022|True|True
0|3610022|2021-10-30|10|Liverpool|Brighton & Hove Albion|2.0|2.0|1.46|1.01|"[0.03803331 0.5927906  0.35177854 0.12379786 0.02922626 0.0696769
 0.0200247  0.03568886 0.0477906  0.00945536 0.01066657 0.07119866
 0.01201445 0.05048715]"|"[0.06586342 0.03883462 0.25380945 0.01589926 0.06726976 0.03166393
 0.46716631 0.03290912 0.04162244]"|2021/2022|True|True
0|3610023|2021-10-30|10|Manchester City|Crystal Palace|0.0|2.0|0.71|0.67|"[0.02639659 0.11374067 0.01419522 0.03417503 0.02617276 0.04505001
 0.02164755 0.02022851 0.02364367 0.10518973 0.08201721 0.01247838
 0.13589139 0.05280849]"|"[0.09766746 0.04964175 0.11691912 0.18946202 0.04541958 0.00797277
 0.01988056 0.14419042]"|2021/2022|True|True
0|3610024|2021-10-30|10|Newcastle United|Chelsea|0.0|3.0|0.22|2.35|[0.02483739 0.12246538 0.01349119 0.01784341 0.01526011 0.02479322]|"[0.03842522 0.0173043  0.02177334 0.22953053 0.66116792 0.04982006
 0.09549599 0.03513439 0.02314678 0.03001818 0.02439566 0.03515161
 0.02880622 0.07605326 0.0568793  0.05422354 0.06046767 0.7884
 0.02526747]"|2021/2022|True|True
0|3610027|2021-10-30|10|Watford|Southampton|0.0|1.0|1.04|1.76|"[0.07157445 0.00739868 0.10961557 0.03280159 0.14739515 0.01629166
 0.01981613 0.58537775 0.02163352 0.03012052]"|"[0.13237016 0.03890561 0.01412617 0.36576003 0.07035885 0.50080621
 0.06830055 0.18246409 0.13241592 0.11019287 0.03824114 0.10309021]"|2021/2022|True|True
0|3610026|2021-10-30|10|Tottenham Hotspur|Manchester United|0.0|3.0|1.03|1.5|"[0.0297827  0.01680555 0.05568184 0.22612983 0.07304268 0.05725992
 0.41959292 0.11625027 0.03708957]"|"[0.01186969 0.1867118  0.01415298 0.11990572 0.01682108 0.02458948
 0.08170512 0.04281161 0.55048275 0.44680896]"|2021/2022|True|True
0|3610025|2021-10-31|10|Norwich City|Leeds United|1.0|2.0|0.84|0.74|"[0.09959912 0.03690375 0.04476013 0.06321877 0.01612075 0.00825837
 0.00931508 0.02547869 0.13291141 0.01756091 0.03737756 0.20908465
 0.04114943 0.09465759]"|"[0.18058328 0.04954049 0.02309217 0.02312762 0.0112097  0.19372448
 0.02076087 0.06325722 0.02938793 0.07586149 0.01797089 0.02526592
 0.0216206 ]"|2021/2022|True|True
0|3610019|2021-10-31|10|Aston Villa|West Ham United|1.0|4.0|0.68|2.36|"[0.04477467 0.01953787 0.32389867 0.05306641 0.01032856 0.05530815
 0.11549032 0.02853208 0.02739216]"|"[0.02540039 0.03540277 0.0749485  0.15630183 0.03956021 0.06045946
 0.03829254 0.03034321 0.05671438 0.02322499 0.03629374 0.09746604
 0.04798934 0.03942695 0.06139317 0.02020014 0.06766172 0.27317193
 0.32488167 0.89541954 0.05577309]"|2021/2022|True|True
0|3610028|2021-11-01|10|Wolverhampton Wanderers|Everton|2.0|1.0|1.66|1.48|"[0.04388482 0.64454132 0.0240106  0.05684807 0.05732125 0.04384231
 0.07980083 0.11784098 0.08242186 0.5422858 ]"|"[0.09738009 0.06892303 0.47160587 0.07079391 0.33776325 0.06113589
 0.01526919 0.01317018 0.02010026 0.17174639 0.02536269 0.03522325
 0.03531701 0.05291177]"|2021/2022|True|True
0|3610037|2021-11-05|11|Southampton|Aston Villa|1.0|0.0|0.62|0.86|"[0.03694604 0.08211579 0.25244728 0.07477522 0.0264507  0.02618118
 0.06787815 0.01492563 0.04308324]"|"[0.01312948 0.09324743 0.01648953 0.03458774 0.09309301 0.05767338
 0.04791245 0.0484284  0.05559819 0.02710451 0.04197784 0.02505437
 0.04357497 0.01691744]"|2021/2022|True|True
0|3610036|2021-11-06|11|Manchester United|Manchester City|0.0|2.0|0.89|1.66|[0.07739741        nan 0.1307385  0.73015243 0.02577054 0.02537847]|"[0.05932232 0.01967242 0.27057993 0.13339713 0.20897105 0.01885032
 0.03363808 0.10668594 0.02514876 0.22180363 0.12765445 0.0241963
 0.06859499 0.15807551 0.07083945 0.11737283]"|2021/2022|True|True
0|3610030|2021-11-06|11|Brentford|Norwich City|1.0|2.0|2.8|1.22|"[0.0919448  0.45273769 0.13432758 0.11411137 0.05171041 0.03050738
 0.04865251 0.05894626 0.00640867 0.02165056 0.04030094 0.60896766
 0.03774892 0.54576719 0.03304684 0.11700543 0.03203807 0.14312139
 0.01992431]"|"[0.07959903 0.02255959 0.7884     0.0167479  0.19599645 0.00955797
 0.02528759 0.02527131 0.06042814]"|2021/2022|True|True
0|3610032|2021-11-06|11|Chelsea|Burnley|1.0|1.0|1.83|0.65|"[0.11095789 0.06519745 0.05545113 0.33592945 0.04651215 0.02189433
 0.04846146 0.04461019 0.04498695 0.19461875 0.01805129 0.09796269
 0.03187549 0.13012122 0.02599857 0.09142715 0.04007223 0.03060862
 0.01932879 0.22825441 0.02133387 0.00768797 0.03254771 0.03913929
 0.05074529]"|[0.01969034 0.0181566  0.03133908 0.55023259 0.05287128]|2021/2022|True|True
0|3610033|2021-11-06|11|Crystal Palace|Wolverhampton Wanderers|2.0|0.0|1.94|0.3|"[0.01737807 0.07959817 0.03630406 0.05815695 0.11849254 0.02457546
 0.04654212 0.32214534 0.10156316 0.70720249 0.07841046 0.40378424
 0.01668857]"|[0.11330192 0.1106732  0.05870823 0.01759415]|2021/2022|True|True
0|3610031|2021-11-06|11|Brighton & Hove Albion|Newcastle United|1.0|1.0|1.49|0.29|"[0.06236488 0.02870115 0.7884     0.03410177 0.21752198 0.02377156
 0.03471054 0.04965284 0.01863868 0.03021582 0.12705103 0.02280122
 0.0255284  0.02824663]"|[0.04218859 0.02083841 0.01073904 0.03668898 0.16640493 0.01178572]|2021/2022|True|True
0|3610029|2021-11-07|11|Arsenal|Watford|1.0|0.0|1.64|0.5|"[0.15060732 0.02457459 0.02345344 0.01282863 0.7884     0.03883476
 0.1491138  0.06634087 0.07195656 0.10194331 0.09571571 0.03019864
 0.02996554 0.05417516]"|"[0.05257575 0.06980996 0.04156984 0.07293501 0.08169577 0.01719265
 0.16519378]"|2021/2022|True|True
0|3610034|2021-11-07|11|Everton|Tottenham Hotspur|0.0|0.0|0.6|0.72|"[0.02785571 0.01844386 0.0179441  0.02971416 0.04821106 0.0240022
 0.04834739 0.02388907 0.08744975 0.1052186  0.02503711 0.14614543]"|"[0.14883742 0.02512412 0.05568478 0.0689971  0.32425422 0.03016492
 0.02113844 0.04213478]"|2021/2022|True|True
0|3610035|2021-11-07|11|Leeds United|Leicester City|1.0|1.0|1.38|0.73|"[0.03203294 0.0293126  0.11790735 0.01069638 0.01867141 0.04934533
 0.03763117 0.12906106 0.51364487 0.03715516 0.0245319  0.01958543
 0.05277614 0.14060986 0.03554117 0.08352874 0.02412232 0.02169443]"|"[0.03399075 0.04143744 0.25427663 0.01104687 0.04235063 0.05855023
 0.13482168 0.07798296 0.07653774]"|2021/2022|True|True
0|3610038|2021-11-07|11|West Ham United|Liverpool|3.0|2.0|1.02|1.23|"[0.08173537 0.18734014 0.02134537 0.02197192 0.29780853 0.03179133
 0.37654275]"|"[       nan 0.01301784 0.04167967 0.03067702 0.036969   0.12490998
 0.08019475 0.01482    0.15133521 0.04783959 0.02344048 0.04403703
 0.05888993 0.0432058  0.05742296 0.41798618 0.04393951]"|2021/2022|True|True
0|3610041|2021-11-20|12|Leicester City|Chelsea|0.0|3.0|0.36|2.02|[0.01540631 0.00962173 0.31706047 0.01619057]|"[0.22569664 0.22964439 0.10052922 0.06862003 0.09280484 0.07874712
 0.09702843 0.16737968 0.00990432 0.08028739 0.02433303 0.04602857
 0.21220414 0.34656075 0.21124636 0.03993425]"|2021/2022|True|True
0|3610039|2021-11-20|12|Aston Villa|Brighton & Hove Albion|2.0|0.0|0.73|0.41|"[0.03630568 0.01689811 0.07308565 0.02375739 0.14724174 0.08802605
 0.10294829 0.11280529 0.1460086 ]"|[0.05721356 0.12261374 0.06570141 0.09809495 0.01800519 0.05617075]|2021/2022|True|True
0|3610040|2021-11-20|12|Burnley|Crystal Palace|3.0|3.0|1.49|2.3|"[0.05703321 0.18923819 0.07374509 0.09527056 0.0423495  0.02774626
 0.06512174 0.03365347 0.06947095 0.07260143 0.04984732 0.08994015
 0.0713438  0.01351837 0.54041767]"|"[0.12102736 0.10753667 0.14495251 0.13473392 0.28812325 0.05578851
 0.20671382 0.02074784 0.26543358 0.38475308 0.12149049 0.01569746
 0.00902634 0.02242161 0.04654813 0.01702897 0.03744344 0.02555117]"|2021/2022|True|True
0|3610044|2021-11-20|12|Newcastle United|Brentford|3.0|3.0|1.53|0.85|"[0.06845463 0.03087176 0.08659878 0.02114111 0.0643081  0.01000436
 0.04239427 0.03193445 0.05064031 0.01751011 0.04045911 0.10009037
 0.4040215  0.08283363 0.05663239 0.0080326  0.07710297 0.03748033
        nan 0.0633911  0.1972267  0.01807956 0.02213465 0.03200585]"|"[0.08744975 0.05487122 0.08573142 0.14884637 0.34686157 0.02081947
 0.02168218 0.03236246 0.04125038 0.0120068 ]"|2021/2022|True|True
0|3610045|2021-11-20|12|Norwich City|Southampton|2.0|1.0|0.54|0.99|"[0.10772351 0.08821605 0.06237486 0.1089443  0.0206551  0.01824352
 0.04080948 0.09309477]"|"[0.07733788 0.09295408 0.03207728 0.03770839 0.03794973 0.03094623
 0.03458866 0.15958238 0.01994054 0.09089847 0.02227726 0.11470513
 0.04408849 0.0421623  0.0349814  0.04381069 0.07091603]"|2021/2022|True|True
0|3610047|2021-11-20|12|Watford|Manchester United|4.0|1.0|2.8|1.41|"[0.7884     0.05729647 0.07049601 0.06596327 0.08358712 0.07814978
 0.48637506 0.0484929  0.15081064 0.08302489 0.06324716 0.19938068
 0.045271   0.03413996 0.06266188 0.10933045 0.04284744 0.23848848
 0.0392706  0.0641281 ]"|"[0.08497309 0.30412492 0.33379224 0.14328252 0.30014667 0.03344867
 0.06171228 0.03306763 0.11685548]"|2021/2022|True|True
0|3610048|2021-11-20|12|Wolverhampton Wanderers|West Ham United|1.0|0.0|1.42|0.4|"[0.00937864 0.07403193 0.13765995 0.42482999 0.02301297 0.08774528
 0.037518   0.04199925 0.03957223 0.01752144 0.01205344 0.09549599
 0.04143184 0.31981599 0.05744184]"|"[0.01967445 0.08407589 0.04957779 0.01950528 0.02060951 0.07395985
 0.09922142 0.03625473]"|2021/2022|True|True
0|3610042|2021-11-20|12|Liverpool|Arsenal|4.0|0.0|4.33|0.39|"[0.03866489 0.05813012 0.02126589 0.01223936 0.01992776 0.06750802
 0.13211967 0.45880353 0.18994273 0.00798721 0.2085958  0.07753941
 0.0628047  0.97223896 0.08298317 0.02279698 0.21708468 0.78855145
 0.89937121]"|[0.15661296 0.08781847 0.01694807 0.11309854 0.01563654]|2021/2022|True|True
0|3610043|2021-11-21|12|Manchester City|Everton|3.0|0.0|2.52|0.21|"[0.02787202 0.23538464 0.07593575 0.32432625 0.1421413  0.09506977
 0.03209124 0.06058358 0.54645163 0.02084723 0.07738584 0.23285079
 0.03848624 0.03808758 0.11979639 0.38420975 0.08191208]"|[0.05673385 0.03399075 0.04283469 0.07564707]|2021/2022|True|True
0|3610046|2021-11-21|12|Tottenham Hotspur|Leeds United|2.0|1.0|2.19|1.46|"[0.05550763 0.00967623 0.42257562 0.02396687 0.12527122 0.14116172
 0.12350209 0.43701801 0.12920746 0.66917628 0.02439532 0.01389076
 0.01621473]"|"[0.05451796 0.0203623  0.06470955 0.02021461 0.01720658 0.74724001
 0.04141179 0.10991152 0.01454438 0.03649883 0.02923242 0.03588835
 0.00856024 0.10666721 0.00562519 0.07755324 0.03024059 0.04103572]"|2021/2022|True|True
0|3610049|2021-11-27|13|Arsenal|Newcastle United|2.0|0.0|2.52|0.25|"[0.01634638 0.44165653 0.10264576 0.03821782 0.01967667 0.02624464
 0.41431087 0.41279668 0.09960526 0.0149192  0.01814837 0.03037225
 0.06869534 0.15190671 0.02275597 0.02557482 0.04281637 0.05123774
 0.31394288 0.15194146 0.04594844 0.07626236 0.04867918 0.05218291]"|"[0.02014046 0.02785571 0.00964039 0.03221201 0.02244092 0.03374381
 0.01291845 0.02728666 0.06512039]"|2021/2022|True|True
0|3610054|2021-11-27|13|Crystal Palace|Aston Villa|1.0|2.0|0.96|0.46|"[0.03106702 0.09248885 0.06155965 0.0709326  0.06460169 0.02069758
 0.24851508 0.36661854]"|"[0.05012879 0.0660843  0.06794403 0.01663217 0.06548914 0.02909433
 0.02228283 0.01104154 0.05703321 0.06961759]"|2021/2022|True|True
0|3610056|2021-11-27|13|Liverpool|Southampton|4.0|0.0|2.95|1.06|"[0.07858162 0.6408751  0.09205782 0.0238422  0.02506256 0.04899539
 0.81556714 0.09309701 0.05781854 0.019775   0.08559209 0.05878703
 0.01572496 0.09334722 0.57402855 0.02634686 0.10700989 0.02288113
 0.04103109 0.03199887]"|"[0.06783    0.29829636 0.18973948 0.22851764 0.14785884 0.10005748
 0.03089554]"|2021/2022|True|True
0|3610058|2021-11-27|13|Norwich City|Wolverhampton Wanderers|0.0|0.0|1.63|0.27|"[0.02488214 0.03203807 0.05716225 0.06497839 0.03331353 0.36702949
 0.15659673 0.01560666 0.02457546 0.03266702 0.50924015 0.01381333
 0.20159814 0.15159984]"|[0.06764177 0.07565582 0.04360489 0.0188347  0.06599276]|2021/2022|True|True
0|3610051|2021-11-27|13|Brighton & Hove Albion|Leeds United|0.0|0.0|2.59|0.66|"[0.06894543 0.17651021 0.85591859 0.02369878 0.02037283 0.06483093
 0.03161597 0.03231937 0.07206615 0.00773408 0.23337588 0.00723971
 0.12325814 0.01637404 0.12515503 0.08655794 0.15501213 0.07692755
 0.03881539 0.05333863]"|"[0.05663239 0.03956163 0.0403708  0.20107284 0.02775478 0.03126419
 0.02845035 0.07110082 0.07913117 0.0642743  0.02529036]"|2021/2022|True|True
0|3610050|2021-11-28|13|Brentford|Everton|1.0|0.0|1.23|1.01|[0.7884     0.08107667 0.12608677 0.11623704 0.06701622 0.05098634]|"[0.22610956 0.03163296 0.0385141  0.10435206 0.0157879  0.15566263
 0.04498274 0.0745202  0.11826777 0.10490801 0.01897536 0.02552816
 0.01845639 0.03610916]"|2021/2022|True|True
0|3610055|2021-11-28|13|Leicester City|Watford|4.0|2.0|2.14|2.79|"[0.02658192 0.0552589  0.34771171 0.08466088 0.15152232 0.163442
 0.05008834 0.01444109 0.01989592 0.04405468 0.01918085 0.05032821
 0.26568466 0.97856337 0.06701785 0.02060529 0.01024829 0.03348122]"|"[0.07141005 0.08463753 0.09567733 0.07244014 0.01797125 0.05742782
 0.06910782 0.7884     0.09386912 0.01113133 0.08570752 0.11841463
 0.06670281 0.61308974 0.04700456 0.0139018  0.48430505]"|2021/2022|True|True
0|3610057|2021-11-28|13|Manchester City|West Ham United|2.0|1.0|2.14|0.18|"[0.02593121 0.09125954 0.07589018 0.1304128  0.05667209 0.02921788
 0.05055701 0.48380256 0.10538723 0.01757366 0.11675809 0.03739592
 0.02645986 0.30581516 0.03767068 0.11707497 0.22694959 0.06608205
 0.14008223]"|[0.07107221 0.04261915 0.02678858 0.01916449 0.01793549]|2021/2022|True|True
0|3610053|2021-11-28|13|Chelsea|Manchester United|1.0|1.0|3.11|0.9|"[0.13145512 0.4015471  0.02352812 0.03673034 0.03313546 0.22270063
 0.02302024 0.01636212 0.0629561  0.06004782 0.05182426 0.02636498
 0.09197333 0.02934484 0.7884     0.11685548 0.04157922 0.10983393
 0.09844334 0.0500352  0.01838242 0.04473794 0.1083438  0.13170963]"|[0.0166146  0.80802447 0.07422603]|2021/2022|True|True
0|3610066|2021-11-30|14|Newcastle United|Norwich City|1.0|1.0|1.16|1.21|"[0.04097243 0.02896157 0.0172821  0.11726719 0.0194481  0.04442121
 0.7884     0.07922145 0.02623314]"|"[0.05748858 0.20030537 0.08029191 0.01062066 0.05443497 0.07948475
 0.03690509 0.02557203 0.09698293 0.03809681 0.10016955 0.02240289
 0.0322712  0.31025821 0.02705839 0.03499581]"|2021/2022|True|True
0|3610061|2021-11-30|14|Leeds United|Crystal Palace|1.0|0.0|1.41|1.15|"[0.02738475 0.02742835 0.02380362 0.03747039 0.05574138 0.12663324
 0.07402831 0.05110846 0.02299791 0.02545073 0.02131451 0.06536085
 0.0226972  0.03830307 0.7884    ]"|"[0.11479145 0.03197309 0.09675639 0.03488862 0.02705071 0.14678602
 0.24495082 0.40883917 0.0477906 ]"|2021/2022|True|True
0|3610067|2021-12-01|14|Southampton|Leicester City|2.0|2.0|1.5|1.54|"[0.04646195 0.06895572 0.43256283 0.02778537 0.02852051 0.01643776
 0.21454039 0.02789739 0.03166393 0.19216424 0.06141266 0.023094
 0.04293951 0.27173233 0.04137041]"|"[0.06764546 0.22927409 0.02660323 0.12129402 0.10970342 0.04732947
 0.04631947 0.03012989 0.09072363 0.03012939 0.22954342 0.37305158
 0.01677166 0.04161789 0.09456273]"|2021/2022|True|True
0|3610062|2021-12-01|14|Watford|Chelsea|1.0|2.0|1.02|0.92|"[0.05914888 0.02652765 0.05551584 0.01366465 0.03015826 0.07418396
 0.07263526 0.06222783 0.45003262 0.03064623 0.01730611 0.04248104
 0.03874961 0.04328115]"|"[0.03903599 0.24321811 0.2616505  0.01209586 0.03736002 0.0426528
 0.16425672 0.12570576]"|2021/2022|True|True
0|3610063|2021-12-01|14|West Ham United|Brighton & Hove Albion|1.0|1.0|1.31|1.33|"[0.63637656 0.00870035 0.03639289 0.04898247 0.11539722 0.02952948
 0.02533412 0.04198317 0.04314827 0.03504003 0.02414614 0.13581592
 0.08251125 0.0503589 ]"|"[0.18677188 0.03775121 0.08457729 0.43879807 0.10144116 0.11334471
 0.01100425 0.20277771 0.15570958]"|2021/2022|True|True
0|3610064|2021-12-01|14|Wolverhampton Wanderers|Burnley|0.0|0.0|0.71|0.21|"[0.03157356 0.05493394 0.01515694 0.05141763 0.12810352 0.02525266
 0.02813198 0.01874195 0.03618419 0.03612056 0.03895247 0.04064117
 0.10828752 0.01715111 0.04914925 0.02682078]"|[0.00794477 0.03288043 0.01939524 0.02059536 0.08376265 0.04561707]|2021/2022|True|True
0|3610059|2021-12-01|14|Aston Villa|Manchester City|1.0|2.0|0.78|0.97|"[0.09620833 0.03447715 0.00496708 0.07030271 0.04207504 0.0788983
 0.43987113 0.00919918 0.00434731]"|"[0.01038982 0.02190961 0.07751128 0.03141331 0.01551001 0.02243811
 0.04690622 0.03513579 0.01982077 0.04786989 0.280388   0.01954978
 0.03996564 0.02655009 0.0185008  0.20770852 0.04458472]"|2021/2022|True|True
0|3610060|2021-12-01|14|Everton|Liverpool|1.0|4.0|0.72|2.66|"[0.01550781 0.03741899 0.33938313 0.07528883 0.07767577 0.04975842
 0.10801708 0.0153437 ]"|"[0.06368765 0.58593923 0.27937275 0.09047219 0.04702203 0.30654538
 0.04191661 0.04707768 0.0777523  0.22311129 0.02122491 0.03860389
 0.01361439 0.2543757  0.15650205 0.1590852 ]"|2021/2022|True|True
0|3610068|2021-12-02|14|Tottenham Hotspur|Brentford|2.0|0.0|1.97|0.29|"[0.09085836 0.08756575 0.06142065 0.05238152 0.25398585 0.13211146
 0.06078105 0.1307942  0.24939102 0.83105898 0.0206636 ]"|"[       nan 0.00766813 0.06734674 0.03025196 0.02331349 0.14427103
 0.01547318]"|2021/2022|True|True
0|3610065|2021-12-02|14|Manchester United|Arsenal|3.0|2.0|1.94|1.44|"[0.02041646 0.03264809 0.02238812 0.01146986 0.02054182 0.02252322
 0.15639442 0.08627152 0.07840738 0.03304116 0.52809417 0.7884
 0.02372585 0.11463558]"|"[0.03179551 0.05012796 0.09396671 0.04454186 0.0151502  0.15589701
 0.06504742 0.01560677 0.07542051 0.02455656 0.1695018  0.04836682
 0.09766847 0.04591154 0.07585532 0.40018967 0.03806441]"|2021/2022|True|True
0|3610077|2021-12-04|15|West Ham United|Chelsea|3.0|2.0|1.83|1.35|"[0.03160967 0.07299668 0.07124165 0.02900119 0.0198979  0.7884
 0.00959194 0.05549933 0.64859825 0.00967772 0.09447795]"|"[0.0948327  0.02577333 0.08924533 0.07992905 0.09089847 0.01343685
 0.03376917 0.02168218 0.02183694 0.11443096 0.03653734 0.06580991
 0.06829727 0.06881407 0.02334613 0.03573253 0.03432063 0.07077406
 0.0903464 ]"|2021/2022|True|True
0|3610073|2021-12-04|15|Newcastle United|Burnley|1.0|0.0|1.05|0.81|"[0.033062   0.1011371  0.06210962 0.10063647 0.0493235  0.06351368
 0.14533424 0.0369681  0.04918402 0.0679861  0.01316282 0.04057495
 0.01125214 0.09009245 0.03521954 0.02273861 0.06359306 0.01504527
 0.04573061]"|"[0.02693485 0.03536578 0.02540388 0.02546533 0.05181351 0.11716501
 0.04866225 0.05753728 0.1534775  0.03852798]"|2021/2022|True|True
0|3610074|2021-12-04|15|Southampton|Brighton & Hove Albion|1.0|1.0|1.57|1.69|"[0.24439801 0.20583557 0.06530909 0.06649602 0.05410329 0.06556026
 0.00995863 0.0485907  0.57641816 0.03633276 0.03387105 0.14621736
 0.03130631 0.03585011]"|"[0.27581817 0.01850204 0.06544666 0.13371976 0.0297336  0.05178458
 0.03672942 0.01473504 0.12999026 0.02499951 0.09553284 0.12458055
 0.01283464 0.67789596]"|2021/2022|True|True
0|3610078|2021-12-04|15|Wolverhampton Wanderers|Liverpool|0.0|1.0|0.09|2.81|[0.03627063 0.03594224 0.01765608]|"[0.07872469 0.00620951 0.06545809 0.10708475 0.04363865 0.11326475
 0.46881181 0.17852662 0.05716225 0.85650587 0.02139069 0.02268094
 0.04760377 0.07040097 0.29582956 0.1257749  0.33317533]"|2021/2022|True|True
0|3610076|2021-12-04|15|Watford|Manchester City|1.0|3.0|0.76|3.18|"[0.02962409 0.03422774 0.02632509 0.12396341 0.0640262  0.02847124
 0.04297113 0.05050065 0.13701844 0.20321174 0.02246547]"|"[0.05801223 0.49171784 0.08184748 0.19489482 0.13235344 0.20720237
 0.09407689 0.07480363 0.01875861 0.09376113 0.27967027 0.07325377
 0.42870948 0.05212958 0.08210023 0.02398136 0.09747685 0.15522377
 0.05217877 0.13347602 0.11535361 0.02440564 0.07199027 0.06579175
 0.0611118  0.0404251 ]"|2021/2022|True|True
0|3610071|2021-12-05|15|Leeds United|Brentford|2.0|2.0|1.24|1.05|"[0.04683424 0.54732996 0.06469282 0.07433986 0.01799134 0.02202874
 0.05932054 0.01548292 0.06476916 0.0172638  0.02478298 0.09771181
 0.19298989]"|"[0.0369681  0.03087511 0.07707963 0.11521642 0.17169513 0.16494353
 0.33179557 0.05618496 0.06401653]"|2021/2022|True|True
0|3610072|2021-12-05|15|Manchester United|Crystal Palace|1.0|0.0|0.95|0.53|"[0.02098319 0.05342633 0.10569388 0.02103174 0.06068477 0.12510233
 0.03653109 0.10208613 0.05544704 0.0738955  0.02582602 0.11037587
 0.01713554 0.04217451 0.06030619 0.04101519]"|"[0.32793871 0.02240181 0.0370276  0.02098388 0.00764506 0.01369146
 0.015061   0.08395287]"|2021/2022|True|True
0|3610075|2021-12-05|15|Tottenham Hotspur|Norwich City|3.0|0.0|1.65|1.33|"[0.04273571 0.02488538 0.04991645 0.01798101 0.02545987 0.17149956
 0.62871516 0.04764975 0.05253036 0.07600641 0.01786782 0.04795106
 0.16554406 0.04352054 0.03515161 0.13523295 0.06738002]"|"[0.20140766 0.01324886 0.15369614 0.11343766 0.0895256  0.010892
 0.12598787 0.57562858 0.02678568 0.01707566]"|2021/2022|True|True
0|3610069|2021-12-05|15|Aston Villa|Leicester City|2.0|1.0|2.21|1.07|"[0.01890274 0.52386916 0.11964248 0.04407983 0.0173454  0.10072441
 0.05405509 0.16076019 0.09186992 0.10879724 0.49493086 0.4362618
 0.03748493]"|"[0.05083382 0.10655125 0.07955749 0.09024989 0.250038   0.1218545
 0.05299058 0.10062928 0.09102003 0.03896762 0.05464208 0.03610916]"|2021/2022|True|True
0|3610070|2021-12-06|15|Everton|Arsenal|2.0|1.0|0.95|0.99|"[0.06356636 0.08019475 0.03738177 0.09779335 0.0776175  0.03919897
 0.03389002 0.3331359  0.02887034 0.02710072 0.14436042]"|"[0.02552049 0.11142224 0.09736923 0.02937754 0.15372001 0.27552924
 0.03132473 0.13424364 0.03828879 0.09563022]"|2021/2022|True|True
0|3610081|2021-12-10|16|Brentford|Watford|2.0|1.0|1.59|0.47|"[0.05794532 0.01792329 0.02146281 0.02625947 0.12715875 0.03761257
 0.03807643 0.0394714  0.05840256 0.07293501 0.04109124 0.24329118
 0.02182708 0.7884    ]"|[0.13506083 0.02741819 0.10672552 0.06398755 0.05587944 0.08044344]|2021/2022|True|True
0|3610088|2021-12-11|16|Manchester City|Wolverhampton Wanderers|1.0|0.0|3.26|0.19|"[0.08366998 0.02062857 0.04113437 0.07987781 0.03812759 0.15566179
 0.05614599 0.03697305 0.03547349 0.04038532 0.10533036 0.17678052
 0.02406815 0.13953564 0.02916021 0.7884     0.55907631 0.13938594
 0.22330163 0.12171894 0.07481259 0.08275609 0.04173937 0.16651887]"|[0.01543012 0.17017981]|2021/2022|True|True
0|3610080|2021-12-11|16|Arsenal|Southampton|3.0|0.0|1.83|0.66|"[0.36683601 0.16003934 0.3816689  0.03823994 0.03886895 0.32327506
 0.03596352 0.11930778 0.08765531 0.04277784 0.04501673 0.06734868
 0.02596702 0.07863978 0.02470622]"|"[0.06775289 0.05653903 0.05150614 0.03928988 0.04632939 0.04430415
 0.0253739  0.05163037 0.1887597  0.07915911 0.00796236]"|2021/2022|True|True
0|3610084|2021-12-11|16|Chelsea|Leeds United|3.0|2.0|2.68|1.46|"[0.05864888 0.03780619 0.04124065 0.06701622 0.02497936 0.12722838
 0.05578851 0.18566214 0.01770276 0.14411134 0.01041329 0.00871582
 0.07069539 0.7884     0.11697583 0.7884    ]"|"[0.02783303 0.04291928 0.04593675 0.07284356 0.7884     0.01671222
 0.03106943 0.07959903 0.03724381 0.06636715 0.21085708 0.03600227]"|2021/2022|True|True
0|3610087|2021-12-11|16|Liverpool|Aston Villa|1.0|0.0|2.19|0.22|"[0.05884097 0.07675821 0.03300326 0.04297113 0.02338542 0.02288218
 0.01326894 0.1605055  0.03299216 0.08095668 0.02828001 0.05362599
 0.19646496 0.02375475 0.06604966 0.7884     0.03962417 0.08749884
 0.09774627 0.26731163]"|[0.02472871 0.03170451 0.01641345 0.14346559]|2021/2022|True|True
0|3610089|2021-12-11|16|Norwich City|Manchester United|0.0|1.0|1.19|2.03|"[0.09550798 0.14318411 0.04666625 0.09475876 0.37112123 0.03775722
 0.0429059  0.01798209 0.09456273 0.07069492 0.17262141]"|"[0.05544704 0.05335065 0.04156984 0.18591373 0.06342431 0.02971213
 0.05196452 0.0153023  0.01200406 0.7884     0.66413718 0.0306666
 0.04223001]"|2021/2022|True|True
0|3610083|2021-12-12|16|Burnley|West Ham United|0.0|0.0|0.83|0.76|"[0.18259019 0.05215415 0.25118455 0.01616361 0.02708113 0.02680354
 0.06301472 0.00735308 0.20775767]"|"[0.02082131 0.02047681 0.03601309 0.04889225 0.05043348 0.10865794
 0.02340604 0.05132988 0.03407698 0.10445939 0.0366097  0.0232846
 0.04217681 0.02454254 0.03998474 0.09419119]"|2021/2022|True|True
0|3610086|2021-12-12|16|Leicester City|Newcastle United|4.0|0.0|2.6|0.95|"[0.08190066 0.13809112 0.7884     0.01545339 0.97211593 0.50956809
 0.07136208 0.02579209]"|"[0.03561686 0.07669343 0.07874712 0.03356408 0.03513579 0.03117006
 0.02436288 0.01351651 0.03296881 0.09997955 0.02569965 0.46489036]"|2021/2022|True|True
0|3610085|2021-12-12|16|Crystal Palace|Everton|3.0|1.0|2.2|1.04|"[0.22793436 0.01838489 0.02606235 0.033458   0.03307496 0.0152838
 0.03122703 0.13060966 0.03680623 0.35917401 0.20327468 0.10722461
 0.16039939 0.30494773 0.0234192  0.08810288 0.04461414]"|"[0.02277953 0.02387081 0.072236   0.02687068 0.02154375 0.01639522
 0.04490603 0.1167057  0.27317321 0.15665633 0.20907918 0.05519041]"|2021/2022|True|True
0|3610095|2021-12-14|17|Norwich City|Aston Villa|0.0|2.0|0.45|2.0|"[0.0330033  0.02490104 0.01431646 0.04990505 0.23997158 0.0293056
 0.06213242]"|"[0.01772696 0.01866779 0.08308677 0.04969456 0.01593358 0.05422005
 0.1725824  0.16161086 0.04575467 0.02116833 0.0295927  0.03606001
 0.1228691  0.02835293 0.11444031 0.91905767 0.11412195]"|2021/2022|True|True
0|3610099|2021-12-14|17|Manchester City|Leeds United|7.0|0.0|3.12|0.33|"[0.04814587 0.02552379 0.31319636 0.1275496  0.05725992 0.22095163
 0.02791771 0.07728143 0.12082534 0.04693083 0.22486141 0.02936879
 0.0990686  0.05213542 0.08066608 0.06016597 0.0333855  0.05617746
 0.44996378 0.06548731 0.08116296 0.09567733 0.26234964 0.11217222
 0.07697982 0.05406326 0.0286641  0.038602   0.03738522 0.11395475
 0.06528123]"|[0.03669717 0.06190161 0.1273901  0.05252419 0.0221294  0.02596702]|2021/2022|True|True
0|3610092|2021-12-15|17|Brighton & Hove Albion|Wolverhampton Wanderers|0.0|1.0|1.39|1.31|"[0.02369531 0.01649626 0.06926642 0.01667601 0.09242854 0.45069885
 0.37582305 0.29569078 0.0267273  0.03348733 0.02439532 0.0404753 ]"|"[0.02063792 0.12463047 0.38492864 0.1173053  0.02568548 0.19958454
 0.18317635 0.00891393]"|2021/2022|True|True
0|3610096|2021-12-15|17|Crystal Palace|Southampton|2.0|2.0|1.23|0.65|"[0.10138489 0.1562119  0.386399   0.0201168  0.14198121 0.12666011
 0.08571167 0.19362405 0.05010897]"|"[0.04019261 0.05134464 0.01062458 0.00865405 0.06424095 0.0304484
 0.0174148  0.03309139 0.05185062 0.09881859 0.04094237 0.06082906
 0.04450335 0.03436658 0.06249508]"|2021/2022|True|True
0|3610090|2021-12-15|17|Arsenal|West Ham United|2.0|0.0|2.85|0.38|"[0.03323406 0.06849588 0.10973442 0.30080664 0.02437676 0.01949863
 0.06664488 0.06818301 0.17932317 0.02055393 0.38931477 0.06988127
 0.09900092 0.04998403 0.07126176 0.7884     0.06570997 0.27107716
 0.01959564 0.125974   0.01913254]"|"[0.03072178 0.01864579 0.01902165 0.07284962 0.01224881 0.11809115
 0.11166794]"|2021/2022|True|True
0|3610097|2021-12-16|17|Chelsea|Everton|1.0|1.0|2.91|0.55|"[0.50273413 0.08338738 0.27713519 0.0893846  0.03735491 0.10182699
 0.06708966 0.01483897 0.01612027 0.19129692 0.07874712 0.00905116
 0.59462875 0.01598422 0.14033219 0.06036926 0.02008032 0.17274217
 0.07726091 0.18399891 0.02696145 0.04708787 0.10438171]"|[0.01534732 0.02104912 0.02662392 0.02432872 0.46644777]|2021/2022|True|True
0|3610098|2021-12-16|17|Liverpool|Newcastle United|3.0|1.0|2.68|0.26|"[0.17189798 0.0278578  0.08553794 0.01084856 0.48558798 0.79602718
 0.30717397 0.36880046 0.05033078 0.01700678 0.30412534 0.01296246
 0.03612704 0.07194779 0.08488136 0.03272271 0.06823963 0.00943544
 0.12015628 0.02065773 0.01759868 0.05016717 0.0276097 ]"|[0.04079938 0.14062807 0.01139608 0.0572802  0.01324609]|2021/2022|True|True
0|3610102|2021-12-18|18|Leeds United|Arsenal|1.0|4.0|1.63|3.48|"[0.04489652 0.01599433 0.41364238 0.02548146 0.02192418 0.02338827
 0.7884     0.09348072 0.20631605]"|"[0.46730187 0.8089146  0.03473776 0.02094784 0.22955386 0.09787891
 0.10526882 0.05424745 0.05368998 0.62008315 0.39264205 0.10642235
 0.05898057 0.08971927 0.07764914 0.02825335 0.0823655  0.04518095
 0.09025985 0.36754865 0.02149998]"|2021/2022|True|True
0|3610104|2021-12-19|18|Newcastle United|Manchester City|0.0|4.0|0.31|3.03|[0.0254106  0.17162128 0.02274146 0.06813624 0.02296206]|"[0.65721446 0.01138212 0.04361685 0.05725992 0.04667455 0.03577291
 0.05507724 0.43756309 0.03551337 0.20136422 0.11962916 0.01961191
 0.03650505 0.10587308 0.13994743 0.12615866 0.16228814 0.73617393]"|2021/2022|True|True
0|3610109|2021-12-19|18|Wolverhampton Wanderers|Chelsea|0.0|0.0|0.25|0.9|[0.03110128 0.01471601 0.17723978 0.02489423]|"[0.13986237 0.04467709 0.00902274 0.04346935 0.10322715 0.35278127
 0.06981804 0.13261409]"|2021/2022|True|True
0|3610106|2021-12-19|18|Tottenham Hotspur|Liverpool|2.0|2.0|3.02|1.46|"[0.10368318 0.11912003 0.60174757 0.56736392 0.21499941 0.05351147
 0.24709435 0.51429248 0.57086837 0.03031406]"|"[0.05273153 0.03932508 0.02552379 0.04654925 0.04203995 0.01181784
 0.01056695 0.03496564 0.12207408 0.04269889 0.15950427 0.07006179
 0.03550506 0.02664254 0.04293951 0.01539179 0.00794662 0.33887795]"|2021/2022|True|True
0|3610114|2021-12-26|19|Manchester City|Leicester City|6.0|3.0|3.72|2.67|"[0.05451191 0.1380184  0.7884     0.19630787 0.7884     0.02914227
 0.02107458 0.28078446 0.13994567 0.02570215 0.08905724 0.04208743
 0.07570762 0.10801708 0.0192581  0.21332237 0.71404469]"|"[0.04043135 0.09713768 0.03549281 0.06407189 0.07728143 0.03166062
 0.03307923 0.0713438  0.41344902 0.51468974 0.0248231  0.69778764
 0.21045744 0.37447324]"|2021/2022|True|True
0|3610116|2021-12-26|19|Norwich City|Arsenal|0.0|5.0|0.12|2.61|[0.07846104 0.01480993 0.01735515 0.00865936]|"[0.09310269 0.12235199 0.05731907 0.2316415  0.03321369 0.10173138
 0.05173255 0.0903863  0.01949584 0.05561108 0.03769268 0.03969562
 0.7884     0.07026967 0.0667497  0.7471053 ]"|2021/2022|True|True
0|3610117|2021-12-26|19|Tottenham Hotspur|Crystal Palace|3.0|0.0|2.28|0.25|"[0.03743583 0.0185412  0.12886891 0.05270332 0.24440792 0.42745346
 0.24575837 0.08560023 0.06957728 0.39193258 0.03515161 0.04740736
 0.0337524  0.16617437 0.14535333 0.01293894 0.14039214]"|[0.10826273 0.04047269 0.02685053 0.07101451]|2021/2022|True|True
0|3610118|2021-12-26|19|West Ham United|Southampton|2.0|3.0|1.63|1.18|"[0.1483988  0.01525217 0.10435646 0.0430582  0.7626822  0.01602852
 0.23049234 0.1640581  0.03170299 0.10494477 0.01363421]"|"[0.0322712  0.07557175 0.01554469 0.07475693 0.00892146 0.02678885
 0.02917003 0.05586037 0.7884     0.05497651 0.01883145]"|2021/2022|True|True
0|3610110|2021-12-26|19|Aston Villa|Chelsea|1.0|3.0|0.45|2.64|"[0.07635361 0.10826128 0.08022697 0.05619271 0.04598894 0.01694869
 0.01433101 0.04961601]"|"[0.01441441        nan 0.06698766 0.7884     0.11181683 0.09313266
 0.05617746 0.14164986 0.1532014  0.42762428 0.7884    ]"|2021/2022|True|True
0|3610111|2021-12-26|19|Brighton & Hove Albion|Brentford|2.0|0.0|0.82|0.98|"[0.02692731 0.034287   0.08354281 0.1920355  0.05265117 0.03885276
 0.0477906  0.06881179 0.04759093 0.05196612 0.02467425 0.03085606
 0.02055393 0.0685442  0.02837586]"|"[0.06352618 0.05227587 0.0255565  0.06768901 0.02294497 0.01404026
 0.06339011 0.01235875 0.03333161 0.04615756 0.02239408 0.0380256
 0.02300515 0.12788683 0.08476449 0.0142471 ]"|2021/2022|True|True
0|3610115|2021-12-27|19|Newcastle United|Manchester United|1.0|1.0|1.28|1.72|"[0.07728143 0.03074589 0.02595357 0.03087176 0.80290973 0.07322635
 0.0160564  0.01337039 0.04721567 0.01718266 0.04617136 0.06546547
 0.03358997]"|"[0.00839097 0.18487309 0.02173855 0.14077924 0.0162892  0.0141794
 0.01098216 0.17439768 0.10989994 0.20021473 0.41179252 0.30026144
 0.12388624]"|2021/2022|True|True
0|3610124|2021-12-28|20|Crystal Palace|Norwich City|3.0|0.0|2.05|0.95|"[0.02684491 0.10701595 0.7884     0.0311364  0.02816764 0.07577756
 0.08880136 0.02720243 0.0293784  0.07452934 0.03992634 0.18793927
 0.10869141 0.06176414 0.04405128 0.04141779 0.08844325 0.11075149
 0.0938999 ]"|"[0.03938551 0.03587819 0.03555082 0.20289233 0.01515694 0.02962381
 0.229555   0.01393122 0.05102678 0.11790356 0.03679191 0.14285414]"|2021/2022|True|True
0|3610129|2021-12-28|20|Southampton|Tottenham Hotspur|1.0|1.0|0.36|2.32|"[0.1066026  0.0227018  0.02047981 0.02376674 0.03357255 0.05725992
 0.01868262 0.00928903 0.06949558]"|"[0.04058926 0.02317729 0.7884     0.03886017 0.09912661 0.04555824
 0.04806131 0.26545587 0.02417058 0.01725087 0.24189392 0.07143913
 0.07131243 0.01700845 0.02738475 0.13892257 0.14417417 0.03179222
 0.08768834 0.05902694 0.0400506 ]"|2021/2022|True|True
0|3610123|2021-12-28|20|Watford|West Ham United|1.0|4.0|1.64|3.59|"[0.1240949  0.0308001  0.10059788 0.05569365 0.06077219 0.06386166
 0.03241765 0.43355224 0.05719241 0.02945622 0.03048436 0.04800842
 0.51527    0.05682591]"|"[0.01895918 0.40454519 0.03130461 0.09553284 0.03840787 0.07169438
 0.09637926 0.42640987 0.07011788 0.06360268 0.7884     0.58854467
 0.89563423]"|2021/2022|True|True
0|3610127|2021-12-28|20|Leicester City|Liverpool|1.0|0.0|0.43|2.33|[0.03585457 0.04593233 0.12135507 0.03018446 0.0904946  0.10189613]|"[0.08004563 0.04017401 0.01458    0.02643837 0.7884     0.65057844
 0.47174704 0.0064684  0.08634279 0.02807457 0.10113073 0.35679206
 0.04294063 0.02179474 0.1320533  0.01881997 0.00956148 0.10190818
 0.11353676 0.07385018 0.11142255]"|2021/2022|True|True
0|3610122|2021-12-29|20|Chelsea|Brighton & Hove Albion|1.0|1.0|0.7|0.91|"[0.01979875 0.07594572 0.10510839 0.06282265 0.0360624  0.11642181
 0.02475481 0.07675821 0.08084785 0.05053554 0.05199123]"|"[0.05541761 0.01831254 0.05977931 0.0201646  0.0904162  0.04471622
 0.01446652 0.0444989  0.03905409 0.13012122 0.0404574  0.01834321
 0.04853914 0.14355859 0.0396255  0.02420674 0.00981896 0.06958891]"|2021/2022|True|True
0|3610121|2021-12-29|20|Brentford|Manchester City|0.0|1.0|0.39|1.11|[0.01501934 0.13411908 0.01331571 0.17989291 0.02307804 0.02443644]|"[0.70510685 0.02544163 0.09645288 0.01856413 0.02416396 0.03418004
 0.03520146 0.03200876 0.01525279 0.01550781 0.03779718 0.06734087]"|2021/2022|True|True
0|3610128|2021-12-30|20|Manchester United|Burnley|3.0|1.0|2.42|1.15|"[0.51706356 0.02820618 0.03898656 0.02653792 0.0615443  0.12539314
 0.21060957 0.02146742 0.0360855  0.91629648 0.10004938 0.04234593
 0.0559456  0.08608521 0.02375249 0.1223527  0.02514381 0.0149568 ]"|"[0.03948816 0.22512136 0.16421658 0.055925          nan 0.05340926
 0.09688741 0.02984044 0.18383935 0.20594245 0.09093153]"|2021/2022|True|True
0|3610130|2022-01-01|21|Arsenal|Manchester City|1.0|2.0|0.76|2.29|"[0.14796093 0.03195161 0.11849744 0.05329594 0.109264   0.03948129
 0.26412809]"|"[0.09085509 0.0705595  0.53349108 0.0554193  0.7884     0.02442002
 0.03371461 0.01692392 0.03279037 0.0366036  0.0324967  0.05398296
 0.04450426 0.06559205 0.12863815]"|2021/2022|True|True
0|3610139|2022-01-01|21|Watford|Tottenham Hotspur|0.0|1.0|0.3|2.28|[0.05492837 0.03680167 0.02024766 0.04612343 0.08081519 0.05630637]|"[0.05390448 0.03136788 0.03620727 0.04520159 0.01064278 0.08437817
 0.17943065 0.02203871 0.04850136 0.02677262 0.03417767 0.0253313
 0.05681965 0.33441687 0.07044242 0.36018959 0.020617   0.03024105
 0.02197627 0.6795063  0.10499112]"|2021/2022|True|True
0|3610133|2022-01-01|21|Crystal Palace|West Ham United|2.0|3.0|2.39|2.18|"[0.25919399 0.05114209 0.06199163 0.0105296  0.21163733 0.05656007
 0.01719564 0.07979272 0.07451053 0.02580479 0.11447211 0.03509643
 0.07692259 0.03693213 0.21916443 0.0671562  0.12434411 0.02874822
 0.06731294 0.65849435 0.04570556 0.06659062]"|"[0.10517795 0.21507424 0.03359415 0.14318411 0.6082902  0.12469883
 0.03719348 0.7884     0.11272514 0.01487211]"|2021/2022|True|True
0|3610131|2022-01-02|21|Brentford|Aston Villa|2.0|1.0|0.58|0.82|"[0.05410493 0.04118942 0.07874712 0.01306518 0.0099944  0.04086153
 0.04707846 0.06401256 0.17849274 0.06095307]"|"[0.00625947 0.04772703 0.14009176 0.07170659 0.02531637 0.04397173
 0.01646916 0.00891149 0.04012892 0.04317344 0.0364414  0.17875496
 0.04702203 0.03431159 0.03930879 0.03830481]"|2021/2022|True|True
0|3610134|2022-01-02|21|Everton|Brighton & Hove Albion|2.0|3.0|1.74|1.73|"[0.01918982 0.11624895 0.7884     0.1222155  0.04244389 0.14762293
 0.02275985 0.07303055 0.02600929 0.0100162  0.0176003  0.02184569
 0.0927932  0.0984863  0.03606273 0.01689811 0.0855399 ]"|"[0.51854783 0.01236937 0.02948162 0.07967195 0.83940202 0.0376934
 0.02436426 0.08528536 0.02613746 0.02066749 0.04211381 0.01230993]"|2021/2022|True|True
0|3610135|2022-01-02|21|Leeds United|Burnley|3.0|1.0|1.87|0.98|"[0.01533943 0.02136088 0.0151579  0.05975714 0.02170775 0.04481712
 0.03937801 0.33009618 0.05674174 0.0427188  0.07631554 0.03206875
 0.03850396 0.04837025 0.01953787 0.00565145 0.1169229  0.40129423
 0.10068736 0.01425897 0.08116666 0.29167521]"|"[0.48026389 0.03162029 0.02646429 0.10714131 0.03391302 0.20279363
 0.07597901 0.02654619]"|2021/2022|True|True
0|3610132|2022-01-02|21|Chelsea|Liverpool|2.0|2.0|1.23|1.75|"[0.03196888 0.0855332  0.03364561 0.02531413 0.32641688 0.06381864
 0.11386204 0.09894767 0.20970711 0.0315611  0.03641625 0.00969708
 0.03591937 0.02725489 0.09929454]"|"[0.1716799  0.51270437 0.01757874 0.02352324 0.17199042 0.14829248
 0.03935888 0.07690076 0.14008935 0.02682487]"|2021/2022|True|True
0|3610137|2022-01-03|21|Manchester United|Wolverhampton Wanderers|0.0|1.0|0.79|0.7|"[0.14204623 0.01764072 0.01731838 0.06129483 0.01475615 0.28538156
 0.05132363 0.0804007  0.12303375]"|"[0.02866621 0.01008912 0.05127756 0.00860851 0.00326905 0.01581668
 0.03250064 0.03203996 0.05343481 0.03799275 0.07470215 0.04351151
 0.06669927 0.01029683 0.0645498  0.02572587 0.03693781 0.04814858
 0.05163411]"|2021/2022|True|True
0|3610105|2022-01-11|18|Southampton|Brentford|4.0|1.0|1.42|0.54|"[0.02927563 0.19933373 0.02455101 0.02981907 0.15416941 0.01298392
 0.01693587 0.02887776 0.64389384 0.02721246 0.22427928 0.02849183]"|[0.07121851 0.02578204        nan 0.05513073 0.14392756 0.24669547]|2021/2022|True|True
0|3610108|2022-01-12|18|West Ham United|Norwich City|2.0|0.0|2.49|0.31|"[0.36696523 0.06127442 0.16445264 0.02558232 0.10329636 0.03227359
 0.18959594 0.02799537 0.13159241 0.44261217 0.06064362 0.82066757
 0.06452123]"|"[0.1277232  0.03660889 0.04610669 0.01536976 0.02654664 0.01518082
 0.04295676]"|2021/2022|True|True
0|3610141|2022-01-14|22|Brighton & Hove Albion|Crystal Palace|1.0|1.0|2.01|0.18|"[0.056241   0.01070468 0.23376739 0.0178249  0.01705387 0.7884
 0.05198065 0.02941227 0.03531914 0.16835325 0.28362462 0.01907215
 0.03968117 0.02867226 0.0214026  0.02746364 0.02385085 0.13868594
 0.01840985]"|[0.01748255 0.02414069 0.13938981        nan]|2021/2022|True|True
0|3610144|2022-01-15|22|Manchester City|Chelsea|1.0|0.0|1.0|0.31|"[0.01803696 0.08023725 0.0177752  0.53567755 0.07548716 0.02011212
 0.0403708  0.05358733 0.04549307 0.08373553 0.03137349]"|[0.0618416  0.08284178 0.03392507 0.13856578]|2021/2022|True|True
0|3610145|2022-01-15|22|Newcastle United|Watford|1.0|1.0|1.17|1.36|"[0.01196848 0.21305211 0.18269488 0.10509808 0.2418913  0.08127383
 0.07300311 0.12459294 0.05228963 0.00641057 0.06069506 0.01677937]"|"[0.07902943 0.01428559 0.02278031 0.12869668 0.01379804 0.04936733
 0.01526011 0.03656658 0.07537989 0.04312971 0.23528977 0.10559977
 0.36972567 0.01813667 0.02090474 0.02016409 0.06360268 0.04410414]"|2021/2022|True|True
0|3610146|2022-01-15|22|Norwich City|Everton|2.0|1.0|1.0|0.61|"[0.02388524 0.03031441 0.02531637 0.02217912 0.61955196 0.03083983
 0.01158554 0.01261776 0.01512742 0.07217946 0.00877494 0.01224328
 0.07009206 0.04506375]"|"[0.02566083 0.06083153 0.02857769        nan 0.0440835  0.04641292
 0.06022265 0.01964937 0.06783056 0.08018075 0.01628205 0.14835682
 0.01609445]"|2021/2022|True|True
0|3610149|2022-01-15|22|Wolverhampton Wanderers|Southampton|3.0|1.0|2.61|0.77|"[0.02180566 0.02453565 0.10722461 0.7884     0.04652173 0.88138664
 0.05664186 0.32515371 0.42216921]"|"[0.21042617 0.02835293 0.15079306 0.01628681 0.04094237 0.03516292
 0.00868923 0.03343301 0.06064754 0.03848799 0.0330919  0.05132231
 0.0605452 ]"|2021/2022|True|True
0|3610140|2022-01-15|22|Aston Villa|Manchester United|2.0|2.0|1.82|0.99|"[0.05125365 0.148827   0.09652682 0.03391835 0.08403735 0.09845028
 0.04505001 0.09125709 0.03822319 0.45862114 0.68860823 0.0713438
 0.01152909]"|"[0.01662226 0.09428146 0.07423592 0.04357751 0.01817456 0.09999324
 0.04294579 0.07499085 0.02280518 0.13994567 0.03331561 0.18989691
 0.13740385]"|2021/2022|True|True
0|3610143|2022-01-16|22|Liverpool|Brentford|3.0|0.0|2.79|0.71|"[0.19528824 0.10009037 0.04627563 0.06008234 0.03097873 0.10464917
 0.06479822 0.01958983 0.03713268 0.0629561  0.05408362 0.20094596
 0.01723149 0.02420044 0.03316828 0.07821736 0.02545119 0.05839961
 0.04480673 0.41906002 0.15751758 0.04373785 0.01548335 0.37213692
 0.01525386 0.44964039 0.06302439]"|[0.01465368 0.01052659 0.26933006 0.07358778 0.10708046 0.23415494]|2021/2022|True|True
0|3610148|2022-01-16|22|West Ham United|Leeds United|2.0|3.0|2.37|2.21|"[0.13469717 0.30335316 0.17604426 0.08304381 0.07436112 0.1069221
 0.02986647 0.12885521 0.08697702 0.01408431 0.31861705 0.02022981
 0.04316721 0.03682422 0.81103236]"|"[0.01088908 0.07290907 0.11155821 0.0317756  0.05865233 0.71149838
 0.05058255 0.17898929 0.02450942 0.02440279 0.10185435 0.28788999
 0.07833894 0.0347457  0.07726091 0.01674062 0.28732771 0.0659099 ]"|2021/2022|True|True
0|3610161|2022-01-18|24|Brighton & Hove Albion|Chelsea|1.0|1.0|0.73|0.73|"[0.11520772 0.08416674 0.03550506 0.03611007 0.13046376 0.12887223
 0.07492219 0.02697428 0.03408789 0.06369251]"|"[0.04827771 0.01628276 0.03898702 0.05479863 0.02016409 0.01279507
 0.10168099 0.04208359 0.01175879 0.18821806 0.05988526 0.04982006
 0.04913305 0.01626855 0.01807902]"|2021/2022|True|True
0|3610094|2022-01-19|17|Leicester City|Tottenham Hotspur|2.0|3.0|1.17|3.14|"[0.31980321 0.19936095 0.01390586 0.02374983 0.05830661 0.13895528
 0.02088567 0.02892603 0.0223883  0.01377846 0.09690909 0.06105708
 0.00730292 0.16026345]"|"[0.11748944 0.04462933 0.0742959  0.08647239 0.04872858 0.23371419
 0.03895788 0.14578009 0.06101329 0.13696386 0.18210092 0.53471708
 0.34542566 0.01368673 0.01290967 0.08939306 0.04358829 0.034722
 0.06746898 0.02670777 0.07992593 0.02577873 0.05002231 0.25368008
 0.04331382 0.13012122 0.25817791]"|2021/2022|True|True
0|3610091|2022-01-19|17|Brentford|Manchester United|1.0|3.0|2.47|2.3|"[0.06203516 0.47571328 0.11287221 0.05402949 0.08308594 0.61971974
 0.00899403 0.01048233 0.06592529 0.10509808 0.00940479 0.08435973
 0.02440564 0.10710247 0.11402103 0.12841406 0.38330701 0.017374  ]"|"[0.13761868 0.01549696 0.04885494 0.02256877 0.01863234 0.07301816
 0.46610665 0.01796538 0.02682386 0.93232942 0.11412195 0.02041482
 0.40941888]"|2021/2022|True|True
0|3610159|2022-01-21|23|Watford|Norwich City|0.0|3.0|1.18|1.11|"[0.03082668 0.06443568 0.07187387 0.01876602 0.02525664 0.02391765
 0.12169018 0.41523537 0.048721   0.17828615 0.05905351 0.05752073
        nan 0.01727192 0.01510386 0.03265026]"|"[0.09005816 0.02397871 0.04720981 0.70713127 0.05722655 0.04795106
 0.14054686]"|2021/2022|True|True
0|3610154|2022-01-22|23|Everton|Aston Villa|0.0|1.0|1.69|0.82|"[0.10264576 0.10454319 0.03145754 0.02841891 0.19101977 0.06733609
 0.10152912 0.08693558 0.57562858 0.06710573 0.04572669 0.0731156
 0.03315087 0.04743659 0.05422005]"|"[0.03332591 0.02588192 0.01725067 0.03307175 0.4793992  0.0725536
 0.04891177 0.10945798]"|2021/2022|True|True
0|3610151|2022-01-22|23|Brentford|Wolverhampton Wanderers|1.0|2.0|1.55|0.23|"[0.22870199 0.05842432 0.14025356 0.0589235  0.04080747 0.05008201
 0.01601625 0.07544018 0.18772937 0.06693593 0.27669954]"|"[0.03239576 0.01912265 0.04312121 0.01371301 0.01765767 0.08419075
 0.02370801]"|2021/2022|True|True
0|3610155|2022-01-22|23|Leeds United|Newcastle United|0.0|1.0|0.71|0.96|"[0.15277854 0.01646654 0.03544177 0.04031192 0.07294875 0.02823607
 0.01802323 0.04492041 0.02438358 0.09408441 0.14598888 0.01772401
 0.01777818]"|"[0.09861983 0.02280727 0.04387998 0.0343212  0.04575322 0.06042814
 0.06237486 0.04168191 0.04287788 0.0646128  0.06680074 0.04548166
 0.04746094 0.03751866 0.24300031]"|2021/2022|True|True
0|3610157|2022-01-22|23|Manchester United|West Ham United|1.0|0.0|1.88|0.28|"[0.04772847 0.03632707 0.02217194 0.0472615  0.0646149  0.022776
 0.08881415 0.04529359 0.04779724 0.01812    0.03460205 0.05561594
 0.01644337 0.10086324 0.01657183 0.24365804 0.07726091 0.88947797]"|[0.03879549 0.06497862 0.03116924 0.00928741 0.08657566 0.0489145 ]|2021/2022|True|True
0|3610158|2022-01-22|23|Southampton|Manchester City|1.0|1.0|0.81|1.84|"[0.02339417 0.07568441 0.11400291 0.05437096 0.42743763 0.12330715
 0.04364735]"|"[0.01627924 0.05075236 0.5642702  0.06700359 0.04238651 0.12648773
 0.05694815 0.07390187 0.01689264 0.02333365 0.02699265 0.28458256
 0.03175246 0.06324682 0.04181687 0.02468767 0.20784757 0.08717183
 0.01932857 0.01824348]"|2021/2022|True|True
0|3610150|2022-01-23|23|Arsenal|Burnley|0.0|0.0|1.21|0.39|"[0.01310449 0.01485489 0.05330576 0.05840351 0.19209781 0.09247605
 0.01295247 0.02822316 0.06830925 0.04377677 0.03881339 0.03219465
 0.07354073 0.11617739 0.14393242 0.01398884 0.12009581 0.03339146
 0.02830253 0.05676707]"|"[0.01170696 0.07793324 0.05638705 0.05489765 0.02647494 0.02007581
 0.04688957 0.03575461 0.01606268 0.03959424]"|2021/2022|True|True
0|3610153|2022-01-23|23|Crystal Palace|Liverpool|1.0|3.0|2.18|1.86|"[0.30470112 0.06520832 0.53431588 0.27229601 0.83106828 0.02785097
 0.04229476 0.10479354]"|"[0.05332035 0.03653157 0.08334307 0.03095078 0.05613179 0.02278031
 0.12651834 0.01129844 0.41241458 0.01550452 0.18010108 0.02049405
 0.02051369 0.7884    ]"|2021/2022|True|True
0|3610156|2022-01-23|23|Leicester City|Brighton & Hove Albion|1.0|1.0|1.44|1.11|"[0.12198543 0.00569276 0.06321033 0.04783959 0.05400148 0.01943097
 0.02448198 0.03408138 0.02919693 0.14250861 0.21662279 0.08436032
 0.38790527 0.27578193 0.04025449]"|"[0.15373617 0.0158558  0.19402218 0.08389074 0.04026717 0.01712863
 0.1078917  0.03923954 0.10152127 0.15257935 0.01824734 0.03171061
 0.14288691 0.01279252]"|2021/2022|True|True
0|3610152|2022-01-23|23|Chelsea|Tottenham Hotspur|2.0|0.0|1.2|0.5|"[0.29289413 0.24429792 0.02850544 0.05637396 0.0243135  0.08046877
 0.10152912 0.03997417 0.05657883 0.03332269 0.05481378 0.04776917
 0.01878796 0.08226674 0.03323474]"|[0.07903532 0.07504965 0.18671365 0.02870675 0.09785101 0.03622396]|2021/2022|True|True
0|3610093|2022-02-05|17|Burnley|Watford|0.0|0.0|0.63|0.8|"[0.02555137 0.04784077 0.03231206 0.02668827 0.11857465 0.02058586
 0.11034082 0.04590896 0.03792353 0.03434381 0.02727458 0.05035843
 0.05671494]"|"[0.2400779  0.06769453 0.09718832 0.02054182 0.04474711 0.17722051
 0.01574197 0.04000934 0.0100689  0.03296895 0.05359086]"|2021/2022|True|True
0|3610166|2022-02-08|24|Newcastle United|Everton|3.0|1.0|1.96|0.77|"[0.03143901 0.04045226 0.07841994        nan 0.04606607 0.06822717
 0.02871898 0.25972083 0.0555299  0.00643191 0.07187391 0.06008932
 0.03783014 0.19054022 0.3234835  0.01106741 0.11497416 0.06776668
 0.15635587 0.13195612 0.20245795]"|"[0.02718058 0.04035014 0.02509769 0.0636207  0.05644974 0.28756708
        nan 0.02172514 0.0730191  0.04121762 0.02108692 0.02295212]"|2021/2022|True|True
0|3610164|2022-02-08|24|West Ham United|Watford|1.0|0.0|0.8|0.33|"[0.19933373 0.15323395 0.12341738 0.09183064 0.09866182 0.03984768
 0.0317057  0.06331237 0.04379221]"|[0.07340501 0.01571205 0.02009175 0.15219472 0.03161688 0.03793883]|2021/2022|True|True
0|3610162|2022-02-08|24|Burnley|Manchester United|1.0|1.0|0.38|1.85|"[0.11124089 0.01840407 0.01965663 0.0691262  0.02108381 0.03953139
 0.0106483  0.01583765 0.07057492]"|"[0.029968   0.28060398 0.08219198 0.03336179 0.41873673 0.03588835
 0.07596161 0.03065643 0.07695694 0.03159357 0.0732555  0.01576424
 0.01527318 0.07087611 0.03912191 0.24640003 0.08251125 0.07755824
 0.00526114 0.05372148 0.0468114  0.0242644 ]"|2021/2022|True|True
0|3610169|2022-02-09|24|Manchester City|Brentford|2.0|0.0|1.87|0.37|"[0.02630787 0.06623439 0.20227183 0.04109837 0.7884     0.02464153
 0.07769221 0.02062901 0.04985368 0.40715769 0.08542781 0.03273096
 0.01425301 0.05061873 0.01672239]"|[0.0201814  0.01645909 0.04145973 0.15750115 0.09688288 0.03724156]|2021/2022|True|True
0|3610163|2022-02-09|24|Norwich City|Crystal Palace|1.0|1.0|0.41|1.28|[0.13749754 0.08443956 0.02269037 0.11403833 0.04889094]|"[0.03134212 0.03596499 0.01058233 0.02385686 0.00869673 0.09790018
 0.01896413 0.01930645 0.7884     0.01195775 0.17896628 0.03289143
 0.01801609]"|2021/2022|True|True
0|3610167|2022-02-09|24|Tottenham Hotspur|Southampton|2.0|3.0|1.37|2.25|"[0.01498835 0.50127166 0.06528332 0.13719353 0.0635221  0.53837115
 0.020644   0.02701648]"|"[0.41093889        nan 0.06446688 0.02041946 0.01363451 0.27396283
 0.18110627 0.39689133 0.0386359  0.08228987 0.12895073 0.05885651
 0.16381824 0.02229809 0.01275028 0.05678542 0.01032148 0.01441613
 0.01807041 0.0253583  0.06069506 0.0844643  0.08452496 0.0371635 ]"|2021/2022|True|True
0|3610160|2022-02-09|24|Aston Villa|Leeds United|3.0|3.0|2.08|1.93|"[0.14757177 0.10277228 0.11039661 0.02386457 0.46634126 0.33203387
 0.13989183 0.0894286  0.12387301 0.01441712 0.07602857 0.02118703]"|"[0.0789936  0.03212519 0.00523758 0.04653852 0.05663239 0.03447841
 0.85957456 0.0172526  0.03600239 0.03219503 0.24591197 0.08177824
 0.20669025 0.06102631 0.06643359 0.0705115 ]"|2021/2022|True|True
0|3610168|2022-02-10|24|Liverpool|Leicester City|2.0|0.0|1.8|0.52|"[0.01466924 0.06670869 0.06512049 0.0542104  0.42332011 0.04372947
 0.01348251 0.05907749 0.02059917 0.02066851 0.16164574 0.04433383
 0.06318206 0.03980087 0.29044819 0.04264296 0.02905674 0.02674425
 0.14081751 0.02527769 0.09874524 0.07635234]"|[0.29090169 0.10452518 0.06316892 0.01247576 0.04564808]|2021/2022|True|True
0|3610165|2022-02-10|24|Wolverhampton Wanderers|Arsenal|0.0|1.0|0.8|2.08|"[0.04265902 0.01934293 0.06061384 0.02083689 0.0403708  0.01664989
 0.07484658 0.07468323 0.04721964 0.08804821 0.16095163 0.0568561
 0.01765446 0.0294719  0.0513478 ]"|"[0.01817286 0.21439983 0.08955443 0.30682623 0.73311395 0.1072477
 0.11552894 0.03689269 0.00915571 0.02688245 0.0141133  0.40872237]"|2021/2022|True|True
0|3610175|2022-02-12|25|Manchester United|Southampton|1.0|1.0|2.14|1.07|"[0.64471304 0.31569016 0.39919606 0.01994079 0.04751072 0.07178806
 0.1622784  0.08046468 0.04883253 0.24780853 0.03115908 0.07142894]"|"[0.01418397 0.11218969 0.04634094 0.01737682 0.14431211 0.10225692
 0.0166146  0.09382227 0.09549599 0.03982623 0.11415435 0.03010953
 0.0218308 ]"|2021/2022|True|True
0|3610170|2022-02-12|25|Brentford|Crystal Palace|0.0|0.0|1.6|0.26|"[0.01458533 0.05042765 0.1485618  0.84209996 0.04590251 0.32479483
 0.04026202 0.10640231 0.02563883]"|[0.10569235 0.01921963 0.02326658 0.01571929 0.03086488 0.06237327]|2021/2022|True|True
0|3610173|2022-02-12|25|Everton|Leeds United|3.0|0.0|2.76|0.26|"[0.27438569 0.02571051 0.03228886 0.8804794  0.0348765  0.12757212
 0.03538219 0.07918086 0.13256204 0.05614599 0.07414671 0.0586071
 0.0124333  0.02884914 0.0449845  0.02187314 0.27628413 0.19970532
 0.07874712 0.04934533 0.23259857]"|"[0.01227862 0.01808614 0.04917427 0.03264809 0.0770181  0.04099285
 0.03347033]"|2021/2022|True|True
0|3610179|2022-02-12|25|Watford|Brighton & Hove Albion|0.0|2.0|0.54|1.7|"[0.03577173 0.08088643 0.01725576 0.04064235 0.07414641 0.04257304
 0.06302729 0.09017596 0.09180649]"|"[0.10274153 0.13546608 0.02410537 0.13902228 0.22028904 0.13607499
 0.13023967 0.04939135 0.11101498 0.45615548 0.36064914]"|2021/2022|True|True
0|3610177|2022-02-12|25|Norwich City|Manchester City|0.0|4.0|0.41|4.76|"[0.06113697 0.07182426 0.06755242 0.02264305 0.07206615 0.0773403
 0.01174238 0.03073899]"|"[0.04854373 0.18117829 0.24424039 0.04526306 0.09369948 0.00947916
 0.04973712 0.10551768 0.54123342 0.01669559 0.54019082 0.40553853
 0.04828932 0.09231884 0.25559962 0.05096915 0.02792501 0.03378631
 0.69456196 0.53680104 0.7884     0.79430556]"|2021/2022|True|True
0|3610171|2022-02-13|25|Burnley|Liverpool|0.0|1.0|1.55|1.94|"[0.02720495 0.13724196 0.48332015 0.62169492 0.16083442 0.07989088
 0.02040277 0.01615492]"|"[0.16505815 0.02082153 0.00919048 0.0632012  0.21551248 0.36682892
 0.08836485 0.47109196 0.59408343 0.01543014 0.02000203 0.08119305]"|2021/2022|True|True
0|3610176|2022-02-13|25|Newcastle United|Aston Villa|1.0|0.0|0.53|0.57|"[0.02990589 0.03478826 0.06138004 0.15666711 0.02575696 0.01777733
 0.02971901 0.01412915 0.1293868  0.03166393]"|"[0.0137462  0.0207825  0.10629323 0.04635346 0.03659716 0.05134959
 0.03736148 0.13721524 0.03930016 0.06390298 0.0158558 ]"|2021/2022|True|True
0|3610178|2022-02-13|25|Tottenham Hotspur|Wolverhampton Wanderers|0.0|2.0|1.18|1.31|"[0.11310442 0.02319873 0.0423931  0.02582602 0.05126137 0.05856415
 0.06342431 0.05216103 0.29073182 0.07780831 0.01764386 0.09675639
 0.04903588 0.02399032 0.02501991 0.0903464  0.08251125]"|"[0.01644742 0.23040897 0.14258632 0.12280885 0.31346446 0.02396597
 0.17018019 0.04414469 0.20751142 0.03891105 0.04098651]"|2021/2022|True|True
0|3610174|2022-02-13|25|Leicester City|West Ham United|2.0|2.0|1.38|1.08|"[0.02863449 0.02657999 0.01866959 0.7884     0.10976349 0.0310751
 0.1713666  0.02580361 0.03515445 0.02787248 0.01851299 0.06768928
 0.03200769]"|"[0.41037017 0.03604955 0.15259895 0.0927693  0.0376507  0.02606082
 0.01184418 0.31684014]"|2021/2022|True|True
0|3610103|2022-02-15|18|Manchester United|Brighton & Hove Albion|2.0|0.0|1.7|0.72|"[0.21656498 0.01366327 0.07935987 0.04991645 0.10686403 0.0317069
 0.02033773 0.02160828 0.19389699 0.01689904 0.4647038  0.05860331
 0.13603289 0.03553231 0.09517228 0.03701136 0.02121367 0.01695623
 0.08721107]"|"[0.0408355  0.03383151 0.11784777 0.02755608 0.0172638  0.1127297
 0.00683911 0.12665535 0.0177764  0.22313626]"|2021/2022|True|True
0|3610188|2022-02-19|26|West Ham United|Newcastle United|1.0|1.0|0.59|0.78|"[0.08227247 0.020824   0.01177426 0.16695623 0.02401983 0.02482431
 0.04259    0.08169301 0.03106943 0.02145303 0.07895631]"|"[0.11347557 0.0834375  0.0737585  0.08745252 0.01527693 0.0413882
 0.02068571 0.04326725 0.07354423 0.09783455 0.02999246 0.01580653
 0.05250917 0.03531761]"|2021/2022|True|True
0|3610180|2022-02-19|26|Arsenal|Brentford|2.0|1.0|1.74|0.66|"[0.08435728 0.21393287 0.03727365 0.11497219 0.03487001 0.02446256
 0.05365033 0.0383806  0.114782   0.01685075 0.04036326 0.03066947
 0.05884587 0.04149933 0.02989409 0.0283772  0.08991423 0.05378997
 0.02534288 0.03698614 0.31777269 0.21567583 0.06647454 0.03672078]"|[0.02802101 0.06747351 0.02742112 0.0262268  0.05552054 0.45265061]|2021/2022|True|True
0|3610181|2022-02-19|26|Aston Villa|Watford|0.0|1.0|1.34|1.2|"[0.05449797 0.0261923  0.0476031  0.02660673 0.61076188 0.0809498
 0.02457791 0.02240993 0.01650019 0.05676359 0.02688748 0.01543651
 0.02404073 0.1109928  0.03643233 0.03188571 0.03244072 0.05686375
 0.01993216 0.01796549]"|"[0.2941584  0.02155396 0.02519475 0.02432437 0.10030799 0.30386189
 0.0645299  0.36825544]"|2021/2022|True|True
0|3610182|2022-02-19|26|Brighton & Hove Albion|Burnley|0.0|3.0|0.59|0.72|"[0.05542987 0.01699854 0.02386195 0.08043839 0.09338956 0.11186216
 0.05113235 0.02324277 0.03436029 0.07959903 0.0166829 ]"|"[0.03156016 0.02739313 0.09880131 0.10111837 0.02144222 0.30077583
 0.01057235 0.02570161 0.01216552 0.09084151]"|2021/2022|True|True
0|3610183|2022-02-19|26|Crystal Palace|Chelsea|0.0|1.0|0.52|0.93|"[0.08115233 0.14714776 0.15305348 0.03961423 0.04133248 0.03474813
 0.02772745]"|"[0.22357711 0.01690352 0.06823356 0.32098877 0.03613855 0.06996173
 0.01618241 0.06803418 0.11150622]"|2021/2022|True|True
0|3610185|2022-02-19|26|Liverpool|Norwich City|3.0|1.0|3.66|0.58|"[0.06984901 0.34059471 0.0403159  0.04876469 0.05731907 0.03154486
 0.68104732 0.06091601 0.01793889 0.10042652 0.0430582  0.04326672
 0.02190402 0.04651813 0.10841195 0.0446358  0.09617523 0.0629561
 0.02281531 0.52301007 0.22523226 0.05617145 0.02552379 0.02961019
 0.44301492 0.31448787 0.03300022 0.04626891 0.02982793]"|[0.01020516 0.37241966 0.02149634 0.00875434 0.05446227 0.11402097]|2021/2022|True|True
0|3610187|2022-02-19|26|Southampton|Everton|2.0|0.0|2.51|0.26|"[0.0670345  0.03227957 0.02883176 0.02912592 0.77879685 0.11977684
 0.05501845 0.06378538 0.02380989 0.06181588 0.70393801 0.03189696
 0.03083678 0.11318025 0.07632936 0.05721726 0.05452076 0.13730778
 0.04684166]"|"[0.06741384 0.01427574 0.0293485  0.03106943 0.01268421 0.04804863
 0.02744659 0.02245936 0.0100986 ]"|2021/2022|True|True
0|3610186|2022-02-19|26|Manchester City|Tottenham Hotspur|2.0|3.0|2.13|1.41|"[0.03097612 0.01881825 0.03967276 0.03466271 0.05066067 0.02448973
 0.11801434 0.08811358 0.26383048 0.0227069  0.05617673 0.11071411
 0.04196025 0.05338658 0.0095408  0.02565003 0.07498517 0.047705
 0.1344983  0.7884     0.09213043]"|[0.16919136 0.0362973  0.0655681  0.5642702  0.13938981 0.43875933]|2021/2022|True|True
0|3610184|2022-02-20|26|Leeds United|Manchester United|2.0|4.0|1.78|2.19|"[0.35223392 0.05265826 0.02506073 0.01791352 0.0172777  0.09923999
 0.04016692 0.02450271 0.03935525 0.65180427 0.13827209 0.07675546
 0.13918385 0.07600509 0.00696415 0.02120263]"|"[0.0226164  0.04716131 0.66645151 0.02089016 0.05663239 0.11159747
 0.03084633 0.07486989 0.36873066 0.03936354 0.07206596 0.07212397
 0.23323758 0.06599276 0.31183711]"|2021/2022|True|True
0|3610189|2022-02-20|26|Wolverhampton Wanderers|Leicester City|2.0|1.0|0.54|1.72|"[0.05190896 0.04316464 0.0389267  0.04052592 0.08938303 0.02742744
 0.01352914 0.03364565 0.06129483 0.02743484 0.1117125 ]"|"[0.09915233 0.01760105 0.01922726 0.02581549 0.0535661  0.0224806
 0.93398583 0.0326116  0.03432896 0.0489885  0.04043052 0.14123101
 0.03753063 0.0796793  0.06125978 0.01785918 0.04003744]"|2021/2022|True|True
0|3610052|2022-02-23|13|Burnley|Tottenham Hotspur|1.0|0.0|1.08|0.74|"[0.01501146 0.01494765 0.02473361 0.01724793 0.0181919  0.00996111
 0.02003928 0.01780156 0.06787956 0.13668948 0.17625743 0.15613759
 0.35983095 0.01227054 0.03374921]"|"[0.08154645 0.04223648 0.01535936 0.12548803 0.02045693 0.10261101
 0.04723679 0.03042692 0.03151925 0.0845731  0.0440927  0.11910508]"|2021/2022|True|True
0|3610107|2022-02-23|18|Watford|Crystal Palace|1.0|4.0|1.38|1.12|"[0.03319264 0.44065979 0.11095922 0.0266993  0.44330299 0.02436426
 0.28294879 0.01615492]"|"[0.10261609 0.03483351 0.12874742 0.520473   0.14507258 0.08628882
 0.10486887]"|2021/2022|True|True
0|3610113|2022-02-23|19|Liverpool|Leeds United|6.0|0.0|5.36|0.24|"[0.02116437 0.10742922 0.7884     0.14241423 0.04598965 0.21944633
 0.45385101 0.7884     0.43351513 0.03938903 0.01625712 0.63485366
 0.06981185 0.04007387 0.0766567  0.13653874 0.00945219 0.03909953
 0.53837115 0.04244715 0.03743446 0.96648127 0.25859341]"|[0.02760496 0.03228027 0.18344095]|2021/2022|True|True
0|3610120|2022-02-24|20|Arsenal|Wolverhampton Wanderers|2.0|1.0|4.91|1.35|"[0.12987866 0.068979   0.09761209 0.06847607 0.32704365 0.04646652
 0.14614367 0.05577721 0.01946814 0.12819067 0.09336583 0.06353382
 0.079855   0.09075998 0.49156731 0.51802087 0.26328096 0.1646339
 0.09893402 0.38954896 0.13394853 0.14429978 0.93337792 0.1947964
 0.13039671 0.03550944]"|"[0.40540418 0.48041251 0.16214143 0.17362189 0.01688603 0.11507628
 0.        ]"|2021/2022|True|True
0|3610198|2022-02-25|27|Southampton|Norwich City|2.0|0.0|2.69|0.59|"[0.08108252 0.02745645 0.03205099 0.03820847 0.01676507 0.13971035
 0.02425284 0.07209796 0.26318002 0.18809688 0.54072303 0.04681244
 0.06071488 0.02286681 0.2432     0.06392432 0.03417732 0.14645015
 0.0730247  0.16243251 0.11842284 0.05293784 0.03736993 0.04743794
 0.03391302 0.08667634 0.03323614]"|"[0.1055643  0.04566564 0.02590539 0.02369339 0.10351665 0.02869679
 0.05626502 0.20252073]"|2021/2022|True|True
0|3610196|2022-02-26|27|Leeds United|Tottenham Hotspur|0.0|4.0|1.51|1.92|"[0.15825589 0.0857506  0.02119459 0.02540625 0.06970216 0.02703971
 0.06127126 0.01504778 0.02924027 0.02913012 0.06404015 0.01350119
 0.0320785  0.29072687 0.14830959 0.13097459 0.10801708 0.1687298
 0.03573224]"|"[0.03986975 0.03359386 0.28125682 0.13500003 0.06923198 0.11303239
 0.02325035 0.07030459 0.27071431 0.21806908 0.02398136 0.06180804
 0.06415276 0.15521503 0.42032245]"|2021/2022|True|True
0|3610191|2022-02-26|27|Brentford|Newcastle United|0.0|2.0|0.39|2.76|[0.03106943 0.03222993 0.04193497 0.08477815 0.15259942 0.04278843]|"[0.07423434 0.03885474 0.03966213 0.0367897  0.19416535 0.03309399
 0.04343751 0.03808426 0.12989946 0.13139455 0.21865012 0.02633291
 0.56928313 0.07413767 0.27269843 0.10477763 0.06604642 0.03925221
 0.02406559 0.07883447 0.21478543 0.16852944 0.03558402 0.02284648
 0.07222132 0.04016692]"|2021/2022|True|True
0|3610194|2022-02-26|27|Crystal Palace|Burnley|1.0|1.0|1.09|0.21|"[0.52597684 0.03977493 0.05671494 0.06072538 0.01985352 0.08643547
 0.05635421 0.0809498         nan 0.04058883 0.04867227 0.01793727]"|[0.01059572 0.01193128 0.14667122 0.02256936 0.01384294]|2021/2022|True|True
0|3610197|2022-02-26|27|Manchester United|Watford|0.0|0.0|2.83|0.62|"[0.10340984 0.08049884 0.07229062 0.67186153 0.42067096 0.11594018
 0.07619526 0.10292488 0.02998289 0.05541339 0.02010026 0.0144627
 0.49278951 0.29219973 0.05489261 0.04729907 0.03032535 0.03979047
 0.05000476 0.0189405  0.01715794 0.022782  ]"|"[0.01309745 0.00856026 0.02362745 0.05385805 0.18526371 0.18700872
 0.03390643 0.0250774  0.0549945  0.03749221]"|2021/2022|True|True
0|3610192|2022-02-26|27|Brighton & Hove Albion|Aston Villa|0.0|2.0|0.69|1.03|"[0.04156984 0.17416657 0.01721641 0.02094801 0.00647601 0.03358382
 0.01939509 0.01807297 0.19626297 0.02977076 0.06246533 0.06961355]"|"[0.03476976 0.14856461 0.03030986 0.22942697 0.04845229 0.03882837
 0.01575589 0.01651218 0.4663142 ]"|2021/2022|True|True
0|3610195|2022-02-26|27|Everton|Manchester City|0.0|1.0|0.46|1.81|[0.01971367 0.13149267 0.20382036 0.03807235 0.05138637 0.01834394]|"[0.03001109 0.02217504 0.04437731 0.0116015  0.03131361 0.05916401
 0.05070463 0.0462377  0.06125252 0.15919712 0.60089791 0.03584771
 0.66913724]"|2021/2022|True|True
0|3610199|2022-02-27|27|West Ham United|Wolverhampton Wanderers|1.0|0.0|1.78|0.9|"[0.07458447 0.03520359 0.03366335 0.0406523  0.19560365 0.05341107
 0.01634214 0.172305   0.01801708 0.63829613 0.43070892 0.00874086
 0.05896269]"|"[0.04222378 0.07516404 0.1297863  0.06526319 0.00854492 0.10057065
 0.05453687 0.07874712 0.04792579 0.04331898 0.03430258 0.01704924
 0.02419254 0.0186733 ]"|2021/2022|True|True
0|3610142|2022-03-01|22|Burnley|Leicester City|0.0|2.0|0.85|1.51|"[0.00958776 0.02822642 0.00904587 0.02858137 0.09160031 0.17721802
 0.36331463 0.17506641 0.03484556]"|"[0.03248461 0.02107843 0.06172745 0.01378088 0.0435419  0.01953196
 0.12176316 0.06572626 0.18240647 0.01023965 0.04061508 0.04067077
 0.02678523 0.0272522  0.23351526 0.05293052 0.02936709 0.06319831
 0.07557175 0.02669174 0.0473543  0.26960972]"|2021/2022|True|True
0|3610202|2022-03-05|28|Leicester City|Leeds United|1.0|0.0|0.39|1.73|"[0.0190695  0.03784342 0.08771692 0.07822327 0.08027676 0.05906346
 0.02927034]"|"[0.04124945 0.01812    0.12367109 0.05449081 0.1420061  0.2205991
 0.028605   0.08679776 0.05702582 0.05022207 0.23799968 0.03919897
 0.02077023 0.02260213 0.35598051 0.032561   0.04389324 0.0788051
 0.08019475]"|2021/2022|True|True
0|3610200|2022-03-05|28|Aston Villa|Southampton|4.0|0.0|2.74|1.13|"[0.30629325 0.01797954 0.15600263 0.42413309 0.01521881 0.04936266
 0.37509668 0.55139565 0.41790709 0.04709486 0.05820768 0.04804704
 0.18475328 0.09140652]"|"[0.03218849 0.08335142 0.41249365 0.03514617 0.21829034 0.02012713
 0.1005991  0.11713122 0.05848797 0.03542464 0.01433638]"|2021/2022|True|True
0|3610201|2022-03-05|28|Burnley|Chelsea|0.0|4.0|0.75|2.29|[0.12001767 0.03642208 0.23005915 0.27990431 0.01779385 0.07048381]|"[0.14167643 0.05810047 0.02042052 0.03026167 0.01690352 0.03112662
 0.11022098 0.03561611 0.3040334  0.87479603 0.66539723]"|2021/2022|True|True
0|3610205|2022-03-05|28|Newcastle United|Brighton & Hove Albion|2.0|1.0|1.65|1.78|"[0.09163539 0.59511751 0.79996329 0.08144358 0.20119581 0.12038153
 0.04497454 0.0286108  0.0577781  0.1091854 ]"|"[0.16117208 0.03365979 0.04505268 0.06216603 0.02699291 0.17533581
 0.31069586 0.06904061 0.04190585 0.0234679  0.32327506 0.01738527
 0.01630751 0.12355623 0.11592624]"|2021/2022|True|True
0|3610206|2022-03-05|28|Norwich City|Brentford|1.0|3.0|0.99|1.99|"[0.01060034 0.23919094 0.09164587 0.03219465 0.06965455 0.06337499
 0.02559415 0.08864351 0.07067492 0.07139295 0.00896566 0.03413214
 0.15593958 0.03308756 0.02065615]"|"[0.03429778 0.02676031 0.07813931 0.05039339 0.14919703 0.04398125
 0.00951128 0.7884     0.7884     0.01881351]"|2021/2022|True|True
0|3610209|2022-03-05|28|Wolverhampton Wanderers|Crystal Palace|0.0|2.0|0.72|2.77|"[0.01939044 0.02585785 0.03688734 0.02875491 0.02124209 0.06184794
 0.02426693 0.04499698 0.32404092 0.04694468 0.00932086 0.07604646]"|"[0.20797358 0.10578325 0.25477749 0.97192234 0.09148359 0.26195815
 0.7884     0.07056574 0.0143177  0.04110556 0.11578561 0.09131365]"|2021/2022|True|True
0|3610203|2022-03-05|28|Liverpool|West Ham United|1.0|0.0|2.47|1.32|"[0.37348503 0.09457098 0.05893481 0.14409709 0.02599107 0.01982182
 0.84769052 0.11248204 0.14011925 0.03935633 0.02670166 0.01868209
 0.06094123 0.0293285  0.07959903 0.1240949  0.05965402 0.01837082
 0.02014136 0.03938427 0.03887876 0.09316116]"|"[0.01694244 0.03897954 0.01909026 0.06234479 0.10507332 0.09379748
 0.09719604 0.10658575 0.05301775 0.0319251  0.04987807 0.52701247
 0.14245814]"|2021/2022|True|True
0|3610208|2022-03-06|28|Watford|Arsenal|2.0|3.0|0.97|1.05|"[0.04506138 0.12159391 0.05148877 0.04175236 0.02367707 0.02089505
 0.04221564 0.0361186  0.07206596 0.23039965 0.03210571 0.23870394
 0.01787229]"|"[0.06644188 0.06926107 0.03693798 0.0776505  0.02454903 0.09919908
 0.06719852 0.04778673 0.0911784  0.09251577 0.07936732 0.14890342
 0.03357898 0.02583036 0.04463435 0.04317761]"|2021/2022|True|True
0|3610204|2022-03-06|28|Manchester City|Manchester United|4.0|1.0|2.81|0.49|"[0.11874228 0.06075692 0.04272211 0.04535136 0.10788024 0.32777309
 0.29524732 0.43567842 0.09893882 0.04156984 0.04011453 0.09868
 0.08649877 0.00662854 0.07354237 0.09370365 0.06275585 0.06776834
 0.02647198 0.03486435 0.06973437 0.19745819 0.19896583 0.41753259]"|[0.2213468  0.07101451 0.11544804 0.0171168  0.06230687]|2021/2022|True|True
0|3610207|2022-03-07|28|Tottenham Hotspur|Everton|5.0|0.0|2.65|0.2|"[0.1152675  0.41353854 0.14291036 0.13236445 0.08472952 0.47744542
 0.44272977 0.02251311 0.3992165  0.18366764 0.01792469 0.13179244
 0.10911481 0.03532691]"|"[       nan 0.02820975 0.01996356 0.05762644 0.0297741  0.03628208
 0.0254731 ]"|2021/2022|True|True
0|3610226|2022-03-10|30|Norwich City|Chelsea|1.0|3.0|1.02|1.76|"[0.02059191 0.03297041 0.04312777 0.02313582 0.01212703 0.7884
 0.06032566 0.04072534]"|"[0.19760425 0.07959903 0.09504477 0.15088056 0.13176633 0.13950914
 0.06874277 0.02278949 0.09171856 0.03568122 0.23206635 0.11308345
 0.13516116 0.11415558 0.15089945]"|2021/2022|True|True
0|3610138|2022-03-10|21|Southampton|Newcastle United|1.0|2.0|1.16|0.65|"[0.03869269 0.12968318 0.00306254 0.07259117 0.3263095  0.01494215
 0.09664264 0.01552002 0.05236783 0.02961001 0.01879798 0.24027385
 0.10083305 0.02354838]"|"[0.03369824 0.17247243 0.06825998 0.01941673 0.18187517 0.07022725
 0.06804428 0.03858439]"|2021/2022|True|True
0|3610119|2022-03-10|19|Wolverhampton Wanderers|Watford|4.0|0.0|0.67|0.66|"[0.09730025 0.02741084 0.0706431  0.06481017 0.01530496 0.08656489
 0.1747047  0.02186507 0.06193062 0.04571024]"|"[       nan 0.21728301 0.01586593 0.05578851 0.0510121  0.17946327
 0.01560666 0.0487564  0.06562807 0.00819414]"|2021/2022|True|True
0|3610126|2022-03-10|20|Leeds United|Aston Villa|0.0|3.0|0.21|1.54|[0.04529466 0.0163313  0.04980699 0.09740746]|"[0.20034941 0.1683004  0.04109734 0.03106943 0.04780988 0.03832154
 0.00531175 0.02994048 0.52510905 0.13942046 0.08182899 0.03876428
 0.036187   0.13514687 0.02076439]"|2021/2022|True|True
0|3610212|2022-03-12|29|Brighton & Hove Albion|Liverpool|0.0|2.0|0.47|2.41|"[0.03610916 0.02382952 0.03345338 0.16609184 0.10050457 0.07584725
 0.02184785 0.01408431]"|"[0.19867392 0.1397157  0.0616878  0.04980589 0.02776169 0.06856534
 0.04225689 0.01878454 0.16254254 0.05375512 0.08635496 0.10066809
 0.19536607 0.04406229 0.7884     0.07981487 0.09432862 0.05723678]"|2021/2022|True|True
0|3610211|2022-03-12|29|Brentford|Burnley|2.0|0.0|1.93|0.67|"[0.08974341 0.08255696 0.07959903 0.05698443 0.12664653 0.01540652
 0.15418288 0.01490064 0.01823856 0.00888506 0.02660472 0.46384382
 0.7884    ]"|"[0.0817178  0.0442917  0.24302918 0.0214836  0.1906307  0.01603141
 0.0736959 ]"|2021/2022|True|True
0|3610217|2022-03-12|29|Manchester United|Tottenham Hotspur|3.0|2.0|1.0|1.56|"[0.06496262 0.02698116 0.04461414 0.04406326 0.49863753 0.04063196
 0.04702874 0.07425531        nan 0.1159246  0.04015683]"|"[0.09376113 0.03257844 0.17069402 0.026405   0.07174034 0.08507225
 0.05816928 0.7884     0.0136622  0.22257978]"|2021/2022|True|True
0|3610213|2022-03-13|29|Chelsea|Newcastle United|1.0|0.0|1.14|0.25|"[0.02045693 0.03253388 0.02096894 0.02597931 0.03389754 0.19574211
 0.7507984  0.06292616]"|"[0.02249191 0.04400767 0.01147968 0.06518988 0.01801585 0.0300232
 0.06006874]"|2021/2022|True|True
0|3610215|2022-03-13|29|Everton|Wolverhampton Wanderers|0.0|1.0|0.38|0.79|"[0.01424124 0.16774945 0.07846351 0.00882563 0.0375302  0.01913374
 0.05870823]"|"[0.04177162 0.05359513 0.01098333 0.14677076 0.07967181 0.17042074
 0.03396057 0.03153168 0.01803898 0.02448219 0.00585679 0.02546956
 0.05040956 0.09827832]"|2021/2022|True|True
0|3610216|2022-03-13|29|Leeds United|Norwich City|2.0|1.0|2.73|1.49|"[0.09744713 0.4438307  0.21788904 0.34188953 0.04291416 0.06876256
 0.34362879 0.13571356 0.04282295 0.04961597 0.06308921 0.01279093
 0.93998665]"|"[0.01870206 0.02442002 0.0727586  0.06221389 0.04641892 0.0321414
 0.0476863  0.08378877 0.13958617 0.36753392 0.01362963 0.57712323]"|2021/2022|True|True
0|3610218|2022-03-13|29|Southampton|Watford|1.0|2.0|1.43|1.74|"[0.10097193 0.23887931 0.05848146 0.06180322 0.0238364  0.39343673
 0.01210046 0.15430334 0.07017601 0.14373156 0.0528567  0.07207611
 0.04843125]"|"[0.09993052 0.39692062 0.03306635 0.2316718  0.4709056  0.04911735
 0.16046709 0.12156736 0.17332088]"|2021/2022|True|True
0|3610219|2022-03-13|29|West Ham United|Aston Villa|2.0|1.0|1.22|1.12|"[0.05556869 0.01101144 0.07435592 0.04335254 0.27664763 0.41449606
 0.01795554 0.03627926 0.15314157 0.02720659 0.22069319]"|"[0.03480797 0.02951528 0.19728114 0.01912265 0.05917934 0.07564858
 0.02487171 0.05451796 0.02748303 0.01498711 0.44696468 0.02783259
 0.10520564]"|2021/2022|True|True
0|3610210|2022-03-13|29|Arsenal|Leicester City|2.0|0.0|3.1|0.37|"[0.06035811 0.19432601 0.07021268 0.07776143 0.03006927 0.05061873
 0.07537742 0.03516714 0.01589568 0.21885    0.19977404 0.13743028
 0.07437751 0.76045495 0.7884     0.04086554 0.07427385 0.07041878
 0.02655565 0.01885281 0.13823633]"|[0.14246063 0.07451053 0.02983967 0.05505611 0.02663827 0.04060354]|2021/2022|True|True
0|3610214|2022-03-14|29|Crystal Palace|Manchester City|0.0|0.0|0.6|2.92|"[0.03380668 0.02849514 0.02166563 0.36471036 0.0871334  0.02572362
 0.04071441]"|"[0.03599958 0.02899884 0.04072534 0.02632637 0.03406911 0.06891361
 0.0143554  0.01393549 0.74336475 0.14000235 0.07713232 0.05076195
 0.19083545 0.05574229 0.23653384 0.83926749 0.03473776 0.09076966
 0.21131635]"|2021/2022|True|True
0|3610082|2022-03-16|16|Brighton & Hove Albion|Tottenham Hotspur|0.0|2.0|0.71|2.21|"[0.04138767 0.06180343 0.02545893 0.01566894 0.0772128  0.05245289
 0.06599276 0.13059056 0.0469311  0.03024421 0.03622396 0.02230417
 0.01659767 0.06038373 0.03146303]"|"[0.47439805 0.02156073 0.01557112 0.14419042 0.03685915 0.02243976
 0.49000529 0.04513068 0.08011153 0.04595242 0.087175   0.03775369
 0.28230599 0.19311824 0.08437817 0.05266232 0.1003078 ]"|2021/2022|True|True
0|3610190|2022-03-16|27|Arsenal|Liverpool|0.0|2.0|0.5|0.77|"[0.01921978 0.02797479 0.01423856 0.01807455 0.02559382 0.23231556
 0.02790077 0.07510011 0.05587799]"|"[0.03570978 0.01852715 0.12113845 0.03772218 0.04194289 0.13452607
 0.03513503 0.30118918 0.04348532]"|2021/2022|True|True
0|3610125|2022-03-17|20|Everton|Newcastle United|1.0|0.0|0.66|0.87|"[0.03397293 0.07007085 0.08671426 0.08282699 0.01771724 0.02871616
 0.07686009 0.03758971 0.22801431]"|"[0.05498037 0.0230398  0.08189682 0.03589497 0.14273728 0.01351185
 0.09948781 0.01397869 0.1026345  0.03766822 0.04495521 0.03949704
 0.02778151 0.03827199 0.0158148  0.0807081  0.01683607]"|2021/2022|True|True
0|3610229|2022-03-18|30|Wolverhampton Wanderers|Leeds United|2.0|3.0|1.16|2.06|"[0.02104421 0.0250721  0.08866633 0.46793014 0.02595357 0.20536146
 0.05217847 0.04425156 0.02497936 0.01382928 0.11679836 0.01249439
 0.01387099 0.04792831]"|"[0.03633464 0.29913533 0.11894758 0.01164737 0.0651708  0.1801151
 0.47959355 0.15381229 0.32851794 0.06701057 0.10274082 0.23127773
 0.02529168 0.0789899  0.08274907]"|2021/2022|True|True
0|3610220|2022-03-19|30|Aston Villa|Arsenal|0.0|1.0|0.45|1.33|"[0.07356651 0.03375292 0.03898728 0.13752528 0.01578455 0.08366905
 0.03031135 0.04021642]"|"[0.09680737 0.11627518 0.72514468 0.04756492 0.02574291 0.03229942
 0.09260641 0.05893334 0.03634549 0.10086324]"|2021/2022|True|True
0|3610222|2022-03-20|30|Leicester City|Brentford|2.0|1.0|0.99|1.34|"[0.03523956 0.03558189 0.07744942 0.05485857 0.04823233 0.02821705
 0.0381447  0.25290573 0.04564198 0.13585176 0.03609074 0.20407928]"|"[0.03112847 0.1373757  0.03183437 0.01422668 0.09601185 0.22813918
 0.00887586 0.4792155  0.16236484 0.04045226 0.04719177 0.05725992
 0.04229265 0.01884804 0.02054182]"|2021/2022|True|True
0|3610227|2022-03-20|30|Tottenham Hotspur|West Ham United|3.0|1.0|3.03|0.62|"[0.51169008 0.1535539  0.02418261 0.014287   0.01550781 0.27418655
 0.06656622 0.0343677  0.08166598 0.10951732 0.75093067 0.20635691
 0.04573917 0.55072492 0.0471359  0.02140618 0.12527122]"|"[       nan 0.05940584 0.17548497 0.07823756 0.16192628 0.08270813
 0.05761997]"|2021/2022|True|True
0|3610234|2022-04-02|31|Liverpool|Watford|2.0|0.0|2.22|0.64|"[0.03811654 0.02574462 0.02666314 0.54260457 0.08971927 0.01503992
 0.0328997  0.06354273 0.01884804 0.077625   0.03582186 0.04249438
 0.0296826  0.07980075 0.07976308 0.04290694 0.08623306 0.04405468
 0.05588275 0.7884    ]"|[0.0520076  0.01857351 0.02717364 0.20189577 0.34240976]|2021/2022|True|True
0|3610239|2022-04-02|31|Brighton & Hove Albion|Norwich City|0.0|0.0|2.87|0.37|"[0.02113844 0.01846804 0.02181185 0.1805817  0.09733498 0.02416198
 0.03325316 0.26206329 0.07203902 0.7884     0.04417926 0.06222783
 0.02085578 0.02320702 0.05739143 0.19103544 0.02097069 0.01845354
 0.07933771 0.1124172  0.09514996 0.05951461 0.03220585 0.04410416
 0.08001683 0.03359033 0.02677262 0.21346019 0.03045615 0.07115793
 0.03796664]"|[0.01656507 0.04803323 0.01183629 0.25743481 0.0195179  0.01484929]|2021/2022|True|True
0|3610238|2022-04-02|31|Burnley|Manchester City|0.0|2.0|0.09|1.79|[0.01264289 0.01268099 0.06597474]|"[0.0794409  0.05213008 0.06299957 0.04578242 0.2313486  0.12034717
 0.02538587 0.218255   0.13659234 0.03707359 0.01994512 0.0614762
 0.31115302 0.01617174 0.13537277 0.1415371  0.02755113 0.06926834]"|2021/2022|True|True
0|3610237|2022-04-02|31|Chelsea|Brentford|1.0|4.0|1.34|1.83|"[0.05459107 0.05355828 0.05676564 0.01454924 0.04891896 0.1361582
 0.20987508 0.0352424  0.01655502 0.12686686 0.0532347  0.02552379
 0.02371553 0.01750868 0.16016746 0.01789461 0.21629994 0.01917025
 0.0265114  0.01399858 0.0439412 ]"|"[0.03306349 0.0838525  0.05781854 0.09238256 0.0782388  0.0235319
 0.10443112 0.09129525 0.4959349  0.27595374 0.02368217 0.10476518
 0.01550109 0.07383008 0.03322879 0.13117407 0.10989864]"|2021/2022|True|True
0|3610235|2022-04-02|31|Leeds United|Southampton|1.0|1.0|1.18|1.42|"[0.2011131  0.02699662 0.11365693 0.04895842 0.06481149 0.16243143
 0.02511204 0.23280787 0.17058302 0.05826173 0.0471872  0.03145103]"|"[0.16152377 0.06836582 0.0234863  0.47094527 0.41118452 0.01095919
 0.02705622 0.06611623 0.15709664 0.02313582 0.02362467 0.04191906
 0.00972361 0.11696105]"|2021/2022|True|True
0|3610230|2022-04-02|31|Wolverhampton Wanderers|Aston Villa|2.0|1.0|1.36|2.27|"[0.16618307 0.35417476 0.17119119 0.13382097 0.04435532 0.04592349
 0.0905536  0.06920015 0.14120017 0.15922296 0.04150947]"|"[0.03801404 0.01695864 0.01748634        nan 0.10681251 0.10440748
 0.01763706 0.4575837  0.07874712 0.04472078 0.05055739 0.25862491
 0.7884     0.01952936 0.09973622 0.16734065]"|2021/2022|True|True
0|3610233|2022-04-02|31|Manchester United|Leicester City|1.0|1.0|0.93|0.8|"[0.06979231 0.03916866 0.11933087 0.04783624 0.07293806 0.03748493
 0.05257575 0.30782941 0.01509024 0.13706067 0.04671888]"|"[0.07461192 0.0179649  0.04249438 0.13489261 0.01468332 0.08264448
 0.04919466 0.14953879 0.17886062 0.03623778 0.02339403]"|2021/2022|True|True
0|3610231|2022-04-03|31|West Ham United|Everton|2.0|1.0|1.23|0.66|"[0.11602149 0.07972032 0.01704565 0.05440263 0.16742045 0.27411497
 0.40092146 0.13801922 0.02354627 0.0293803  0.03460469]"|"[0.08787365 0.015443   0.01906205 0.03704675 0.09452666 0.08419616
 0.03816581 0.03057706 0.03293858 0.01823792 0.0314958  0.01564217
 0.15846115]"|2021/2022|True|True
0|3610232|2022-04-03|31|Tottenham Hotspur|Newcastle United|5.0|1.0|3.07|0.53|"[0.02569936 0.02019634 0.01970127 0.07728143 0.03827047 0.03690831
 0.19170664 0.34723032 0.47873166 0.28449169 0.05900122 0.55323112
 0.29371232 0.03458604 0.01799134 0.49650505 0.03350293 0.04043052
 0.01998867]"|"[0.00759046 0.0190971  0.13296726 0.07729201 0.05824431 0.11234316
 0.09415323 0.02656473]"|2021/2022|True|True
0|3610236|2022-04-04|31|Crystal Palace|Arsenal|3.0|0.0|1.51|0.84|[0.01722604 0.27726847 0.24444599 0.04663486 0.13190275 0.7884    ]|"[0.10373027 0.03515161 0.13312432 0.06174366 0.01970084 0.15943025
 0.22375521 0.03157259 0.01615492 0.01067655 0.02520203 0.02278031]"|2021/2022|True|True
0|3610112|2022-04-06|19|Burnley|Everton|3.0|2.0|2.02|2.4|"[0.0433637  0.00600507 0.04694717 0.27927655 0.03650245 0.01776565
 0.04898264 0.03045372 0.9226597  0.02408574 0.48680511 0.01388601
 0.06094481]"|"[0.7884     0.04598965 0.05802784 0.03195161 0.7884     0.0770181
 0.02950395 0.09620381 0.11114974 0.11755181 0.0297496  0.10027634
 0.01931983 0.02419668 0.02426054 0.06145849]"|2021/2022|True|True
0|3610243|2022-04-08|32|Newcastle United|Wolverhampton Wanderers|1.0|0.0|1.51|0.41|"[0.02649827 0.04794313 0.02505437 0.06923618 0.01915176 0.10340867
 0.03303198 0.12398936 0.7884     0.12978253 0.05293052 0.09298197]"|[0.04337899 0.10283499 0.18853907 0.03823804 0.03883462]|2021/2022|True|True
0|3610246|2022-04-09|32|Everton|Manchester United|1.0|0.0|0.38|0.77|"[0.03777813 0.03394225 0.02494264 0.02698372 0.06640464 0.13758299
 0.05537891]"|"[0.05906319 0.08377228 0.04855803 0.01933103 0.13902505 0.01584828
 0.01817651 0.02186851 0.1073926  0.02176303 0.16479447 0.06834307]"|2021/2022|True|True
0|3610249|2022-04-09|32|Arsenal|Brighton & Hove Albion|1.0|2.0|1.91|0.58|"[0.2345743  0.06672496 0.13365821 0.01676872 0.06041754 0.21305536
 0.1361979  0.02013407 0.02359448 0.05755202 0.05589065 0.22991422
 0.02596702 0.07904749 0.41968557 0.02183273 0.07499832 0.02319712
 0.03028694 0.02276244]"|"[0.0158558  0.04237934 0.26236272 0.01603141 0.07187387 0.03162533
 0.03643901 0.10262   ]"|2021/2022|True|True
0|3610241|2022-04-09|32|Southampton|Chelsea|0.0|6.0|0.49|4.18|[0.01636212 0.02827283 0.04233645 0.39851546]|"[0.05418615 0.51318228 0.18773094 0.0362489  0.17958322 0.46096763
 0.43176505 0.63186681 0.05872758 0.09721953 0.06398552 0.05938591
 0.19059132 0.82165182 0.11849744 0.54545385 0.01681638 0.02087309
 0.01513602 0.02378146 0.04739206 0.0354496  0.03577863 0.02990033]"|2021/2022|True|True
0|3610240|2022-04-09|32|Watford|Leeds United|0.0|3.0|1.07|0.73|"[0.05695895 0.00791726 0.01259087 0.01985033 0.71924561 0.02145535
 0.26471236 0.01953935]"|"[0.02340705 0.03514337 0.10325986 0.06777839 0.03967877 0.30803063
 0.02221516 0.07072823 0.04306507 0.01526011]"|2021/2022|True|True
0|3610248|2022-04-09|32|Aston Villa|Tottenham Hotspur|0.0|4.0|1.62|1.06|"[0.02436343 0.17671868 0.01411417 0.27787077 0.19050828 0.03844825
 0.04381865 0.11505108 0.07084645 0.02009684 0.06211718 0.04657671
 0.03204985 0.29445887 0.04239913 0.00914881 0.02673146 0.10091297
 0.03986753]"|"[0.03593128 0.10469064 0.03071651 0.02273994 0.03720051 0.01699214
 0.02623571 0.0462431  0.05085591 0.56229037 0.12379786]"|2021/2022|True|True
0|3610247|2022-04-10|32|Brentford|West Ham United|2.0|0.0|1.42|0.31|"[0.04092755 0.0375439  0.04111886 0.02237332 0.02782704 0.08756575
 0.057912   0.08021866 0.02514104 0.10306901 0.03886754 0.45853481
 0.15470353 0.23384814 0.01388157]"|[0.04657583 0.03965395 0.18046482 0.01645725 0.02599807]|2021/2022|True|True
0|3610245|2022-04-10|32|Leicester City|Crystal Palace|2.0|1.0|0.98|1.66|"[0.13653751 0.01457326 0.02082153 0.21084288 0.05422005 0.07617527
 0.02586663 0.00580812 0.05645067 0.21328211 0.10112852 0.06168137]"|"[0.14873561 0.03333199 0.07209241 0.03179133 0.02324939 0.01504241
 0.7884     0.34192374 0.04243458 0.08227131 0.15468255]"|2021/2022|True|True
0|3610242|2022-04-10|32|Norwich City|Burnley|2.0|0.0|2.02|1.71|"[0.02090286 0.09589235 0.04046794 0.08859364 0.03755651 0.04203995
 0.05487637 0.01255955 0.11124207 0.01854826 0.02776787 0.05322512
 0.08405649 0.31675789 0.08808675 0.6258142  0.02313582]"|"[0.1168927  0.06283698 0.0100108  0.05495772 0.01408757 0.02948575
 0.10448203 0.03407078 0.04227748 0.05549529 0.02507034 0.02926394
 0.69821209 0.02238328 0.1958645  0.04038316 0.11196924 0.0654641 ]"|2021/2022|True|True
0|3610244|2022-04-10|32|Manchester City|Liverpool|2.0|2.0|1.26|1.31|"[0.4191072  0.02079536 0.06409565 0.01684125 0.10454197 0.01745257
 0.13346793 0.16738853 0.05583661 0.08191484 0.18137155]"|[0.34880751 0.01269614 0.38839048 0.47328755 0.0605587  0.0279466 ]|2021/2022|True|True
0|3610253|2022-04-16|33|Tottenham Hotspur|Brighton & Hove Albion|0.0|1.0|0.5|0.62|[0.01606549 0.12666114 0.09072091 0.02263849 0.24612218]|"[0.03953098 0.03747447 0.07537106 0.04226129 0.01821501 0.05768445
 0.06334301 0.02368809 0.10792723 0.01339585 0.02069308 0.12437374]"|2021/2022|True|True
0|3610256|2022-04-16|33|Manchester United|Norwich City|3.0|2.0|1.96|1.53|"[0.0778382  0.05477727 0.02008455 0.75692982 0.06803806 0.02489366
 0.06210276 0.04005701 0.11053005 0.08018601 0.09304406 0.22369535
 0.03773575 0.00746093 0.05198168 0.09696759 0.03271349 0.01821736
 0.03989927 0.06630258]"|"[0.08929531 0.03742871 0.07516533 0.06322818 0.36048374 0.15970439
 0.40923992 0.05990838 0.0175036  0.01383124 0.08734906 0.10685297
 0.01169996 0.01720888 0.0234723 ]"|2021/2022|True|True
0|3610254|2022-04-16|33|Southampton|Arsenal|1.0|0.0|0.78|1.7|"[0.43423232 0.00672878 0.01463851 0.02611121 0.04970731 0.03207335
 0.11326729 0.05404422 0.04481812]"|"[0.05354688 0.05386934 0.44699049 0.04253809 0.03759469 0.01483984
 0.06898456 0.06117359 0.0368589  0.13107021 0.02660799 0.03729395
 0.05064939 0.09881014 0.10083158 0.0438205  0.12593244 0.01634214
 0.06991337 0.0127289  0.10272139 0.05552994 0.01514748]"|2021/2022|True|True
0|3610252|2022-04-16|33|Watford|Brentford|1.0|2.0|1.74|1.86|"[0.09745283 0.0756508  0.16854788 0.03857874 0.03775946 0.03858135
 0.05493394 0.05241311 0.09205782 0.11964648 0.06656864 0.07238377
 0.02481069 0.05839202 0.04217451 0.03491205 0.37960079 0.45237029]"|"[0.02624464 0.38877264 0.01526011 0.0573273  0.03150288 0.01835712
 0.01684578 0.04863723 0.03063087 0.0448539  0.08572804 0.22690763
 0.01189025 0.10406248 0.02135578 0.73154175]"|2021/2022|True|True
0|3610255|2022-04-17|33|Newcastle United|Leicester City|2.0|1.0|1.8|0.64|"[0.03428646 0.03652818 0.05772083 0.0133404  0.22661002 0.47479308
 0.52427036 0.01584852 0.14043169 0.13778068 0.03676005 0.02216238
 0.02317729 0.02945944 0.03597815 0.40569237]"|"[0.13757919 0.06636563 0.02048713 0.02516032 0.02654619 0.03340874
 0.04632551 0.27933791]"|2021/2022|True|True
0|3610251|2022-04-17|33|West Ham United|Burnley|1.0|1.0|2.23|1.83|"[0.11216398 0.05990271 0.08135504 0.0526939  0.02781522 0.01905339
 0.03388326 0.10104937 0.0868538  0.05029744 0.03885474 0.0807489
 0.01865519 0.36986491 0.03763073 0.3060368  0.03359153 0.06520996
 0.08890905 0.05637396 0.51240843]"|"[0.06233955 0.04761067 0.43438479 0.50072885 0.7884     0.02107843
 0.07324676 0.02766674 0.05891135]"|2021/2022|True|True
0|3610223|2022-04-19|30|Liverpool|Manchester United|4.0|0.0|1.97|0.1|"[0.51038796 0.0661669  0.05859188 0.01357772 0.01604112 0.10452246
 0.03628208 0.4191072  0.02076636 0.23556332 0.02907917 0.20315376
 0.03245444 0.22818257]"|[0.0335235  0.06616298]|2021/2022|True|True
0|3610172|2022-04-20|25|Chelsea|Arsenal|2.0|4.0|0.68|2.03|"[0.07662057 0.02459418 0.02873802 0.05369265 0.12778054 0.04277433
 0.03222369 0.0129026  0.0264734  0.22731078 0.0263969 ]"|"[0.32910788 0.06418496 0.03475821 0.20698179 0.0727586  0.03508736
 0.06299982 0.14500354 0.01507099 0.11560676 0.05517427 0.09537131
 0.00907466 0.7884    ]"|2021/2022|True|True
0|3610101|2022-04-20|18|Everton|Leicester City|1.0|1.0|1.76|0.91|"[0.734294   0.07833787 0.0903464  0.03611149 0.0180809  0.18216999
 0.03332848 0.09787891 0.03602526 0.17658089 0.08678322 0.07217025
 0.11418185]"|"[0.13600408 0.23127773 0.10047729 0.02319712 0.0487535  0.01989968
 0.0424319  0.0159118  0.07426066 0.11947741 0.09604636]"|2021/2022|True|True
0|3610225|2022-04-20|30|Newcastle United|Crystal Palace|1.0|0.0|0.87|0.46|"[0.08684918 0.11806403 0.06860258 0.04706376 0.04425998 0.09669928
 0.03951932 0.01509166 0.02280762 0.01469729 0.04209134 0.260894
 0.01670907]"|"[0.07728143 0.02511259 0.02948821 0.0741856  0.01284999 0.06360268
 0.00788451 0.01509677 0.12670954 0.02898338]"|2021/2022|True|True
0|3610224|2022-04-20|30|Manchester City|Brighton & Hove Albion|3.0|0.0|1.25|0.16|"[0.03261781 0.09667223 0.01352648 0.01893454 0.20381132 0.01383593
 0.15568989 0.01511954 0.04718146 0.25236407 0.12097719 0.0227559
 0.02420457 0.05812218 0.01298635 0.07970124 0.0863677 ]"|[0.1202     0.03783615]|2021/2022|True|True
0|3610221|2022-04-21|30|Burnley|Southampton|2.0|0.0|1.62|0.9|"[0.04827778 0.01995156 0.07791119 0.24570769 0.05686398 0.04457428
 0.12871245 0.60018444 0.02015759 0.01182273 0.10672552 0.14667122
 0.03177879 0.05104301 0.04532683 0.03207511]"|"[0.02233099 0.03163734 0.02982871 0.07190644 0.07349911 0.03756468
 0.18958023 0.0477628  0.27560803 0.03714345 0.0839737 ]"|2021/2022|True|True
0|3610269|2022-04-23|34|Arsenal|Manchester United|3.0|1.0|2.61|1.78|"[0.07649428 0.96239907 0.05891433 0.41287339 0.7884     0.01078449
 0.05375746 0.09577493 0.03127555 0.08623003 0.01897098 0.04594259
 0.013813   0.03021365]"|"[0.06221065 0.04234123 0.07608416 0.0704851  0.09107821 0.03600227
 0.02376427 0.45362413 0.04066424 0.01974413 0.00862984 0.7884
 0.02289464 0.04513338]"|2021/2022|True|True
0|3610263|2022-04-23|34|Leicester City|Aston Villa|0.0|0.0|0.3|0.86|[0.11986435 0.05761312 0.06621867 0.03348466 0.02690848]|"[0.39365324 0.03652081 0.15592019 0.07486989 0.01236015 0.03776763
 0.00950401 0.04116434 0.02578204 0.04438481 0.03110285]"|2021/2022|True|True
0|3610261|2022-04-23|34|Manchester City|Watford|5.0|1.0|3.68|0.48|"[0.83301967 0.02363755 0.08220666 0.07978919 0.03989927 0.01595459
 0.54409838 0.02457543 0.01861093 0.02744095 0.28452134 0.7884
 0.24438873 0.07442563 0.06839372 0.1634319  0.02279698 0.01419522
 0.10697383 0.15268782 0.06935941]"|[0.05801031 0.02128761 0.33951461 0.04296436 0.0166113 ]|2021/2022|True|True
0|3610260|2022-04-23|34|Norwich City|Newcastle United|0.0|3.0|0.63|1.95|[0.12251818 0.34551552 0.05473129 0.03702246 0.06673189]|"[0.23700872 0.01916324 0.04963931 0.07101273 0.57224584 0.05444558
 0.49310607 0.03642829 0.24447009 0.01757566 0.02931274 0.02777998
 0.09686828]"|2021/2022|True|True
0|3610268|2022-04-23|34|Brentford|Tottenham Hotspur|0.0|0.0|0.89|0.6|"[0.07959903 0.06524353 0.01942104 0.03639414 0.10941394 0.0285181
 0.01757661 0.08572804 0.03690809 0.01526461 0.11064713 0.0238228
 0.05103114 0.04133367 0.17907022]"|"[0.01570701 0.01604128 0.05222992 0.1262548  0.02680157 0.11143454
 0.16100359 0.05614933 0.03236945]"|2021/2022|True|True
0|3610267|2022-04-24|34|Brighton & Hove Albion|Southampton|2.0|2.0|1.66|0.86|"[0.83563924 0.03379776 0.01262928 0.44761693 0.40030274 0.0235599
 0.06701622 0.02022877]"|"[0.07271751 0.10194851 0.0255443  0.00322556 0.03843103 0.11247507
        nan 0.08152927 0.0387411  0.01259411 0.0155235  0.02190597
 0.04370345 0.0387283  0.01852688 0.01540631 0.0472294  0.14121874
 0.03523956]"|2021/2022|True|True
0|3610266|2022-04-24|34|Burnley|Wolverhampton Wanderers|1.0|0.0|1.4|0.63|"[0.06362794 0.03942695 0.16152377 0.04781797 0.0262759  0.02499275
 0.5642702  0.04686883 0.1465486  0.01092565 0.20125856 0.0279708
 0.03396184 0.00829456]"|"[0.0980656  0.17311382 0.06328079 0.01799363 0.07664516 0.04708408
 0.00875536 0.05507724 0.03387106 0.06012745]"|2021/2022|True|True
0|3610265|2022-04-24|34|Chelsea|West Ham United|1.0|0.0|3.02|0.48|"[0.04095397 0.02951334 0.10317682 0.01994968 0.03929251 0.0391447
 0.11541754 0.1196946  0.02260657 0.06324623 0.02429389 0.01999787
 0.05725992 0.04319802 0.18182854 0.1571255  0.0253114  0.03199492
 0.30624592 0.07416884 0.0631054  0.02283158 0.7884     0.01849641
 0.55887568 0.05045768]"|[0.02118289 0.01582587 0.0462112  0.13331775 0.14672942 0.13985194]|2021/2022|True|True
0|3610262|2022-04-24|34|Liverpool|Everton|2.0|0.0|2.07|0.4|"[0.02553882 0.07799003 0.04337415 0.03017244 0.02183673 0.03238427
 0.03637356 0.20218541 0.02572742 0.13322434 0.08869687 0.11673691
 0.15858656 0.02120951 0.00929839 0.10957343 0.08221293 0.67534769]"|"[0.06218901 0.04203995 0.08463201 0.06051974 0.02750916 0.03244072
 0.02973771 0.02762591 0.02965222]"|2021/2022|True|True
0|3610264|2022-04-25|34|Crystal Palace|Leeds United|0.0|0.0|1.88|0.47|"[0.10012274 0.09205782 0.77247971 0.15249944 0.05475755 0.07632501
 0.02184785 0.07576936 0.0533505  0.14639911 0.0080687  0.02228042
 0.03792299 0.06541316 0.12260002 0.04450436 0.03374238]"|"[0.04496839 0.09085654 0.04961467 0.0776175  0.07446282 0.0233566
 0.04118309 0.04164439 0.02561731]"|2021/2022|True|True
0|3610296|2022-04-28|37|Manchester United|Chelsea|1.0|1.0|0.54|1.91|[0.05298909 0.07653825 0.01023216 0.28681237 0.02156626 0.09018593]|"[0.02423556 0.03707359 0.04561716 0.05050283 0.00750152 0.14008223
 0.06473455 0.37816817 0.05081388 0.41307089 0.01689811 0.04405468
 0.0997952  0.13519447 0.06627163 0.0530068  0.0055852  0.09408695
 0.04065181 0.04587397 0.0944545 ]"|2021/2022|True|True
0|3610275|2022-04-30|35|Newcastle United|Liverpool|0.0|1.0|0.2|2.39|[0.01567375 0.04332828 0.06016931 0.07805843]|"[0.04278121 0.0241124  0.0299321  0.73744124 0.1613332  0.03555009
 0.0321785  0.04649667 0.0510118  0.01603832 0.05262953 0.02524801
 0.19654834 0.0328373  0.06126811 0.01942137 0.02900978 0.02513029
 0.09429891 0.16356479 0.10486697 0.02289762 0.23811436 0.06404898]"|2021/2022|True|True
0|3610279|2022-04-30|35|Aston Villa|Norwich City|2.0|0.0|1.82|0.53|"[0.02945092 0.0718989  0.04871739 0.10042962 0.06920116 0.0271955
 0.08163197 0.03913245 0.20238009 0.04679974 0.11548406 0.02090996
 0.08041792 0.02318781 0.08266707 0.04850172 0.1431818  0.12725915
 0.0619279  0.33195931 0.10379107]"|"[0.10405827 0.02075854 0.0171265  0.00813752 0.10719883 0.11022584
 0.12362537 0.0217219  0.02045218]"|2021/2022|True|True
0|3610274|2022-04-30|35|Southampton|Crystal Palace|1.0|2.0|0.62|1.1|"[0.14740777 0.01814256 0.09213043 0.06147044 0.10371757 0.03186096
 0.11663822 0.05163302]"|"[0.11427029 0.05171155 0.03664306 0.020644   0.15088056 0.02379255
 0.01225439 0.18723913 0.15478252 0.04072558 0.15212832 0.03595155
 0.04756492 0.07557175]"|2021/2022|True|True
0|3610272|2022-04-30|35|Watford|Burnley|1.0|2.0|1.04|1.63|"[0.11756632 0.0315376  0.14557588 0.0827385  0.03262272 0.05374839
 0.18440747 0.07406558 0.06560304 0.14738581 0.02126036 0.04270431
 0.04271193]"|"[       nan 0.05901659 0.04248104 0.051243   0.02484399 0.10389467
 0.05010054 0.15089945 0.04254181 0.08053225 0.01605683 0.1982622
 0.17663182 0.04684719 0.35320848 0.06259667 0.10507332 0.06614846]"|2021/2022|True|True
0|3610270|2022-04-30|35|Wolverhampton Wanderers|Brighton & Hove Albion|0.0|3.0|0.66|2.64|"[0.09728599 0.02658008 0.0153023  0.12077428 0.03727934 0.04708787
 0.05454899 0.03715627 0.04607273 0.12909336 0.04872806]"|"[0.02138331 0.01199621 0.05958816 0.03162377 0.7884     0.04954957
 0.7884     0.04335342 0.1167057  0.06453196 0.06403817 0.23250617
 0.07714091 0.08791937 0.07876535 0.07908025 0.04719355]"|2021/2022|True|True
0|3610277|2022-04-30|35|Leeds United|Manchester City|0.0|4.0|1.3|2.5|"[0.07240756 0.05274114 0.08232798 0.63678235 0.16761035 0.04184373
 0.35343867]"|"[0.08435297 0.27812755 0.06985556 0.12869585 0.02484694 0.08036275
 0.07206596 0.17210445 0.02145535 0.04051103 0.16026059 0.01221697
 0.06986172 0.06925994 0.63708532 0.05109557 0.33930728 0.04780498
 0.05074746]"|2021/2022|True|True
0|3610278|2022-05-01|35|Everton|Chelsea|1.0|0.0|0.81|0.87|"[0.09661391 0.04009597 0.04013752 0.0145182  0.27904871 0.2208616
 0.00979138 0.05914814 0.05081533]"|"[0.01620247 0.075842   0.08062045 0.01823995 0.04710985 0.08473159
 0.12966158 0.09905621 0.02826536 0.03706234 0.01840267 0.05339218
 0.00738344 0.03985164 0.0310622  0.08902852 0.0213898 ]"|2021/2022|True|True
0|3610273|2022-05-01|35|Tottenham Hotspur|Leicester City|3.0|1.0|1.23|0.5|"[0.0445765  0.02153647 0.07300479 0.10944354 0.39003429 0.0695187
 0.10233322 0.11339068 0.05772204 0.08651728 0.04664518 0.01374064
 0.10520564]"|[0.02599639 0.22281492 0.04053329 0.04878199 0.12506208 0.04103109]|2021/2022|True|True
0|3610271|2022-05-01|35|West Ham United|Arsenal|1.0|2.0|0.52|0.93|"[0.06646074 0.02396783 0.05467915 0.0423827  0.01968547 0.09542737
 0.11471815 0.10025956]"|"[0.02913571 0.02250473 0.09845351 0.15074305 0.05306187 0.22526605
 0.01993638 0.02866922 0.05643319 0.14118742 0.02527369 0.04152526
 0.03912304]"|2021/2022|True|True
0|3610276|2022-05-02|35|Manchester United|Brentford|3.0|0.0|2.02|0.64|"[0.60178071 0.03865137 0.04485102 0.26972005 0.7884     0.10990934
 0.09615292 0.03272039 0.03746986]"|"[0.00874758 0.03403547 0.07907639 0.15190969 0.04213328 0.02454746
 0.03391302 0.02996738 0.01383901 0.06360268 0.01881516 0.08873659]"|2021/2022|True|True
0|3610288|2022-05-07|36|Brentford|Southampton|3.0|0.0|2.82|1.37|"[0.6016407  0.06627551 0.02399183 0.18716255 0.13006495 0.33966327
 0.07443885 0.09027299 0.01341333 0.05951605 0.04208709 0.14241043
 0.10260887 0.17586701 0.05412125 0.03228346 0.07729534 0.40754983]"|"[0.01556158 0.03151489 0.13135943 0.04037086 0.16135551 0.06808529
 0.08572185 0.18018487 0.17362066 0.09700344 0.03081456 0.0996132
 0.08190272 0.0360475  0.03983894 0.0142107  0.02539701 0.04007144
 0.01656366]"|2021/2022|True|True
0|3610286|2022-05-07|36|Burnley|Aston Villa|1.0|3.0|1.9|2.07|"[0.1020335  0.05012917 0.03304125 0.18153499 0.01509976 0.06436414
 0.0477906  0.03101802 0.1824397  0.02043575 0.1099132  0.04234355
 0.03153301 0.9871738 ]"|"[0.39097044 0.03753063 0.39840862 0.28099927 0.02059191 0.03765943
 0.01336994 0.62530834 0.0640197  0.10991412 0.06148889 0.0319174 ]"|2021/2022|True|True
0|3610285|2022-05-07|36|Chelsea|Wolverhampton Wanderers|2.0|2.0|1.73|2.02|"[0.05225554 0.06781093 0.02708776 0.01191257 0.04511377 0.0311805
 0.0709108  0.03433603 0.02658157 0.21334457 0.03608347 0.7884
 0.02707321 0.06645428 0.07996187 0.02212887 0.02220115 0.07590192
 0.02885099]"|"[0.08569254 0.17284501 0.01664276 0.24217884 0.06712069 0.19793524
 0.05386463 0.02590352 0.09621891 0.52727199 0.11050626 0.14711025
 0.07959903 0.21255068]"|2021/2022|True|True
0|3610284|2022-05-07|36|Crystal Palace|Watford|1.0|0.0|2.23|0.45|"[0.12832095 0.05419396 0.0225176  0.05264711 0.05613458 0.7884
 0.04505028 0.18564776 0.03347408 0.03076777 0.14235362 0.02919442
 0.11318872 0.59098953 0.02701302]"|[0.03129847 0.0460838  0.01814256 0.25657526 0.02407737 0.06938483]|2021/2022|True|True
0|3610287|2022-05-07|36|Brighton & Hove Albion|Manchester United|4.0|0.0|2.35|0.85|"[0.07810024 0.07107566 0.01851521 0.0709108  0.03887432 0.0225646
 0.06359306 0.16937241 0.14931202 0.10265702 0.33751646 0.32276604
 0.84230161 0.26526359 0.00643827 0.04003606 0.02144222]"|"[0.05111578 0.04203    0.0629561  0.08318133 0.01775973 0.05130592
 0.22547565 0.04037614 0.01778067 0.04507245 0.01834541 0.06412185
 0.03778551 0.03425781 0.0629561 ]"|2021/2022|True|True
0|3610282|2022-05-07|36|Liverpool|Tottenham Hotspur|1.0|1.0|1.33|0.9|"[0.02199613 0.1264344  0.04862345 0.02859217 0.03855851 0.17869842
 0.07368691 0.03640279 0.01260106 0.02350417 0.034593   0.0385655
 0.02163312 0.04692645 0.02089363 0.11500429 0.0651608  0.19153495
 0.03531417 0.06712841 0.01767721 0.08332837]"|"[0.10493599 0.05232162 0.0410843  0.01416503 0.06676048 0.56738752
 0.03292171 0.02500433]"|2021/2022|True|True
0|3610289|2022-05-08|36|Arsenal|Leeds United|2.0|1.0|2.0|0.31|"[0.26260153 0.26583737 0.00526347 0.29654485 0.082718   0.05262469
 0.07016286 0.14434649 0.06349426 0.04309967 0.02965195 0.06599276
 0.04967459 0.03733032 0.2633861  0.07152588 0.07024874 0.03445584
 0.09005816]"|[0.1692778  0.02382885 0.11763371]|2021/2022|True|True
0|3610283|2022-05-08|36|Leicester City|Everton|1.0|2.0|1.51|1.12|"[0.21621205 0.36460751 0.01298809 0.10834221 0.02339567 0.01892617
 0.01932071 0.2374499  0.05041972 0.14551581 0.01232044 0.01590779
 0.02163951 0.08261688 0.14236777 0.03803996]"|"[0.04595328 0.33984801 0.0588396  0.29388854 0.07791896 0.01447562
 0.06159561 0.09553284 0.12762207 0.02073736]"|2021/2022|True|True
0|3610280|2022-05-08|36|Norwich City|West Ham United|0.0|4.0|0.78|3.13|"[0.05878233 0.01437586 0.0787392  0.0181362  0.04955121 0.05775201
 0.04684313 0.45978266]"|"[0.09355386 0.0251019  0.04354331 0.10121678 0.73558772 0.10568543
 0.36124963 0.05617075 0.11496074 0.09847965 0.7884     0.57045048
 0.03153149]"|2021/2022|True|True
0|3610281|2022-05-08|36|Manchester City|Newcastle United|5.0|0.0|3.18|0.82|"[0.04420942 0.36720991 0.20314358 0.49242657 0.04640742 0.02113503
 0.02378601 0.01872576 0.31170714 0.31176886 0.03787125 0.05438986
 0.02292768 0.02937947 0.0510118  0.09549599 0.01776342 0.11834646
 0.55574012 0.05636847 0.40773705]"|"[0.25684208 0.10090674 0.02042324 0.02179817 0.04408752 0.31374261
 0.06018711]"|2021/2022|True|True
0|3610259|2022-05-10|33|Aston Villa|Liverpool|1.0|2.0|1.56|1.85|"[0.14348476 0.11119828 0.79699606 0.02533328 0.47185427 0.0081754
 0.04057849 0.01602103 0.03809742]"|"[0.05607124 0.153569   0.91353667 0.02699779 0.0547869  0.06735063
 0.03244072 0.02285416 0.03261696 0.03915263 0.03783615 0.21629994
 0.14885087 0.02901392 0.02457543 0.12436004 0.0068055 ]"|2021/2022|True|True
0|3610257|2022-05-11|33|Leeds United|Chelsea|0.0|3.0|0.42|1.35|[0.01371383 0.02967    0.06143092 0.30282059 0.01474483]|"[0.08224876 0.10488484 0.07332345 0.10884843 0.04864533 0.0766046
 0.02054182 0.09309086 0.06993516 0.08647665 0.05257575 0.03878744
 0.04499547 0.18003604 0.19244964 0.04313263 0.02856408]"|2021/2022|True|True
0|3610136|2022-05-11|21|Leicester City|Norwich City|3.0|0.0|2.0|1.06|"[0.01734398 0.3124474  0.02577873 0.40356249 0.10178349 0.04346179
 0.01248836 0.03632266 0.02332352 0.23275703 0.04166396 0.03883462
 0.03672497 0.01778563 0.03119613 0.0639273  0.05723881 0.36078981
 0.06102742 0.09063236]"|"[0.1661412  0.08032212 0.07455406 0.02397128 0.02809502 0.04914871
 0.45112392 0.11472686 0.08142141]"|2021/2022|True|True
0|3610228|2022-05-11|30|Watford|Everton|0.0|0.0|0.3|1.06|[0.01344574 0.03708577 0.02253101 0.03202272 0.12506001 0.07426336]|"[0.03450047 0.05637396 0.03672541 0.05371385 0.02851023 0.08876593
 0.05919937 0.02089663 0.04815661 0.09328644 0.05747322 0.02436928
 0.03567135 0.02595357 0.0502446  0.01865239]"|2021/2022|True|True
0|3610250|2022-05-11|33|Wolverhampton Wanderers|Manchester City|1.0|5.0|0.53|2.46|"[0.03014237 0.25459328 0.04405468 0.04564844 0.09779335 0.017993
 0.04268393]"|"[0.15489177 0.04536691 0.09426792 0.08055708 0.03832772 0.01961994
 0.05559207 0.2272024  0.03175082 0.26296186 0.25721327 0.13711937
 0.85902506 0.1258069  0.06883447]"|2021/2022|True|True
0|3610147|2022-05-12|22|Tottenham Hotspur|Arsenal|3.0|0.0|2.84|0.49|"[0.7884     0.06735752 0.03926715 0.02734977 0.08280991 0.66604912
 0.04902784 0.21565457 0.09109379 0.09012108 0.01732589 0.46333492
 0.07664516 0.04822065 0.07319313 0.04065798]"|"[0.01953787 0.02073589 0.02387081 0.03823804 0.08410836 0.11444905
 0.01573176 0.01741124 0.1580926 ]"|2021/2022|True|True
0|3610293|2022-05-15|37|Tottenham Hotspur|Burnley|1.0|0.0|2.18|0.68|"[0.02060528 0.03716356 0.02120951 0.0348765  0.08419231 0.03659716
 0.10124859 0.0133498  0.03535182 0.03122759 0.02573087 0.0212711
 0.7884     0.04044275 0.08262873 0.04751072 0.0512614  0.37441966
 0.01477144 0.29157695 0.02469069]"|"[0.25872853 0.03435961 0.15659466 0.01558819 0.06688828 0.03153532
 0.09034181 0.02642392]"|2021/2022|True|True
0|3610299|2022-05-15|37|Aston Villa|Crystal Palace|1.0|1.0|0.99|1.42|"[0.07132897 0.05999133 0.01641345 0.14619821 0.19965327 0.12230577
 0.04126193 0.09700198 0.03671916 0.01529674 0.03738908 0.12076379
 0.0251563 ]"|"[0.03152125 0.06699874 0.02775843 0.03242293 0.10685297 0.02512412
 0.01800303 0.04057495 0.06142999 0.03562186 0.05055111 0.0212201
 0.07387601 0.76952565 0.04052604 0.02256771]"|2021/2022|True|True
0|3610297|2022-05-15|37|Leeds United|Brighton & Hove Albion|1.0|1.0|1.67|2.3|"[0.29407996 0.03135297 0.0343212  0.04526306 0.0057079  0.04427212
 0.02251435 0.0185261  0.0196045  0.06215739 0.08397495 0.07191055
 0.19572605 0.03460143 0.11734634 0.09157987 0.23697792 0.04435361
 0.22019401]"|"[0.07663744 0.16634183 0.34326637 0.43716323 0.021343   0.02579195
 0.08528346 0.06306303 0.22548257 0.1941271  0.07085695 0.04500179
 0.05285973 0.44709149 0.04149933]"|2021/2022|True|True
0|3610292|2022-05-15|37|Watford|Leicester City|1.0|5.0|1.42|2.51|"[0.06849653 0.12551141 0.098804   0.18585077 0.04113437 0.31226745
 0.01462977 0.03105325 0.09289786 0.01882281 0.20633975 0.09449635
 0.13131347]"|"[0.0139872  0.43597063 0.34610757 0.09549599 0.12858438 0.07154868
 0.39681384 0.06990373 0.03162377 0.06381009 0.63624364 0.11816896
 0.09921834]"|2021/2022|True|True
0|3610291|2022-05-15|37|West Ham United|Manchester City|2.0|2.0|1.07|2.43|"[0.04176335 0.53400147 0.18624181 0.04362467 0.18541935        nan
 0.07479228]"|"[0.05658874 0.02022141 0.0903464  0.03200442 0.03621213 0.03386255
 0.01838476 0.03145224 0.09478676 0.06148889 0.11602149 0.03858329
 0.04078453 0.05538017 0.04965634 0.06294096 0.07228561 0.08403593
 0.04270735 0.04181834 0.07039604 0.01449923 0.02107843 0.0741431
 0.06203444 0.05677681 0.7884     0.04481454 0.05828285 0.11570905
 0.04544166]"|2021/2022|True|True
0|3610290|2022-05-15|37|Wolverhampton Wanderers|Norwich City|1.0|1.0|0.89|1.05|"[0.02292111 0.0339079  0.03996305 0.02555137 0.01772986 0.0903464
 0.01676878 0.02785571 0.06690769 0.04094339 0.01816605 0.04247761
 0.0970194  0.26916501 0.01153588 0.03355175 0.03266677]"|"[0.01958283 0.29483655 0.08841684 0.04144111 0.02301349 0.0294576
 0.09217198 0.05983505 0.23387213 0.03396093 0.13723858]"|2021/2022|True|True
0|3610298|2022-05-15|37|Everton|Brentford|2.0|3.0|2.72|2.68|"[0.06718829 0.3501583  0.45378873 0.11848587 0.71384376 0.23893161
 0.01440685 0.         0.0916268  0.7884     0.0378568 ]"|"[0.14893585 0.05625712 0.20467907 0.00917881 0.05933564 0.32784194
 0.0475435  0.07330824 0.07147828 0.26740274 0.1560851  0.06969897
 0.41915008 0.07280333 0.26511499 0.18056346 0.04035665 0.21089804]"|2021/2022|True|True
0|3610295|2022-05-16|37|Newcastle United|Arsenal|2.0|0.0|1.61|0.56|"[0.04850172 0.01736085 0.06086598 0.01339123 0.01098199 0.01346133
 0.14660005 0.03547872 0.08001307 0.10746096 0.12982388 0.01251326
 0.06701622 0.24043737 0.28262684 0.48126739]"|"[0.02700054 0.01347423 0.0674943  0.12486495 0.04325924 0.03928748
        nan 0.03358004 0.01740896 0.14477728 0.03710824 0.01441835]"|2021/2022|True|True
0|3610294|2022-05-17|37|Southampton|Liverpool|1.0|2.0|0.11|1.3|[0.03837134 0.03269673 0.01713547 0.01899664]|"[0.05351911 0.00755681 0.0173411  0.05326138 0.03303391 0.0544086
 0.13663872 0.01898202 0.03929226 0.17583005 0.03372485 0.05154371
 0.07294437 0.02102918 0.06819788 0.06419174 0.01736723 0.03653477
 0.12798122 0.0399691  0.0244806  0.03179133 0.07065912 0.05313884]"|2021/2022|True|True
0|3610258|2022-05-19|33|Everton|Crystal Palace|3.0|2.0|0.77|1.12|"[0.10065787 0.07778867 0.03829976 0.02506943 0.08232193 0.02220879
 0.04730152 0.01333971 0.02075854 0.11533099 0.07664516 0.14651765]"|"[0.02313941 0.04025391 0.37854859 0.08903513 0.39271554 0.17724606
 0.05422005]"|2021/2022|True|True
0|3610100|2022-05-19|18|Aston Villa|Burnley|1.0|1.0|1.46|1.6|"[0.06933436 0.0436916  0.04917792 0.01717207 0.02860494 0.09897523
 0.03822151 0.07812311 0.02325403 0.02119148 0.08433417 0.02088345
 0.03518379 0.03805993 0.02369971 0.01044095 0.07571543 0.07299668
 0.03217529 0.01813771 0.36069715 0.22255833]"|"[0.05999167 0.02197701 0.02253153 0.7884     0.08595783 0.03880207
 0.01714286 0.24419062 0.36161327 0.04806572]"|2021/2022|True|True
0|3610193|2022-05-19|27|Chelsea|Leicester City|1.0|1.0|1.63|0.08|"[0.02612092 0.02430024 0.01982355 0.00764673 0.08084698 0.01592147
 0.02533008 0.031352   0.04682319 0.23739584 0.03571727 0.06641503
 0.07003429 0.54878521 0.04472233 0.04479803 0.02044388 0.21393287
 0.01612733 0.05716707]"|[0.06179976 0.01745669]|2021/2022|True|True
0|3610300|2022-05-22|38|Arsenal|Everton|5.0|1.0|4.35|1.13|"[0.02422043 0.1057587  0.07283409 0.02053717 0.05280287 0.48503002
 0.04666839 0.090542   0.11410221 0.7884     0.02374134 0.77356654
 0.47359225 0.0278849  0.0818537  0.25691304 0.02064959 0.03467958
 0.09195408 0.04791278 0.40310955 0.04617472 0.08493295 0.07944908
 0.0719023  0.03213239]"|[0.01213524 0.08179449 0.912305   0.02591752 0.01959269 0.08060642]|2021/2022|True|True
0|3610301|2022-05-22|38|Brentford|Leeds United|1.0|2.0|0.84|1.29|"[0.10996869 0.04294143 0.03538997 0.0668833  0.1847128  0.00993736
 0.03094468 0.13472432 0.02883181 0.09172674 0.01182259 0.0241052
 0.05036497 0.0158359 ]"|"[0.02025669 0.03623906 0.03031888 0.00695325 0.14932968 0.7884
 0.01426725 0.02241917 0.02045761 0.04005812 0.04604294 0.02577054
 0.07236251 0.02118747]"|2021/2022|True|True
0|3610302|2022-05-22|38|Brighton & Hove Albion|West Ham United|3.0|1.0|1.57|0.22|"[0.12037284 0.06565977 0.0082235  0.04069529 0.04459621 0.08643263
 0.16253385 0.01417451 0.08766275 0.0516393  0.05204401 0.04245468
 0.12636179 0.06836582 0.02133302 0.40580726 0.06330274 0.10450546]"|"[0.01931273 0.02753145 0.06087513 0.03082204 0.01751911 0.04634988
 0.01734489]"|2021/2022|True|True
0|3610303|2022-05-22|38|Burnley|Newcastle United|1.0|2.0|1.62|1.81|"[0.0300232  0.01888054 0.07257615 0.23179115 0.29765564 0.01982355
 0.07023884 0.15908833 0.51037926 0.14995867 0.04364643 0.08377228]"|"[0.04094932 0.7884     0.20503709 0.01613001 0.0256159  0.67503965
 0.03400578 0.0226485 ]"|2021/2022|True|True
0|3610304|2022-05-22|38|Chelsea|Watford|2.0|1.0|2.26|0.81|"[0.10586983 0.04156984 0.01737011 0.35430849 0.55295515 0.02819844
 0.21730125 0.01945398 0.09170324 0.17919545 0.05092534 0.03694385
 0.02595539 0.02996536 0.04401768 0.04065798 0.04240744 0.3300693
 0.04753393]"|"[0.02209767 0.02618019 0.0482383  0.05277245 0.22310807 0.05699991
 0.01530496 0.19498794]"|2021/2022|True|True
0|3610305|2022-05-22|38|Crystal Palace|Manchester United|1.0|0.0|0.63|0.75|[0.07551318 0.14972477 0.11302397 0.07843126 0.09780004 0.11415137]|"[0.06350333 0.02183273 0.13028358 0.0248861  0.10291255 0.03654697
 0.0378087  0.0713438  0.17142493 0.09162915]"|2021/2022|True|True
0|3610306|2022-05-22|38|Leicester City|Southampton|4.0|1.0|3.45|1.14|"[0.03268744 0.27667326 0.02053629 0.01953985 0.54959667 0.51497996
 0.81070679 0.22934286 0.07565497 0.60617608 0.40380096 0.32323629]"|"[0.06017214 0.02129484 0.05723023 0.1291412  0.03201198 0.7884
 0.05578851]"|2021/2022|True|True
0|3610307|2022-05-22|38|Liverpool|Wolverhampton Wanderers|3.0|1.0|3.17|1.26|"[0.02694932 0.14466968 0.16258809 0.09652682 0.10009037 0.38998839
 0.05734936 0.04647935 0.04147873 0.03244779 0.05595594 0.03992294
 0.02400158 0.10387335 0.05380665 0.01919915 0.01490044 0.06881174
 0.07162347 0.03524434 0.05334802 0.05188382 0.17610432 0.01714854
 0.52778375 0.10465874 0.1283436  0.13991842 0.04324173]"|"[0.42813122 0.08588873 0.50658089 0.0381416  0.02851991 0.12589653
 0.04877555]"|2021/2022|True|True
0|3610308|2022-05-22|38|Manchester City|Aston Villa|3.0|2.0|3.36|0.24|"[0.04275364 0.05270811 0.12545562 0.03041672 0.06479848 0.03098583
 0.01500292 0.03414082 0.036824   0.08837761 0.58866703 0.15198491
 0.01889369 0.09006362 0.07060536 0.04458172 0.05788265 0.32345668
 0.11802934 0.3365919  0.06230722 0.05550042 0.0738122  0.84179276]"|[0.08704565 0.03910929 0.02553634 0.09141491]|2021/2022|True|True
0|3610309|2022-05-22|38|Norwich City|Tottenham Hotspur|0.0|5.0|0.45|3.53|"[0.05663239 0.06599276 0.03652133 0.01542531 0.02059585 0.17806716
 0.01961016 0.04767726 0.01430077]"|"[0.03928709 0.21329777 0.11471815 0.05551863 0.07355273 0.18027115
 0.24512508 0.08229398 0.03329969 0.05460738 0.12940925 0.71839857
 0.40492815 0.67706913 0.03099765 0.43459022 0.26587552 0.01867203
 0.0506537 ]"|2021/2022|True|True
0|3411352|2020-09-12|1|Fulham|Arsenal|0.0|3.0|0.15|1.97|[0.02737126 0.04549942 0.02825916 0.03310128 0.01446151]|"[0.06018306 0.73660258 0.84462152 0.08786925 0.04429093 0.13076271
 0.09155173 0.30990928 0.05305504 0.0631076  0.03306877 0.08820035
 0.05108309]"|2020/2021|True|True
0|3411351|2020-09-12|1|Crystal Palace|Southampton|1.0|0.0|1.11|0.89|[0.4388 0.1515 0.0565 0.0535 0.4096]|[0.0691 0.0356 0.0685 0.2193 0.0706 0.0597 0.0552 0.0633 0.2537]|2020/2021|True|True
0|3411353|2020-09-12|1|Liverpool|Leeds United|4.0|3.0|2.76|0.32|"[0.0578 0.7884 0.0519 0.1337 0.0249 0.0743 0.0621 0.055  0.0616 0.0881
 0.0823 0.0316 0.0429 0.0521 0.0543 0.0488 0.0534 0.0729 0.0322 0.0311
 0.0723 0.7884]"|[0.0702 0.0552 0.0267 0.0668 0.0461 0.0518]|2020/2021|True|True
0|3411356|2020-09-12|1|West Ham United|Newcastle United|0.0|2.0|1.09|1.57|"[0.054  0.0855 0.0626 0.0313 0.0433 0.0861 0.0903 0.0294 0.3049 0.1333
 0.0271 0.0198 0.0256 0.0594 0.0399]"|"[0.0406 0.0608 0.0669 0.049  0.0294 0.0912 0.1124 0.0444 0.0273 0.7649
 0.0297 0.0296 0.0577 0.0684 0.1018]"|2020/2021|True|True
0|3411355|2020-09-13|1|West Bromwich Albion|Leicester City|0.0|3.0|0.42|2.83|[0.1196 0.0881 0.0287 0.0335 0.0459 0.0736 0.0259]|"[0.3556 0.0508 0.0538 0.0575 0.0813 0.0526 0.4591 0.0462 0.0309 0.0513
 0.7884 0.038  0.7884]"|2020/2021|True|True
0|3411354|2020-09-13|1|Tottenham Hotspur|Everton|0.0|1.0|1.13|1.2|[0.0262 0.0417 0.3611 0.0509 0.3327 0.0445 0.1068 0.1014 0.0604]|"[0.2967 0.0238 0.0428 0.0388 0.027  0.0372 0.0977 0.2474 0.0631 0.1156
 0.0338 0.0423 0.0465 0.0288 0.06  ]"|2020/2021|True|True
0|3411358|2020-09-14|1|Sheffield United|Wolverhampton Wanderers|0.0|2.0|1.04|1.4|[0.0376 0.0598 0.0425 0.0467 0.6765 0.0312 0.0375 0.0635 0.0431]|"[0.2937 0.0502 0.0521 0.0447 0.0654 0.3364 0.5624 0.0262 0.0333 0.0742
 0.0499]"|2020/2021|True|True
0|3411357|2020-09-14|1|Brighton & Hove Albion|Chelsea|1.0|3.0|1.05|1.22|"[0.0219 0.0286 0.0593 0.3894 0.03   0.0445 0.0203 0.099  0.0637 0.0508
 0.026  0.1899 0.0324]"|[0.0399 0.7884 0.0802 0.0392 0.0163 0.0268 0.0677 0.0521 0.0902 0.0216]|2020/2021|True|True
0|3411362|2020-09-19|2|Everton|West Bromwich Albion|5.0|2.0|3.97|0.34|"[0.1443 0.0746 0.2773 0.2635 0.0241 0.0618 0.1973 0.0914 0.9557 0.0328
 0.0993 0.5391 0.9732 0.072  0.0957 0.0467 0.0703]"|[0.0529 0.0402 0.0537 0.0272 0.1009 0.064 ]|2020/2021|True|True
0|3411363|2020-09-19|2|Leeds United|Fulham|4.0|3.0|1.37|1.74|[0.041  0.0573 0.7884 0.0612 0.0945 0.1171 0.0539 0.0415 0.0445 0.0739]|"[0.0466 0.0543 0.0187 0.0258 0.7884 0.0237 0.0299 0.2138 0.0557 0.2994
 0.0397 0.0621 0.0515 0.0284]"|2020/2021|True|True
0|3411365|2020-09-19|2|Manchester United|Crystal Palace|1.0|3.0|1.23|1.66|"[0.0238 0.0343 0.0333 0.0349 0.0345 0.0367 0.0464 0.087  0.028  0.2431
 0.0305 0.0625 0.1257 0.027  0.3445 0.0255 0.0142]"|"[0.2633 0.0272 0.0452 0.0613 0.067  0.0178 0.06   0.0564 0.0552 0.0501
 0.0759 0.7884 0.0581 0.0303]"|2020/2021|True|True
0|3411359|2020-09-19|2|Arsenal|West Ham United|2.0|1.0|1.11|2.08|[0.3318 0.0598 0.112  0.0551 0.4692 0.0338 0.0493]|"[0.0607 0.0518 0.5998 0.0218 0.5443 0.1027 0.0461 0.0726 0.0324 0.3985
 0.033  0.0577 0.0249 0.0423]"|2020/2021|True|True
0|3411367|2020-09-20|2|Southampton|Tottenham Hotspur|2.0|5.0|2.12|2.09|"[0.0975 0.7131 0.0986 0.0266 0.0372 0.0483 0.0668 0.0375 0.0253 0.0463
 0.0295 0.0496 0.0516 0.7884]"|[0.0776 0.4004 0.0115 0.2693 0.4919 0.0871 0.0488 0.6882 0.0475]|2020/2021|True|True
0|3411366|2020-09-20|2|Newcastle United|Brighton & Hove Albion|0.0|3.0|0.52|1.78|[0.024  0.0621 0.0383 0.3547 0.0163 0.0231]|"[0.7884 0.5127 0.0407 0.0292 0.0224 0.0541 0.0316 0.0297 0.025  0.0459
 0.0524 0.1077 0.0356]"|2020/2021|True|True
0|3411361|2020-09-20|2|Chelsea|Liverpool|0.0|2.0|0.93|2.12|[0.0361 0.025  0.7884 0.0347 0.0489]|"[0.0296 0.122  0.0559 0.0442 0.0471 0.0397 0.064  0.3122 0.4218 0.0413
 0.0524 0.0239 0.0167 0.0365 0.0245 0.0172 0.055  0.7606]"|2020/2021|True|True
0|3411364|2020-09-20|2|Leicester City|Burnley|4.0|2.0|1.22|1.39|"[0.0858 0.0365 0.0636 0.044  0.1034 0.0362 0.0728 0.0677 0.0944 0.069
 0.016  0.4375 0.0611 0.0357]"|"[0.078  0.0285 0.052  0.1532    nan 0.0268 0.0384 0.3213 0.0803 0.0836
 0.0468 0.0761 0.0506 0.0208 0.2509 0.0531 0.0311]"|2020/2021|True|True
0|3411360|2020-09-21|2|Aston Villa|Sheffield United|1.0|0.0|1.01|0.93|"[0.0421 0.041  0.034  0.0492 0.0173 0.052  0.2251 0.0298 0.0434 0.0929
 0.0403 0.0639 0.0327 0.0411 0.0476 0.0258 0.1006 0.0291]"|[0.7884 0.0314 0.045  0.0654]|2020/2021|True|True
0|3411368|2020-09-21|2|Wolverhampton Wanderers|Manchester City|1.0|3.0|0.56|1.9|[0.059  0.0317 0.0736 0.0422 0.1148 0.0866 0.0343 0.0395 0.0427 0.033 ]|"[0.0307 0.0606 0.7884 0.0454 0.3101 0.0496 0.2471 0.0182 0.1295 0.0556
 0.0475 0.0279 0.0289 0.0564]"|2020/2021|True|True
0|3411369|2020-09-26|3|Brighton & Hove Albion|Manchester United|2.0|3.0|2.55|1.55|"[0.0351 0.0396 0.0455 0.0384 0.0358 0.085  0.7884    nan 0.2662 0.0622
 0.2155 0.0349 0.0359 0.0547 0.0517 0.0168 0.087  0.1815 0.4789]"|[0.0518 0.0266 0.5132 0.0657 0.0528 0.0486 0.7884]|2020/2021|True|True
0|3411371|2020-09-26|3|Crystal Palace|Everton|1.0|2.0|0.43|1.94|[0.0689 0.1211 0.0138 0.044  0.0236 0.0949 0.0386 0.0203]|[0.1093 0.3839 0.0221 0.7884 0.1079 0.2595 0.0996 0.0615 0.0825 0.0224]|2020/2021|True|True
0|3411377|2020-09-26|3|West Bromwich Albion|Chelsea|3.0|3.0|0.58|2.04|[0.0579 0.0428 0.2555 0.0783 0.0349 0.0205 0.0316 0.0375 0.0183]|"[0.0252 0.0268 0.3109 0.3263 0.0991 0.0854 0.0354 0.0261 0.0712 0.0636
 0.0251 0.0249 0.0627 0.0315 0.0584 0.0336 0.0808 0.0262 0.0256 0.0428
 0.0394 0.5391]"|2020/2021|True|True
0|3411370|2020-09-26|3|Burnley|Southampton|0.0|1.0|0.5|0.63|[0.0408 0.0664 0.0683 0.0634 0.0706 0.0324 0.0174 0.0686 0.0206 0.0476]|[0.3867 0.0409 0.1338 0.0299 0.0425]|2020/2021|True|True
0|3411375|2020-09-27|3|Sheffield United|Leeds United|0.0|1.0|1.4|1.17|"[0.061  0.0308 0.0493 0.3489 0.0568 0.0487 0.0351 0.061  0.0707 0.0283
 0.0455 0.0402 0.4665 0.0543]"|"[0.0315 0.1081 0.0298 0.0497 0.0376 0.0706 0.0311 0.0573 0.1821 0.0229
 0.0464 0.0319 0.0368 0.0444 0.051  0.0228 0.317 ]"|2020/2021|True|True
0|3411376|2020-09-27|3|Tottenham Hotspur|Newcastle United|1.0|1.0|2.95|1.01|"[0.0713 0.2346 0.7095 0.2896 0.0716 0.61   0.0187 0.0306 0.1097 0.0747
 0.0424 0.0344 0.0809 0.0458 0.0244 0.066  0.0784 0.0293 0.0575 0.2382
 0.0371 0.0961 0.1212]"|[0.0323 0.0523 0.0394 0.0672 0.035  0.7884]|2020/2021|True|True
0|3411374|2020-09-27|3|Manchester City|Leicester City|2.0|5.0|0.87|2.85|"[0.028  0.0306 0.0316 0.053  0.1504 0.0374 0.0312 0.0208 0.0454 0.0628
 0.0215 0.0322 0.1468 0.1062 0.0445 0.0283]"|[0.7884 0.3758 0.046  0.7884 0.0421 0.0239 0.7884]|2020/2021|True|True
0|3411378|2020-09-27|3|West Ham United|Wolverhampton Wanderers|4.0|0.0|2.36|0.46|"[0.0528 0.04   0.0642 0.0947 0.0568 0.0724 0.0473 0.391  0.1678 0.0322
 0.5918 0.5837 0.0735 0.0448 0.0816]"|"[0.0774 0.0283 0.0297 0.0435 0.0577 0.0356    nan 0.0528 0.0267 0.0581
 0.0156 0.0315]"|2020/2021|True|True
0|3411372|2020-09-28|3|Fulham|Aston Villa|0.0|3.0|0.72|1.42|"[0.0348 0.0515 0.0508 0.0335 0.0536 0.0289 0.0769 0.0691 0.0613 0.0571
 0.0443 0.0294 0.0267 0.0323 0.044  0.0255]"|"[0.0285 0.3118 0.4193 0.0384 0.0246 0.1572 0.1571 0.0394 0.0532 0.0504
 0.045  0.0964]"|2020/2021|True|True
0|3411373|2020-09-28|3|Liverpool|Arsenal|3.0|1.0|2.71|1.26|"[0.0602 0.0322 0.0524 0.2984 0.0164 0.0231 0.0561 0.0528 0.8284 0.5643
 0.025  0.0531 0.0451 0.0236 0.0799 0.0297 0.0567 0.0402 0.0329 0.3321
 0.051 ]"|[0.4703 0.0396 0.3551 0.3983]|2020/2021|True|True
0|3411381|2020-10-03|4|Chelsea|Crystal Palace|4.0|0.0|2.68|0.15|"[0.0936 0.0339 0.097  0.0728 0.0589 0.0333 0.0972 0.0276 0.0528 0.0844
 0.0803 0.0296 0.029  0.0713 0.2423 0.7884 0.7884]"|[0.026  0.0586 0.0282 0.0386]|2020/2021|True|True
0|3411382|2020-10-03|4|Everton|Brighton & Hove Albion|4.0|2.0|1.6|1.35|"[0.0588 0.0284 0.0282 0.0627 0.1487 0.0281 0.3146 0.0763 0.3877 0.0216
 0.447 ]"|"[0.0522 0.7684 0.059  0.179  0.0233 0.0422 0.0457 0.0743 0.0876 0.0295
 0.0261]"|2020/2021|True|True
0|3411383|2020-10-03|4|Leeds United|Manchester City|1.0|1.0|2.43|1.21|"[0.2363 0.0556 0.4411 0.5261 0.0847 0.0579 0.4197 0.0283 0.0562 0.0584
 0.2455 0.2229]"|"[0.026  0.0303 0.0326 0.0413 0.0697 0.0363 0.1377 0.0523 0.0571 0.0501
 0.0563 0.0407 0.0639 0.0307 0.0441 0.0423 0.0415 0.075  0.0262 0.037
 0.1069 0.0357 0.0767]"|2020/2021|True|True
0|3411386|2020-10-03|4|Newcastle United|Burnley|3.0|1.0|1.83|0.43|[0.0537 0.2412 0.0435 0.0549 0.0303 0.5303 0.029  0.7884 0.0232 0.0314]|[0.0979 0.0545 0.0363 0.0888 0.0462 0.0376 0.0712]|2020/2021|True|True
0|3411384|2020-10-04|4|Leicester City|West Ham United|0.0|3.0|0.57|2.01|[0.0243 0.0601 0.0733 0.4104]|"[0.251  0.0377 0.0666 0.0503 0.2566 0.0511 0.0698 0.1312 0.0539 0.0649
 0.0269 0.0881 0.3201 0.5427]"|2020/2021|True|True
0|3411387|2020-10-04|4|Southampton|West Bromwich Albion|2.0|0.0|1.23|0.19|"[0.0732 0.0535 0.6417 0.0144 0.041  0.0566 0.0328 0.0228 0.0578 0.0572
 0.054  0.1009 0.0253]"|[0.0293 0.043  0.0517 0.0383 0.0248]|2020/2021|True|True
0|3411379|2020-10-04|4|Arsenal|Sheffield United|2.0|1.0|0.56|0.19|[0.04   0.0645 0.0258 0.0514 0.3226 0.0521]|[0.0262 0.0246 0.0363 0.0239 0.0333 0.0487]|2020/2021|True|True
0|3411388|2020-10-04|4|Wolverhampton Wanderers|Fulham|1.0|0.0|1.25|0.89|"[0.0482 0.0359 0.3723 0.0902 0.0475 0.0427 0.3464 0.0453 0.0527 0.0483
 0.0164 0.0444 0.0314 0.0583]"|[0.0419 0.0733 0.0674 0.0476 0.4641 0.0237 0.0568 0.062  0.0164 0.0358]|2020/2021|True|True
0|3411385|2020-10-04|4|Manchester United|Tottenham Hotspur|1.0|6.0|0.95|3.51|[0.7884 0.0286 0.0413 0.0283 0.0594]|"[0.4997 0.1017 0.0673 0.0298 0.0922 0.0756 0.0365 0.1025 0.3719 0.0106
 0.3362 0.3384 0.0776 0.0416 0.2436 0.0297 0.0373 0.0844 0.0844 0.0238
 0.7884 0.0371]"|2020/2021|True|True
0|3411380|2020-10-04|4|Aston Villa|Liverpool|7.0|2.0|2.7|1.78|"[0.3602 0.36   0.0688 0.0788 0.0449 0.0176 0.4281 0.0278 0.0271 0.0293
 0.0415 0.4932 0.2915 0.0287 0.278  0.0529 0.049  0.0365]"|"[0.06   0.4548 0.0683 0.0947 0.0313 0.0305 0.0318 0.3003 0.2221 0.2485
 0.0659 0.0586 0.0445 0.065 ]"|2020/2021|True|True
0|3411391|2020-10-17|5|Everton|Liverpool|2.0|2.0|1.23|2.65|"[0.0655 0.0501 0.0441 0.1748 0.0834 0.0306 0.0254 0.4008 0.0262 0.0386
 0.2923]"|"[0.3939 0.3026 0.0596 0.0551 0.0476 0.0924 0.0382 0.2549 0.0964 0.0756
 0.0442 0.246  0.0259 0.0307 0.0486 0.0599 0.066  0.034  0.3722 0.0786
 0.3194 0.0599]"|2020/2021|True|True
0|3411389|2020-10-17|5|Chelsea|Southampton|3.0|3.0|1.76|1.88|"[0.0561 0.0359 0.0486 0.0725 0.0545 0.0624 0.1985 0.7129 0.0366 0.3972
 0.0844]"|"[0.0381 0.0617 0.0281 0.7023 0.0515 0.0365 0.6588 0.0287 0.0517 0.0652
 0.0409 0.0859 0.0346]"|2020/2021|True|True
0|3411394|2020-10-17|5|Manchester City|Arsenal|1.0|0.0|1.3|0.9|"[0.0299 0.0702 0.025  0.0277 0.2379 0.3129 0.055  0.1277 0.0383 0.3693
 0.0348 0.0173 0.0378]"|"[0.0522 0.0267 0.0347 0.4383 0.0627 0.029  0.0722 0.0139 0.0279 0.0645
 0.0754]"|2020/2021|True|True
0|3411395|2020-10-17|5|Newcastle United|Manchester United|1.0|4.0|0.85|2.29|[0.0708 0.0225 0.057  0.5897 0.0537 0.0277 0.0305]|"[   nan 0.0271 0.0204 0.039  0.079  0.0214 0.0413 0.0518 0.0704 0.0288
 0.0702 0.0761 0.0271 0.0516 0.0423 0.0461 0.7884 0.034  0.0468 0.0298
 0.0417 0.0593 0.0476 0.0392 0.0264 0.1004 0.0627 0.032  0.286 ]"|2020/2021|True|True
0|3411396|2020-10-18|5|Sheffield United|Fulham|1.0|1.0|1.65|1.49|[0.0274 0.0464 0.0499 0.0753 0.2535 0.0262 0.3071 0.0277 0.0508 0.7884]|"[0.0316 0.0225 0.0455 0.0858 0.0828 0.0275 0.7884 0.0538 0.0604 0.0773
 0.0334 0.0471 0.0324 0.0529 0.0531]"|2020/2021|True|True
0|3411390|2020-10-18|5|Crystal Palace|Brighton & Hove Albion|1.0|1.0|0.79|1.75|[0.7884]|"[0.0347 0.0992 0.0323 0.0405 0.0262 0.084  0.1138 0.0319 0.1413 0.0594
 0.0529 0.0188 0.065  0.0216 0.0463 0.0309 0.638  0.0473 0.0873 0.0788]"|2020/2021|True|True
0|3411397|2020-10-18|5|Tottenham Hotspur|West Ham United|3.0|3.0|1.69|1.9|"[0.0539 0.0537 0.3961 0.5911 0.0356 0.029  0.0313 0.0408 0.0463 0.0317
    nan 0.3829]"|"[0.0525 0.0543 0.5778 0.0478 0.0726 0.0376 0.043  0.7367 0.0436 0.0667
 0.0737 0.0763 0.0221]"|2020/2021|True|True
0|3411393|2020-10-18|5|Leicester City|Aston Villa|0.0|1.0|0.61|0.73|"[0.026  0.0557 0.0288 0.0911 0.0261 0.0718 0.0999 0.0509 0.0612 0.0612
 0.0387]"|[0.093  0.0684 0.018  0.1957 0.026  0.0653 0.0186 0.1664 0.0498 0.0275]|2020/2021|True|True
0|3411398|2020-10-19|5|West Bromwich Albion|Burnley|0.0|0.0|0.83|1.09|"[0.0262 0.0717 0.0253 0.026  0.0255 0.145  0.0319 0.1252 0.0188 0.0595
 0.1766 0.099  0.0168]"|[0.0209 0.0847 0.1177 0.051  0.0595 0.2721 0.0512 0.0451 0.408 ]|2020/2021|True|True
0|3411392|2020-10-19|5|Leeds United|Wolverhampton Wanderers|0.0|1.0|1.06|0.43|"[0.0393 0.0416 0.0761 0.0533 0.0541 0.0515 0.324  0.0403 0.0531 0.0329
 0.0718 0.1008 0.118 ]"|[0.1202 0.0963 0.0344 0.0367 0.0433 0.0339 0.0692]|2020/2021|True|True
0|3411400|2020-10-23|6|Aston Villa|Leeds United|0.0|3.0|1.45|2.75|"[0.0281 0.1353 0.2585 0.0242 0.0488 0.475  0.0826 0.0343 0.0737 0.0264
 0.2391 0.0281]"|"[0.0388 0.1564 0.1131 0.0171 0.0442 0.0447 0.1059 0.1675 0.031  0.07
 0.0402 0.0392 0.0465 0.0499 0.7686 0.0259 0.099  0.041  0.0282 0.0649
 0.1399 0.0646 0.0671 0.3158 0.0767 0.0634 0.0673]"|2020/2021|True|True
0|3411407|2020-10-24|6|West Ham United|Manchester City|1.0|1.0|0.28|0.98|[0.0897 0.0449 0.0222 0.0336 0.0276 0.0596]|"[0.0308 0.0399 0.076  0.0239 0.0767 0.0293 0.0997 0.0389 0.023  0.0184
 0.0728 0.3352 0.0265 0.0887]"|2020/2021|True|True
0|3411403|2020-10-24|6|Fulham|Crystal Palace|1.0|2.0|1.07|2.56|"[0.0178 0.054  0.0605 0.0607 0.0266 0.0533 0.3735 0.0809 0.0848 0.0367
 0.0529 0.0252 0.0273 0.0419 0.0655 0.0263]"|"[0.0585 0.3175 0.0768 0.0751 0.2482 0.1509 0.082  0.7287 0.0576 0.0511
 0.0261 0.0494 0.5835 0.1287]"|2020/2021|True|True
0|3411405|2020-10-24|6|Manchester United|Chelsea|0.0|0.0|0.66|0.22|"[0.0335 0.0326 0.0194 0.0283 0.0465 0.0567 0.049  0.0276 0.0478 0.0562
 0.0539 0.0497 0.1186 0.0382]"|[0.0188 0.0358 0.053  0.0513 0.0377 0.0188]|2020/2021|True|True
0|3411404|2020-10-24|6|Liverpool|Sheffield United|2.0|1.0|2.29|1.57|"[0.0271 0.0107 0.0437 0.0577 0.0352 0.287  0.8381 0.238  0.0251 0.0469
 0.2549 0.0418 0.0424 0.4613 0.0453 0.0311 0.0396]"|"[0.7884 0.2688 0.0451 0.0566 0.069  0.06   0.0494 0.0572 0.0266 0.0445
 0.0276 0.0359 0.0425]"|2020/2021|True|True
0|3411406|2020-10-25|6|Southampton|Everton|2.0|0.0|0.66|0.36|"[0.0758 0.1064 0.0457 0.0265 0.0653 0.0581 0.0509 0.0376 0.0629 0.0534
 0.0261 0.0273 0.027 ]"|[0.0144 0.0453 0.0678 0.0284 0.0433 0.1653]|2020/2021|True|True
0|3411408|2020-10-25|6|Wolverhampton Wanderers|Newcastle United|1.0|1.0|0.7|0.27|"[0.03   0.0274 0.0487 0.0962 0.0282 0.0757 0.0265 0.0727 0.0251 0.02
 0.0282 0.066  0.0443 0.0431 0.0425 0.0276]"|[0.0459 0.0274 0.0893 0.0266 0.0759]|2020/2021|True|True
0|3411399|2020-10-25|6|Arsenal|Leicester City|0.0|1.0|0.72|0.71|"[0.0496 0.0685 0.0322 0.1088 0.0618 0.0579 0.0475 0.0574 0.1119 0.0301
 0.0372 0.0599]"|[0.0157 0.0117 0.0272 0.0513 0.3139 0.2937]|2020/2021|True|True
0|3411401|2020-10-26|6|Brighton & Hove Albion|West Bromwich Albion|1.0|1.0|0.5|0.35|[0.3382 0.0256 0.0401 0.0731 0.0245]|[0.0272 0.0464 0.0324    nan 0.0355 0.0551 0.0323 0.0292 0.0659 0.0309]|2020/2021|True|True
0|3411402|2020-10-26|6|Burnley|Tottenham Hotspur|0.0|1.0|1.01|0.6|"[0.0257 0.0678 0.0265 0.0298 0.0303 0.0261 0.0562 0.3218 0.044  0.0732
 0.2347 0.0272 0.044 ]"|[0.063  0.0462 0.0326 0.0715 0.0813 0.04   0.1602 0.0451 0.0641]|2020/2021|True|True
0|3411418|2020-10-30|7|Wolverhampton Wanderers|Crystal Palace|2.0|0.0|1.28|0.66|"[0.0486 0.0679 0.0331 0.0718 0.0192 0.0417 0.0248 0.0296 0.3383 0.0171
 0.0245 0.3888 0.0716 0.0413 0.0617]"|"[0.0449 0.0312 0.1041 0.0245 0.0238 0.0471 0.0336 0.0559 0.0723 0.1479
 0.0711]"|2020/2021|True|True
0|3411416|2020-10-31|7|Sheffield United|Manchester City|0.0|1.0|0.49|1.64|[0.0401 0.09   0.355 ]|"[0.0544 0.0312 0.172  0.0216 0.7114 0.0511 0.0284 0.0821 0.0569 0.0784
 0.0414 0.1012 0.0472 0.0643 0.0623 0.0325]"|2020/2021|True|True
0|3411410|2020-10-31|7|Burnley|Chelsea|0.0|3.0|0.5|0.88|[0.3768 0.0272 0.0305 0.0399 0.0283]|"[0.0425 0.0423 0.0169 0.0622 0.0462 0.0256 0.101  0.0535 0.0338 0.095
 0.2467 0.034  0.0355 0.0492]"|2020/2021|True|True
0|3411413|2020-10-31|7|Liverpool|West Ham United|2.0|1.0|1.65|0.25|[0.0463 0.0555 0.09   0.7884 0.0308 0.1218 0.0508 0.0694 0.4003]|[0.0583 0.0849 0.059  0.0518]|2020/2021|True|True
0|3411409|2020-11-01|7|Aston Villa|Southampton|3.0|4.0|1.96|0.73|"[0.0509 0.0707 0.0334 0.0421 0.0415 0.1935 0.1263 0.0496 0.0655 0.0338
 0.0523 0.0365 0.0676 0.0391 0.0262 0.1065 0.7884 0.1048 0.0276]"|[0.1147 0.0522 0.0382 0.141  0.0882 0.1437 0.0627 0.0321 0.0525]|2020/2021|True|True
0|3411415|2020-11-01|7|Newcastle United|Everton|2.0|1.0|2.97|1.46|"[0.0403 0.4788 0.0383 0.067  0.0421 0.7884 0.4717 0.0287 0.0383 0.0161
 0.9613]"|"[0.0619 0.0466 0.0241 0.0324 0.138  0.0216 0.1107 0.0253 0.0644 0.0583
 0.0319 0.096  0.033  0.6617 0.0564]"|2020/2021|True|True
0|3411414|2020-11-01|7|Manchester United|Arsenal|0.0|1.0|0.4|1.04|[0.071  0.023  0.0473 0.1328 0.0234 0.0327 0.032  0.0343]|[0.0151 0.0593 0.049  0.0563 0.0384 0.0344 0.7884]|2020/2021|True|True
0|3411417|2020-11-01|7|Tottenham Hotspur|Brighton & Hove Albion|2.0|1.0|1.75|0.3|[0.0441 0.7884 0.0294 0.0772 0.0244 0.4246 0.0951 0.2217 0.0401]|[0.0249 0.0321 0.0699 0.0462 0.0851 0.0455]|2020/2021|True|True
0|3411411|2020-11-02|7|Fulham|West Bromwich Albion|2.0|0.0|1.45|0.49|"[0.0527 0.0299 0.025  0.6275 0.0339 0.0302 0.0404 0.0189 0.0575 0.052
 0.0228 0.4264 0.0461]"|[0.0371 0.0541 0.056  0.0591 0.0299 0.0514 0.0692 0.0126 0.0666 0.0541]|2020/2021|True|True
0|3411412|2020-11-02|7|Leeds United|Leicester City|1.0|4.0|2.13|2.86|"[0.5583 0.0825 0.5872 0.0098 0.0262 0.0211 0.1408 0.0281 0.0251 0.0519
 0.5943]"|[0.3415 0.0472 0.0528 0.563  0.0423 0.0372 0.0366 0.6291 0.3524 0.7884]|2020/2021|True|True
0|3411420|2020-11-06|8|Brighton & Hove Albion|Burnley|0.0|0.0|1.47|0.46|"[0.3223 0.0329 0.0292 0.0354 0.0412 0.0459 0.2653 0.1231 0.0241 0.0497
 0.0457 0.0521 0.0735 0.0292 0.0592 0.0457 0.0894 0.0687 0.0404]"|[0.0626 0.124  0.0612 0.2101]|2020/2021|True|True
0|3411426|2020-11-06|8|Southampton|Newcastle United|2.0|0.0|0.74|0.32|"[0.0283 0.078  0.0404 0.0482 0.0293 0.0567 0.0454 0.0692 0.0433 0.029
 0.1192 0.028  0.0402 0.0568 0.032 ]"|[0.1282 0.0606 0.0833 0.045 ]|2020/2021|True|True
0|3411423|2020-11-07|8|Everton|Manchester United|1.0|3.0|0.4|1.54|[0.0597 0.0479 0.0491 0.068  0.0306 0.0684 0.0734]|"[0.0215 0.0761 0.0528 0.035  0.0324 0.1982 0.0413 0.0323 0.2568 0.3416
 0.0577 0.0391 0.3567]"|2020/2021|True|True
0|3411422|2020-11-07|8|Crystal Palace|Leeds United|4.0|1.0|0.88|0.85|[0.025  0.0458 0.059  0.0788 0.0457 0.0489 0.0284 0.263  0.2295 0.0515]|[0.0575 0.2892    nan 0.1409 0.0603 0.0405 0.031  0.0213 0.1508 0.0557]|2020/2021|True|True
0|3411421|2020-11-07|8|Chelsea|Sheffield United|4.0|1.0|2.22|0.43|"[0.0745 0.0692 0.0408 0.0474 0.0891 0.1205 0.2809 0.0569 0.0163 0.0407
 0.0297 0.1188 0.0299 0.0599 0.0343 0.0481 0.2945 0.4513 0.2727 0.049 ]"|[0.0545 0.0441 0.2385 0.0261 0.0301 0.0406]|2020/2021|True|True
0|3411428|2020-11-07|8|West Ham United|Fulham|1.0|0.0|1.31|1.78|"[0.319  0.0268 0.0644 0.0195 0.2036 0.0501 0.0249 0.0466 0.1548 0.0157
 0.0303 0.0436 0.0601 0.0721 0.1082 0.0894]"|"[0.081  0.023  0.4142 0.0283 0.0757 0.0256 0.0293 0.0963 0.0739 0.0485
 0.034  0.0635 0.7884]"|2020/2021|True|True
0|3411427|2020-11-08|8|West Bromwich Albion|Tottenham Hotspur|0.0|1.0|0.81|1.9|"[0.0474 0.0898 0.2695 0.0288 0.0369 0.0266 0.0498 0.038  0.0269 0.0345
 0.0744 0.0915]"|"[0.3228 0.0338 0.0972 0.1248 0.0406 0.0224 0.0222 0.0454 0.0342 0.0493
 0.4878 0.0989 0.0373 0.0277 0.0312 0.0267 0.0585 0.3016 0.0411]"|2020/2021|True|True
0|3411424|2020-11-08|8|Leicester City|Wolverhampton Wanderers|1.0|0.0|1.96|0.83|[0.7884 0.0278 0.7884 0.0501 0.017  0.0269 0.0639 0.0847 0.0963 0.0177]|[0.021  0.0298 0.0812 0.1326 0.1904 0.0509 0.2791 0.0447]|2020/2021|True|True
0|3411425|2020-11-08|8|Manchester City|Liverpool|1.0|1.0|1.42|1.21|[0.0437 0.1072 0.028  0.7884 0.3882 0.0293 0.0325]|[0.0289 0.7884 0.029  0.0419 0.0564 0.0691 0.0351 0.0657 0.0476 0.043 ]|2020/2021|True|True
0|3411419|2020-11-08|8|Arsenal|Aston Villa|0.0|3.0|1.47|1.81|"[0.5709 0.0642 0.0276    nan 0.0383 0.2241 0.0783 0.0255 0.119  0.0445
 0.0678 0.0325 0.1558 0.0209]"|"[0.0384 0.061  0.0421 0.0607 0.0455 0.0715 0.0291 0.0992 0.0855 0.7055
 0.0765 0.0631 0.3452 0.0461 0.0419]"|2020/2021|True|True
0|3411435|2020-11-21|9|Newcastle United|Chelsea|0.0|2.0|0.35|1.46|[   nan 0.0383 0.0288 0.1121 0.0406 0.0153 0.0325 0.0657 0.0161]|"[0.0462 0.0315 0.0521 0.0612 0.2993 0.0476 0.0241 0.0242 0.0681 0.051
 0.4231 0.2411 0.0615 0.0337]"|2020/2021|True|True
0|3411429|2020-11-21|9|Aston Villa|Brighton & Hove Albion|1.0|2.0|1.7|1.43|"[0.0264 0.0485 0.3798 0.5129 0.0329 0.0276 0.0295 0.0389 0.2264 0.0264
 0.1926 0.0161 0.0302 0.0537 0.0534]"|[0.3332 0.3089 0.0965 0.0555 0.1094 0.1867 0.3401]|2020/2021|True|True
0|3411437|2020-11-21|9|Tottenham Hotspur|Manchester City|2.0|0.0|0.71|1.47|[0.2744 0.0452 0.3296 0.0581]|"[0.0251 0.0447 0.121  0.0838 0.0747 0.0316 0.0776 0.0813 0.067  0.0659
 0.0278 0.0321 0.0297 0.0277 0.0933 0.0551 0.0518 0.0563 0.2178 0.0413
 0.1447 0.0181]"|2020/2021|True|True
0|3411434|2020-11-21|9|Manchester United|West Bromwich Albion|1.0|0.0|2.39|0.64|"[0.0982 0.3654 0.0364 0.0996 0.0247 0.0253 0.7884 0.0263 0.4468 0.0185
 0.0604 0.0775 0.0256 0.119  0.0675 0.0314 0.0781]"|[0.0534 0.0747 0.0391 0.1021 0.3069 0.0291 0.0341]|2020/2021|True|True
0|3411431|2020-11-22|9|Fulham|Everton|2.0|3.0|1.94|2.02|"[0.1221 0.2855 0.0278 0.0282 0.0432 0.0722 0.0293 0.0283 0.7884 0.369
 0.0335 0.0514 0.0353 0.0288]"|[0.7777 0.0721 0.0403 0.427  0.4245 0.1123 0.0664 0.0883 0.0161]|2020/2021|True|True
0|3411436|2020-11-22|9|Sheffield United|West Ham United|0.0|1.0|0.89|2.16|[0.0553 0.3506 0.0318 0.0568 0.0449 0.0246 0.0267 0.2505 0.0635]|"[0.0397 0.0539 0.0335 0.4803 0.095  0.0925 0.2355 0.0428 0.0445 0.0726
 0.0973 0.5781 0.1031 0.0853 0.104 ]"|2020/2021|True|True
0|3411432|2020-11-22|9|Leeds United|Arsenal|0.0|0.0|1.82|0.85|"[0.03   0.4423 0.0287 0.0262 0.0436 0.0662 0.0307 0.0698 0.0527 0.0549
 0.0243 0.0929 0.0561 0.0389 0.0551 0.0463 0.088  0.0247 0.0507 0.0471
 0.2329 0.041  0.0552 0.0547 0.0739]"|[0.0278 0.1085 0.0462 0.0569 0.0271 0.0814 0.064  0.0482 0.3883]|2020/2021|True|True
0|3411433|2020-11-22|9|Liverpool|Leicester City|3.0|0.0|3.27|1.57|"[0.0575 0.0779 0.0584 0.0204 0.0469 0.0361 0.1518 0.3259 0.0671 0.217
 0.3181 0.0391 0.2272 0.0583 0.3578 0.195  0.0615 0.4252 0.6752 0.0792
 0.0833 0.0661 0.0455 0.0336]"|"[   nan 0.3638 0.0309 0.0263 0.0476 0.4812 0.6324 0.0292 0.0499 0.0885
 0.0643 0.0593]"|2020/2021|True|True
0|3411430|2020-11-23|9|Burnley|Crystal Palace|1.0|0.0|1.45|1.57|[0.0362 0.3891 0.023  0.2526 0.2238 0.0458 0.055  0.0292 0.3666 0.0332]|"[0.0265 0.0306 0.0939 0.027  0.0251 0.2307 0.0323 0.0555 0.0446 0.0154
 0.076  0.0318 0.0325 0.7114 0.1413]"|2020/2021|True|True
0|3411438|2020-11-23|9|Wolverhampton Wanderers|Southampton|1.0|1.0|1.55|1.01|"[0.0852 0.0208 0.0848 0.0679 0.1615 0.04   0.0246 0.0306 0.0239 0.0598
 0.0598 0.0542 0.0385 0.068  0.0593 0.1243 0.0442 0.4299 0.0532 0.0438]"|[0.0818 0.0249 0.0464 0.1094 0.0564 0.3786 0.3096]|2020/2021|True|True
0|3411442|2020-11-27|10|Crystal Palace|Newcastle United|0.0|2.0|0.61|1.29|"[0.0252 0.0521 0.0498 0.0625 0.0629 0.0598 0.0204 0.0346 0.0571 0.0508
 0.0549 0.076 ]"|"[0.0619 0.031  0.0562 0.0307 0.0274 0.0525 0.0566 0.0432 0.2224 0.0364
 0.0376 0.4271 0.1347 0.0741]"|2020/2021|True|True
0|3411440|2020-11-28|10|Brighton & Hove Albion|Liverpool|1.0|1.0|2.28|0.24|"[0.2831 0.7884 0.069  0.0276 0.0486 0.0715 0.0731 0.0234 0.7884 0.0415
 0.0665]"|[0.06   0.0305 0.0243 0.0332 0.0648 0.0285]|2020/2021|True|True
0|3411445|2020-11-28|10|Manchester City|Burnley|5.0|0.0|1.7|0.49|"[0.0473 0.3139 0.0264 0.0257 0.1985 0.022  0.013  0.07   0.0582 0.0689
 0.0617 0.0416 0.0908 0.1132 0.3243 0.0508 0.0553 0.0539 0.0613]"|[0.0346 0.0324 0.0843 0.0209 0.0506 0.1627 0.0302 0.03   0.0435]|2020/2021|True|True
0|3411443|2020-11-28|10|Everton|Leeds United|0.0|1.0|1.22|3.21|"[0.3216 0.0242 0.0484 0.0477 0.1448 0.0457 0.0705 0.0428 0.0827 0.0274
 0.0768 0.1663 0.0304 0.0305 0.0629]"|"[0.0569 0.0415 0.4908 0.029  0.0446 0.0573 0.4445 0.0551 0.0921 0.2891
 0.0959 0.0253 0.0458 0.1281 0.0631 0.0558 0.0297 0.0505 0.0536 0.0267
 0.0369 0.4765 0.55  ]"|2020/2021|True|True
0|3411447|2020-11-28|10|West Bromwich Albion|Sheffield United|1.0|0.0|1.29|3.12|"[0.2445 0.0734 0.0263 0.0378 0.0309 0.05   0.1549 0.1618 0.0276 0.0318
 0.071  0.0198 0.0682 0.148  0.0195 0.0314 0.0899]"|"[0.0754 0.0438 0.3215 0.029  0.0434 0.0521 0.1159 0.0424 0.063  0.0283
 0.0585 0.0362 0.322  0.0652 0.3328 0.2587 0.0731 0.0255 0.314  0.7815
 0.0399]"|2020/2021|True|True
0|3411446|2020-11-29|10|Southampton|Manchester United|2.0|3.0|0.46|2.11|[0.0909 0.0425 0.08   0.0319 0.0351 0.0263 0.0483 0.0219 0.0231 0.0551]|"[0.2712 0.0245 0.0428 0.4239 0.0225 0.0477 0.4112 0.1329 0.3169 0.0602
 0.0205 0.1033 0.0204 0.0973 0.1298]"|2020/2021|True|True
0|3411441|2020-11-29|10|Chelsea|Tottenham Hotspur|0.0|0.0|0.83|0.19|"[0.0239 0.053  0.0361 0.0926 0.0244 0.0863 0.0975 0.1188 0.1109 0.0592
 0.0497 0.0283 0.0457]"|[0.069  0.0332 0.0115 0.0226 0.056 ]|2020/2021|True|True
0|3411439|2020-11-29|10|Arsenal|Wolverhampton Wanderers|1.0|2.0|1.53|1.78|"[0.0541 0.0477 0.0643 0.0909 0.3676 0.0753 0.1733 0.0411 0.0593 0.0381
 0.0231 0.4545 0.0398]"|"[0.4504 0.5181 0.0538 0.0948 0.0364 0.4251 0.111  0.0564 0.1786 0.0428
 0.0654]"|2020/2021|True|True
0|3411444|2020-11-30|10|Leicester City|Fulham|1.0|2.0|1.18|2.24|"[0.0239 0.0899 0.0275 0.222  0.0818 0.027  0.068  0.1525 0.0197 0.1347
 0.021  0.1089 0.0211 0.0564 0.0142 0.1174]"|[0.0651 0.0527 0.5409 0.7884 0.0715 0.0212 0.0558 0.121  0.2946 0.2275]|2020/2021|True|True
0|3411448|2020-11-30|10|West Ham United|Aston Villa|2.0|1.0|0.41|2.5|[0.0967 0.1044 0.0301 0.0354 0.1028 0.0417]|"[0.0435 0.0945 0.0893 0.0347 0.3767 0.0735 0.0585 0.0322 0.0503 0.6442
 0.0281 0.0398 0.0946 0.7884 0.0281 0.0269]"|2020/2021|True|True
0|3411451|2020-12-05|11|Burnley|Everton|1.0|1.0|0.79|2.38|[0.0283 0.0451 0.0297 0.4495 0.0389 0.0891 0.0693 0.0428]|"[0.0299 0.6512 0.0392 0.0156 0.0331 0.7037 0.0763 0.0602 0.0536 0.042
 0.0327 0.2311 0.4064]"|2020/2021|True|True
0|3411454|2020-12-05|11|Manchester City|Fulham|2.0|0.0|2.86|0.29|"[0.2811 0.0548 0.3656 0.0291 0.0697 0.023  0.7884 0.2852 0.0608 0.0781
 0.0551 0.4139 0.04   0.0939 0.2445]"|[0.0511 0.0969 0.0587 0.0199 0.0328 0.0285]|2020/2021|True|True
0|3411458|2020-12-05|11|West Ham United|Manchester United|1.0|3.0|2.08|1.67|"[0.0457 0.0658 0.4708 0.1653 0.0274 0.1027 0.0402 0.0917 0.4195 0.0774
 0.0405 0.0739 0.2741 0.0495 0.021  0.051  0.0195 0.0214 0.0275]"|"[0.0325 0.0439 0.0649 0.0198 0.0293 0.0771 0.1002 0.0284 0.0602 0.0458
 0.386  0.0627 0.4832 0.0404 0.191 ]"|2020/2021|True|True
0|3411452|2020-12-05|11|Chelsea|Leeds United|3.0|1.0|4.21|0.79|"[0.0484 0.0626 0.0282 0.0722 0.8918 0.0439 0.4152 0.0488 0.0538 0.3612
 0.0719 0.1161 0.2069 0.078  0.0314 0.5887 0.0252 0.3041 0.0743 0.0402
 0.0449 0.0514 0.6558]"|[0.3574 0.1301 0.0714 0.0456 0.0428 0.0399 0.0583 0.0422]|2020/2021|True|True
0|3411457|2020-12-06|11|West Bromwich Albion|Crystal Palace|1.0|5.0|0.66|1.67|[   nan 0.076  0.0584 0.0221 0.0323 0.0985 0.1634 0.0291 0.0258 0.1593]|"[0.0683 0.0511 0.0628 0.169  0.018  0.0439 0.0303 0.0707 0.0793 0.0283
 0.0442 0.2394 0.0284 0.0619 0.1367 0.0362 0.4278 0.0736]"|2020/2021|True|True
0|3411455|2020-12-06|11|Sheffield United|Leicester City|1.0|2.0|0.24|1.42|[0.1009 0.0589 0.0594 0.022 ]|"[0.0322 0.0584 0.0274 0.0601 0.5114 0.0489 0.05   0.0697 0.038  0.0858
 0.0597 0.025  0.3519]"|2020/2021|True|True
0|3411456|2020-12-06|11|Tottenham Hotspur|Arsenal|2.0|0.0|0.27|0.62|[0.0581 0.0262 0.026  0.0392 0.1175]|"[0.029  0.0278 0.0274 0.0856 0.0738 0.0516 0.0954 0.0511 0.0738 0.0649
 0.0433]"|2020/2021|True|True
0|3411453|2020-12-06|11|Liverpool|Wolverhampton Wanderers|4.0|0.0|1.2|0.4|"[0.0659 0.3797 0.0591 0.0606 0.0291 0.0561 0.0714 0.0719 0.3266 0.0398
 0.0406]"|[0.0531 0.013  0.0486 0.0579 0.0263 0.044     nan 0.05   0.0383 0.0692]|2020/2021|True|True
0|3411450|2020-12-07|11|Brighton & Hove Albion|Southampton|1.0|2.0|1.94|1.41|"[0.0673 0.0552 0.7884 0.0755 0.0915 0.0255 0.5323 0.0639 0.0536 0.0746
 0.0736 0.0418]"|[0.0336 0.0272 0.0473 0.039  0.0485 0.0364 0.0253 0.029  0.3385 0.7884]|2020/2021|True|True
0|3411463|2020-12-11|12|Leeds United|West Ham United|1.0|2.0|1.56|1.33|"[0.7884 0.0566 0.0949 0.0921 0.0646 0.0999 0.0146 0.0697 0.0382 0.0564
 0.0295 0.0176 0.1371]"|"[0.0792 0.0582 0.0923 0.0289 0.0267 0.0656 0.0303 0.1003 0.0581 0.0113
 0.033  0.0515 0.0304 0.0477 0.0719 0.1121 0.1693 0.1001 0.1631]"|2020/2021|True|True
0|3411468|2020-12-12|12|Wolverhampton Wanderers|Aston Villa|0.0|1.0|1.13|1.38|"[0.0555 0.0786 0.0283 0.1105 0.0402 0.0496 0.0624 0.0446 0.0499 0.0283
 0.0652 0.0601 0.0775 0.0301 0.2937 0.0613]"|"[0.0537 0.0477 0.1315 0.0263 0.0667 0.0181 0.0318 0.04   0.0359 0.0552
 0.0513 0.0318 0.7884]"|2020/2021|True|True
0|3411466|2020-12-12|12|Newcastle United|West Bromwich Albion|2.0|1.0|0.81|0.63|"[0.2951 0.0449 0.0233 0.0364 0.0438 0.0812 0.0144 0.0554 0.061  0.0731
 0.0266 0.0597]"|"[0.0177 0.0363 0.0416 0.1305 0.025  0.0236 0.0296 0.0711 0.0501 0.066
 0.042  0.0545 0.0386]"|2020/2021|True|True
0|3411465|2020-12-12|12|Manchester United|Manchester City|0.0|0.0|0.64|1.33|"[0.0953 0.0454 0.0621 0.0744 0.044  0.1113 0.0402 0.0466 0.0456 0.0393
 0.0385]"|[0.0775 0.4241 0.2889 0.0577 0.0264 0.025  0.3244 0.0743 0.0455]|2020/2021|True|True
0|3411461|2020-12-12|12|Everton|Chelsea|1.0|0.0|1.22|0.66|[0.0493 0.0542 0.7884 0.0635 0.0625 0.0707 0.049  0.0467 0.0364]|[0.0653 0.0555 0.0215 0.187  0.0953 0.0421 0.0271 0.032  0.0651 0.0723]|2020/2021|True|True
0|3411467|2020-12-13|12|Southampton|Sheffield United|3.0|0.0|1.99|0.32|"[0.0539 0.0493 0.0296 0.47   0.0494 0.0445 0.0772 0.3578 0.0287 0.0209
 0.0561 0.0424 0.0475 0.0701 0.3533 0.2438]"|[0.0833 0.1833 0.051 ]|2020/2021|True|True
0|3411460|2020-12-13|12|Crystal Palace|Tottenham Hotspur|1.0|1.0|1.63|0.95|"[0.0572 0.0326 0.0474 0.0742 0.0625 0.1005 0.0301 0.0491 0.0504 0.0393
 0.028  0.1907 0.0302 0.061  0.0632 0.7113]"|"[0.0798 0.0931 0.032  0.0645 0.025  0.0436 0.2837 0.032  0.0249 0.0438
 0.0636 0.034  0.0914 0.043 ]"|2020/2021|True|True
0|3411462|2020-12-13|12|Fulham|Liverpool|1.0|1.0|1.49|1.82|[0.0217 0.1994 0.289  0.0375 0.0269 0.0306 0.0328 0.7481 0.0321 0.0749]|"[0.0332 0.2822 0.0819 0.0216 0.0251 0.0253 0.2864 0.0578 0.047  0.0897
 0.7884 0.0825]"|2020/2021|True|True
0|3411459|2020-12-13|12|Arsenal|Burnley|0.0|1.0|1.63|1.47|"[0.1731 0.0537 0.0128 0.0249 0.0546 0.422  0.0731 0.0304 0.0643 0.0597
 0.2839 0.0268 0.0463    nan 0.0228 0.0343 0.1172 0.0425 0.0864]"|[0.3024 0.0498 0.026  0.4164 0.0231 0.0436 0.2335 0.0661 0.2351 0.0748]|2020/2021|True|True
0|3411464|2020-12-13|12|Leicester City|Brighton & Hove Albion|3.0|0.0|1.56|0.89|"[0.0611 0.026  0.0604 0.0137 0.0218 0.04   0.0459 0.0477 0.5179 0.0565
 0.0782 0.4398 0.0409 0.0555 0.0552]"|"[0.0708 0.3854 0.0173 0.0573 0.0667 0.0928 0.0233 0.0699 0.0215 0.019
 0.0474 0.0209]"|2020/2021|True|True
0|3411476|2020-12-15|13|Wolverhampton Wanderers|Chelsea|2.0|1.0|0.5|1.05|"[0.0275 0.0361 0.0216 0.0471 0.0226 0.014  0.0345 0.0294 0.035  0.07
 0.0684 0.0946]"|"[0.0667 0.0203 0.1098 0.0939 0.0679 0.3527 0.0293 0.108  0.0216 0.0591
 0.0259 0.0614 0.0552]"|2020/2021|True|True
0|3411478|2020-12-15|13|Manchester City|West Bromwich Albion|1.0|1.0|2.22|0.47|"[0.0306 0.0466 0.0402 0.383  0.0231 0.0404    nan 0.0516 0.0242 0.0556
 0.0528 0.041  0.067  0.1409 0.0501 0.0681 0.0593 0.0275 0.0222 0.0555
 0.0303 0.0711 0.0802 0.2432 0.0468 0.068  0.4045]"|[0.2953 0.0586 0.0312 0.0589 0.0222]|2020/2021|True|True
0|3411469|2020-12-16|13|Arsenal|Southampton|1.0|1.0|0.6|1.18|[0.038  0.0191 0.0703 0.0237 0.0629 0.2903 0.0336 0.022  0.0353]|"[0.0228 0.0245 0.3097 0.0211 0.0479 0.0279 0.0299 0.0197 0.0273 0.4569
 0.1157 0.021  0.0564]"|2020/2021|True|True
0|3411472|2020-12-16|13|Leeds United|Newcastle United|5.0|2.0|2.73|1.6|"[0.0275 0.0654 0.0536 0.081  0.0577 0.0596 0.0276 0.0585 0.0523 0.0458
 0.0501 0.6971 0.0413 0.0524 0.0789 0.0211 0.0686 0.0461 0.0443 0.0588
 0.4559 0.0696 0.4697 0.0518 0.0314]"|[0.0452 0.0637 0.6878 0.1046 0.0922 0.4521 0.0331 0.0255 0.0333 0.0625]|2020/2021|True|True
0|3411473|2020-12-16|13|Leicester City|Everton|0.0|2.0|0.85|1.41|"[0.055  0.025  0.2747 0.0155 0.0606 0.0436 0.0227 0.0305 0.0484 0.1056
 0.0263 0.0237 0.0692 0.0519]"|"[0.0374 0.0268 0.1291 0.0161 0.1221 0.1174 0.5716 0.6832 0.0738 0.0473
 0.0733]"|2020/2021|True|True
0|3411471|2020-12-16|13|Fulham|Brighton & Hove Albion|0.0|0.0|0.98|0.48|[0.032  0.026  0.0364 0.0829 0.0529 0.0213 0.0657 0.0628 0.6361]|[0.0208 0.0091 0.0208 0.0509 0.0606 0.0966 0.1252 0.0724 0.0297]|2020/2021|True|True
0|3411477|2020-12-16|13|Liverpool|Tottenham Hotspur|2.0|1.0|0.98|1.16|"[0.0252 0.0442 0.0706 0.0541 0.0524 0.0659 0.0719 0.0558 0.0373 0.0575
 0.0317 0.0688 0.0761 0.0684 0.0582 0.0527 0.0889]"|[0.3416 0.3001 0.0178 0.0311 0.2281 0.1481 0.0406 0.0536]|2020/2021|True|True
0|3411475|2020-12-16|13|West Ham United|Crystal Palace|1.0|1.0|0.44|1.12|[0.0259 0.0541 0.0398 0.0402 0.1038 0.0257 0.0637 0.025  0.0594]|[0.0627 0.1111 0.2837 0.0675 0.0281 0.487  0.0511 0.0286]|2020/2021|True|True
0|3411470|2020-12-17|13|Aston Villa|Burnley|0.0|0.0|1.55|0.33|"[0.0403 0.0591 0.0201 0.0332 0.0831 0.0266 0.0247 0.0476 0.0363 0.1677
 0.0717 0.0607 0.0471 0.122  0.02   0.0646 0.0303 0.0523 0.05   0.0441
 0.0684 0.0931 0.0485 0.0426 0.0849 0.054  0.0545]"|[0.0533 0.0555 0.068  0.0537 0.0287 0.0693]|2020/2021|True|True
0|3411474|2020-12-17|13|Sheffield United|Manchester United|2.0|3.0|1.47|1.93|"[0.486  0.0636 0.1671 0.157  0.036  0.0504 0.0249 0.0247 0.0999 0.0456
 0.2526 0.0655]"|"[0.0346 0.0517 0.0234 0.3656 0.4081 0.369  0.0432 0.0507 0.0581 0.0196
 0.0364 0.0557 0.0193 0.4589 0.0802]"|2020/2021|True|True
0|3411482|2020-12-19|14|Crystal Palace|Liverpool|0.0|7.0|0.31|2.56|[0.013  0.1264 0.0607 0.0504 0.0562]|"[0.541  0.0487 0.0725 0.2188 0.0676 0.5021 0.1466 0.037  0.068  0.3428
 0.3395 0.0416 0.1057 0.0278]"|2020/2021|True|True
0|3411486|2020-12-19|14|Southampton|Manchester City|0.0|1.0|0.73|0.87|[0.0533 0.0342 0.0239 0.0975 0.0567 0.0742 0.055  0.0278 0.3116]|"[0.0281 0.03   0.0211 0.0152 0.0838 0.0534 0.1093 0.0565 0.031  0.0498
 0.391 ]"|2020/2021|True|True
0|3411483|2020-12-19|14|Everton|Arsenal|2.0|1.0|0.64|1.38|[0.0215 0.2012 0.0311 0.1319 0.0391 0.0362 0.0838 0.0181 0.0738]|"[   nan 0.0553 0.7884 0.053  0.0537 0.0379 0.0684 0.0278 0.032  0.0537
 0.0324 0.0874 0.0632 0.028 ]"|2020/2021|True|True
0|3411485|2020-12-19|14|Newcastle United|Fulham|1.0|1.0|1.39|0.98|"[0.0185 0.015  0.0532 0.0209 0.0483 0.0503    nan 0.1115 0.7884 0.0504
 0.0945 0.1047 0.0377]"|"[0.0214 0.0238 0.0684 0.2188 0.1091 0.0731 0.2773 0.033  0.0911 0.0162
 0.0503]"|2020/2021|True|True
0|3411479|2020-12-20|14|Brighton & Hove Albion|Sheffield United|1.0|1.0|2.88|0.54|"[0.0599 0.0432 0.0449 0.0447 0.3088 0.2413 0.0549 0.0693 0.0343 0.0341
 0.0702 0.028  0.021  0.0493 0.53   0.0647 0.4917 0.0272 0.0771 0.5007
 0.0834]"|[0.0097 0.0243 0.0953 0.0903 0.3239]|2020/2021|True|True
0|3411487|2020-12-20|14|Tottenham Hotspur|Leicester City|0.0|2.0|0.74|1.71|[0.0542 0.1626 0.0551    nan 0.0406 0.063  0.2999 0.0215 0.0473]|"[0.0873 0.0913 0.0258 0.0654 0.0941 0.036  0.0319 0.7884 0.0269 0.0284
 0.1357 0.0386 0.0487 0.065  0.0282 0.0451 0.0708]"|2020/2021|True|True
0|3411484|2020-12-20|14|Manchester United|Leeds United|6.0|2.0|3.65|1.78|"[0.0513 0.386  0.0613 0.1112 0.0315 0.0467 0.2566 0.0511 0.043  0.031
 0.1046 0.0489 0.0804 0.0306 0.0535 0.2651 0.7884 0.3733 0.0224 0.2525
 0.053  0.0481 0.0453 0.3265 0.0422 0.0552]"|"[0.0984 0.3983 0.0525 0.0744 0.0252 0.0332 0.0813 0.0177 0.2701 0.0893
 0.0506 0.0381 0.0338 0.0667 0.0801 0.0601 0.3138]"|2020/2021|True|True
0|3411488|2020-12-20|14|West Bromwich Albion|Aston Villa|0.0|3.0|0.05|2.36|[0.0494]|"[0.4947 0.0264 0.0381 0.0461 0.0762 0.0198 0.0376 0.3167 0.0268 0.0225
 0.0577 0.0723 0.0732 0.0717 0.0514 0.7884 0.062  0.0246 0.0488]"|2020/2021|True|True
0|3411480|2020-12-21|14|Burnley|Wolverhampton Wanderers|2.0|1.0|1.73|1.48|[0.0525 0.1399 0.0196 0.0543 0.1217 0.0783 0.03   0.7376 0.4187 0.0806]|"[0.0378 0.1086 0.0334 0.0449 0.0623 0.0141 0.0219 0.0623 0.0161 0.0387
 0.1034 0.0774 0.036  0.7884 0.0386]"|2020/2021|True|True
0|3411481|2020-12-21|14|Chelsea|West Ham United|3.0|0.0|2.07|0.41|"[0.0267 0.0782 0.2817 0.0144 0.0242 0.0522 0.0393 0.5884 0.6217 0.3046
 0.231 ]"|[0.0446 0.0584 0.0573 0.0806 0.1181 0.0545]|2020/2021|True|True
0|3411493|2020-12-26|15|Leicester City|Manchester United|2.0|2.0|0.91|1.71|[0.0777 0.0257 0.0372 0.0345 0.0617 0.0871 0.0732 0.0828 0.0281 0.3994]|[0.2893 0.0316 0.3393 0.096  0.1101 0.2594 0.0774 0.0967 0.4066    nan]|2020/2021|True|True
0|3411490|2020-12-26|15|Aston Villa|Crystal Palace|3.0|0.0|4.33|0.87|"[0.0896 0.5999 0.0537 0.0645 0.6177 0.1159 0.5486 0.0544 0.2741 0.0682
 0.0782 0.0496 0.0237 0.0671 0.1785 0.7654 0.191  0.0822 0.3336 0.2822]"|"[0.2418 0.0792 0.0346 0.0713 0.0547 0.0495 0.0764 0.0648 0.0357 0.0265
 0.0286 0.0803 0.029 ]"|2020/2021|True|True
0|3411491|2020-12-26|15|Fulham|Southampton|0.0|0.0|0.75|0.17|[0.0559 0.1081 0.059  0.2153 0.019  0.0378 0.0288 0.0658 0.0599 0.0967]|[0.057  0.0283 0.0896]|2020/2021|True|True
0|3411489|2020-12-26|15|Arsenal|Chelsea|3.0|1.0|2.06|2.6|"[0.1007 0.022  0.4407 0.0473 0.7884 0.0451 0.0571 0.0375 0.0626 0.0695
 0.0289 0.0725 0.1684 0.0449 0.0725]"|"[0.0746 0.089  0.059  0.0407 0.0207 0.0261 0.0425 0.0583 0.0567 0.038
 0.0338 0.0694 0.088  0.6919 0.2787 0.7884 0.0618 0.0476 0.0376]"|2020/2021|True|True
0|3411495|2020-12-26|15|Manchester City|Newcastle United|2.0|0.0|2.99|0.27|"[0.506  0.0686 0.4526 0.0875 0.1429 0.0596 0.0251 0.5207 0.5081 0.5788
 0.0391]"|[0.0644 0.0379 0.0724 0.0146 0.0149 0.0308 0.0386]|2020/2021|True|True
0|3411496|2020-12-26|15|Sheffield United|Everton|0.0|1.0|1.36|0.7|[0.0598 0.5576 0.0277 0.1022 0.0751 0.0311 0.0411 0.0402 0.3446 0.0758]|[0.031  0.3232 0.1231 0.0283 0.0252 0.0857 0.0827]|2020/2021|True|True
0|3411492|2020-12-27|15|Leeds United|Burnley|1.0|0.0|1.9|1.54|"[0.7884 0.0455 0.0225 0.0166 0.4109 0.042  0.3491 0.0746 0.0388 0.0315
 0.0773]"|"[0.0311 0.685  0.0516 0.3057 0.0563 0.0405 0.0312 0.0257 0.0424 0.0535
 0.0846 0.0509 0.0584 0.0193]"|2020/2021|True|True
0|3411497|2020-12-27|15|West Ham United|Brighton & Hove Albion|2.0|2.0|1.29|1.16|"[0.0241 0.0407 0.0337 0.0496 0.081  0.3821 0.043  0.291  0.2468 0.0456
 0.0487]"|"[0.0424 0.0286 0.0813 0.0255 0.026  0.0387 0.0526 0.0365 0.4087 0.0553
 0.257  0.0505 0.0549]"|2020/2021|True|True
0|3411494|2020-12-27|15|Liverpool|West Bromwich Albion|1.0|1.0|1.54|0.56|"[0.0223 0.4374 0.0311 0.0498 0.2656 0.0514 0.0283 0.0726 0.0349 0.0464
 0.0332 0.0649 0.0523 0.0205 0.0352 0.2535 0.0447]"|[0.032  0.0477 0.0551 0.3607 0.0677]|2020/2021|True|True
0|3411498|2020-12-27|15|Wolverhampton Wanderers|Tottenham Hotspur|1.0|1.0|0.86|0.39|"[0.0483 0.0721 0.1139 0.0538 0.04   0.0535 0.0371 0.0296 0.0764 0.0449
 0.2901]"|[0.0423 0.0189 0.1453 0.0474 0.0853 0.0537]|2020/2021|True|True
0|3411502|2020-12-28|16|Crystal Palace|Leicester City|1.0|1.0|0.48|1.94|[0.275  0.093  0.064  0.0448]|"[0.1472 0.0468 0.0555 0.7884 0.0281 0.0647 0.3732 0.0499 0.0244 0.0475
 0.0257 0.0425 0.0184 0.0456 0.0683 0.0412 0.0724]"|2020/2021|True|True
0|3411501|2020-12-28|16|Chelsea|Aston Villa|1.0|1.0|1.79|0.7|"[0.1272 0.0562 0.0856 0.1255 0.8915 0.0768 0.0647 0.0311 0.0548 0.0456
 0.0288 0.0304 0.0536 0.0272 0.0457 0.0468]"|[0.0356 0.0361 0.0423 0.0286 0.0663 0.0733 0.2991 0.0255 0.0321 0.065 ]|2020/2021|True|True
0|3411499|2020-12-29|16|Brighton & Hove Albion|Arsenal|0.0|1.0|0.89|1.11|"[0.0779 0.0279 0.0948 0.0631 0.0789 0.0306 0.0305 0.064  0.1705 0.0359
 0.1324 0.0534 0.0322]"|"[0.0683 0.4857 0.029  0.049  0.0529 0.0568 0.0144 0.0732 0.096  0.0729
 0.1099]"|2020/2021|True|True
0|3411500|2020-12-29|16|Burnley|Sheffield United|1.0|0.0|1.01|0.68|[0.435  0.2589 0.1769 0.0809 0.0608]|[0.2511 0.0374 0.057  0.2115 0.0257 0.0264 0.0694]|2020/2021|True|True
0|3411506|2020-12-29|16|Southampton|West Ham United|0.0|0.0|0.61|1.16|[0.2439 0.0262 0.0184 0.1275 0.0534 0.0649 0.0227 0.0542]|[0.1127 0.0758 0.0736 0.0639 0.046  0.0302 0.0661 0.6916]|2020/2021|True|True
0|3411508|2020-12-29|16|West Bromwich Albion|Leeds United|0.0|5.0|0.47|1.23|[   nan 0.0515 0.3694 0.03   0.0237]|"[0.033  0.0358 0.0422 0.0403 0.0437 0.0425 0.0373 0.3293 0.0599 0.0274
 0.0299 0.0391 0.1897 0.2797]"|2020/2021|True|True
0|3411504|2020-12-29|16|Manchester United|Wolverhampton Wanderers|1.0|0.0|1.51|0.48|"[0.0219 0.0266 0.2732 0.4424 0.8379 0.0681 0.0421 0.0265 0.0553 0.0365
 0.0521]"|[0.0381 0.0275 0.0453 0.0455 0.0444 0.0442 0.1613 0.0378 0.0396]|2020/2021|True|True
0|3411505|2020-12-30|16|Newcastle United|Liverpool|0.0|0.0|0.48|1.4|[0.0634 0.0512 0.1419 0.0616 0.024  0.0353 0.0765 0.024 ]|"[0.019  0.0256 0.3985 0.0529 0.087  0.5069 0.1438 0.0224 0.0316 0.0226
 0.0944]"|2020/2021|True|True
0|3411513|2021-01-01|17|Everton|West Ham United|0.0|1.0|0.41|1.38|[0.0232 0.0667 0.0488 0.018  0.0176 0.0344 0.058  0.0203 0.0278 0.0905]|"[0.0251 0.2586 0.049  0.0568 0.0198 0.2407 0.0373 0.0784 0.0268 0.5318
 0.0603]"|2020/2021|True|True
0|3411514|2021-01-01|17|Manchester United|Aston Villa|2.0|1.0|2.13|1.41|"[0.0617 0.0247 0.0552 0.0487 0.0175 0.0594 0.0334 0.0521 0.0706 0.0323
 0.2767 0.089  0.7884 0.0413 0.0537 0.3412 0.0176 0.0185 0.048 ]"|"[0.0438 0.0378 0.0261 0.0905 0.0436 0.3039 0.049  0.2486 0.0482 0.1092
 0.1503 0.051  0.0173 0.1177 0.0692]"|2020/2021|True|True
0|3411517|2021-01-02|17|Tottenham Hotspur|Leeds United|3.0|0.0|2.62|1.14|"[0.0389 0.046  0.0496 0.0329 0.0538 0.7884 0.1515 0.075  0.3347 0.3129
 0.0522 0.0513 0.1074 0.0585 0.0329 0.2946 0.0251 0.0526 0.0106 0.0463]"|"[0.054  0.115  0.0733 0.3024 0.0245 0.0595 0.0703 0.0319 0.0331 0.0336
 0.0266 0.0457 0.0311 0.0433 0.0488 0.0435 0.0429 0.0593]"|2020/2021|True|True
0|3411512|2021-01-02|17|Crystal Palace|Sheffield United|2.0|0.0|0.58|0.37|[0.0772 0.0219 0.1759 0.0509 0.0322 0.0697 0.0241 0.0567 0.0757]|[0.0473 0.1239 0.0145 0.0374 0.0244 0.1022 0.0229]|2020/2021|True|True
0|3411509|2021-01-02|17|Brighton & Hove Albion|Wolverhampton Wanderers|3.0|3.0|2.2|1.57|"[0.5581 0.035  0.067     nan 0.7884 0.0485 0.1014 0.0512 0.3672 0.0788
 0.0343 0.0467 0.0261 0.0206]"|"[0.028  0.0447 0.0251 0.0585 0.0257 0.0316 0.7884 0.0838 0.1151 0.0278
 0.3462]"|2020/2021|True|True
0|3411518|2021-01-02|17|West Bromwich Albion|Arsenal|0.0|4.0|0.95|3.7|[0.4078 0.066  0.0425 0.3569 0.0271 0.0215 0.0324]|"[0.0378 0.0435 0.041  0.0206 0.0305 0.0489 0.0273 0.7833 0.0355 0.0797
 0.0779 0.3147 0.0656 0.4363 0.7004 0.0246 0.0639 0.7223 0.0753 0.063
 0.0407]"|2020/2021|True|True
0|3411515|2021-01-03|17|Newcastle United|Leicester City|1.0|2.0|0.5|0.62|[0.0721 0.0405 0.0372 0.0175 0.1501 0.073  0.0396 0.0692]|[0.028  0.0172 0.0458 0.0872 0.0235 0.0421 0.0544 0.2639 0.0554]|2020/2021|True|True
0|3411511|2021-01-03|17|Chelsea|Manchester City|1.0|3.0|0.84|2.67|[0.1427 0.0238 0.0286 0.1615 0.0413 0.0458 0.0419 0.0387 0.3205]|"[0.3557 0.0656 0.3756 0.0375 0.0582 0.0612 0.0622 0.1117 0.6081 0.2123
 0.3871 0.0349 0.0568 0.1036 0.0353 0.0627 0.0332 0.076 ]"|2020/2021|True|True
0|3411516|2021-01-04|17|Southampton|Liverpool|1.0|0.0|0.39|1.53|[0.0774 0.0223 0.0541 0.0438 0.024  0.0434 0.1235]|"[0.0559 0.0675 0.041  0.0293 0.0749 0.2688 0.0184 0.0719 0.4905 0.0431
 0.0384 0.0511 0.0334 0.0292 0.0798 0.0589 0.0777]"|2020/2021|True|True
0|3411524|2021-01-12|18|Sheffield United|Newcastle United|1.0|0.0|2.1|0.64|"[0.0348 0.0489 0.0495 0.0325 0.1608 0.0418 0.0906 0.0406 0.0533 0.0601
 0.0546 0.4903 0.0533 0.0344 0.7884 0.0419 0.0289]"|[0.324  0.0545 0.0507 0.0106 0.0995 0.0746 0.0268]|2020/2021|True|True
0|3411340|2021-01-12|1|Burnley|Manchester United|0.0|1.0|0.9|1.16|"[0.0345 0.0295 0.0285 0.0252 0.0807 0.0297 0.0341 0.0553 0.071  0.4645
 0.0511]"|"[0.0596 0.0759 0.0561 0.1406 0.0269 0.0242 0.1211 0.0318 0.0283 0.0809
 0.0637 0.0937 0.3622]"|2020/2021|True|True
0|3411526|2021-01-12|18|Wolverhampton Wanderers|Everton|1.0|2.0|0.72|0.56|"[0.1239 0.0245 0.0825 0.0461 0.0242 0.0599 0.0556 0.0918 0.0167 0.0516
 0.1067 0.0377]"|[0.0702 0.3004 0.0409 0.0939 0.0509]|2020/2021|True|True
0|3411528|2021-01-13|18|Manchester City|Brighton & Hove Albion|1.0|0.0|2.01|0.19|"[0.053  0.2925 0.0997 0.0367 0.0144 0.0878 0.0469 0.0456 0.0296 0.2157
 0.0659 0.0889 0.0628 0.0458 0.0422 0.7884]"|[0.031  0.0581 0.0184 0.0339 0.0518]|2020/2021|True|True
0|3411507|2021-01-13|16|Tottenham Hotspur|Fulham|1.0|1.0|2.58|1.08|"[0.0876 0.1058 0.5106 0.0862 0.0207 0.3041 0.0144 0.2604 0.3603 0.1814
 0.109  0.0148 0.0793 0.2358 0.2056]"|"[0.0732 0.0436 0.0242 0.0353 0.0251 0.0652 0.022  0.0611 0.0795 0.0906
 0.0417 0.0649 0.3653 0.0312 0.0596]"|2020/2021|True|True
0|3411519|2021-01-14|18|Arsenal|Crystal Palace|0.0|0.0|0.45|0.81|"[0.0277 0.0276 0.031  0.0702 0.044  0.0378 0.1005 0.0469 0.0174 0.0246
 0.0192]"|"[0.0239 0.0593 0.0456 0.0632 0.0698 0.1349 0.1633 0.0404 0.0501 0.0697
 0.0391 0.0686]"|2020/2021|True|True
0|3411538|2021-01-16|19|Wolverhampton Wanderers|West Bromwich Albion|2.0|3.0|1.51|2.38|"[0.0125 0.0161 0.0735 0.0438 0.0268 0.0513 0.0245 0.0474 0.1134 0.1557
 0.165  0.047  0.0689 0.0724 0.079  0.1062 0.0342 0.1237 0.0823 0.0512
 0.0243 0.0621 0.029 ]"|"[0.0396 0.7884 0.0275 0.0428 0.2272 0.0374 0.0829 0.0647 0.1728 0.7884
 0.0428 0.0657]"|2020/2021|True|True
0|3411532|2021-01-16|19|Leeds United|Brighton & Hove Albion|0.0|1.0|0.3|1.37|[0.0305 0.0449 0.0556 0.0537 0.033  0.0552 0.029 ]|[0.6127 0.4812 0.0432 0.0671 0.0834 0.0489 0.0347]|2020/2021|True|True
0|3411537|2021-01-16|19|West Ham United|Burnley|1.0|0.0|1.75|0.47|"[0.7934 0.0527 0.2296 0.0694 0.0336 0.028  0.0849 0.0727 0.0807 0.0702
 0.0479 0.0403 0.0667 0.0263 0.0582]"|[0.026  0.0885 0.0246 0.0273 0.0315 0.0507 0.1226 0.0227 0.0496 0.0251]|2020/2021|True|True
0|3411531|2021-01-16|19|Fulham|Chelsea|0.0|1.0|0.7|1.62|[0.0471 0.0416 0.0354 0.3161 0.0662 0.0363 0.0173 0.051  0.0653 0.0283]|"[0.0586 0.0318 0.0549 0.022  0.0247 0.0482 0.0439 0.0307 0.1491 0.075
 0.0555 0.0278 0.039  0.0804 0.2736 0.0252 0.0332 0.0686 0.0263 0.0578
 0.3975]"|2020/2021|True|True
0|3411533|2021-01-16|19|Leicester City|Southampton|2.0|0.0|2.17|0.56|"[0.0704 0.0303 0.0702 0.0591 0.0322 0.0256 0.0893 0.0708 0.0337 0.0948
 0.0756 0.4427 0.0533 0.4725 0.052  0.5023]"|[0.0499 0.0495 0.0519 0.2563 0.0325 0.066  0.0503 0.0204]|2020/2021|True|True
0|3411536|2021-01-17|19|Sheffield United|Tottenham Hotspur|1.0|3.0|0.86|0.96|"[0.0498 0.0243 0.0322 0.0262 0.0678 0.0262 0.0472 0.0401 0.0944 0.0213
 0.0242 0.2835 0.0537 0.0314 0.0405]"|"[0.0583 0.0325 0.031  0.1808 0.3113 0.0357 0.0208 0.0442 0.0622 0.0222
 0.0422 0.0418 0.0162 0.0654]"|2020/2021|True|True
0|3411534|2021-01-17|19|Liverpool|Manchester United|0.0|0.0|1.16|1.13|"[0.0321 0.0446 0.0741 0.037  0.0654 0.0328 0.0353 0.0303 0.0824 0.0534
 0.0357 0.3432 0.0928 0.0652 0.0547 0.0303 0.0538]"|[0.072  0.0592 0.0286 0.0592 0.0286 0.4728 0.3461 0.0631]|2020/2021|True|True
0|3411535|2021-01-17|19|Manchester City|Crystal Palace|4.0|0.0|0.69|0.07|"[0.0262 0.0385 0.0234 0.0371 0.0352 0.0984 0.0535 0.0647 0.0246 0.0273
 0.0848 0.0775 0.1047]"|[0.0168 0.0498]|2020/2021|True|True
0|3411529|2021-01-18|19|Arsenal|Newcastle United|3.0|0.0|2.41|0.17|"[0.1723 0.0502 0.4997 0.0249 0.0599 0.0389 0.0514 0.0701 0.0923 0.0897
 0.0347 0.093  0.0236 0.3167 0.0217 0.0612 0.4971 0.072  0.0833 0.0792]"|[0.0406 0.0378 0.0375 0.0565]|2020/2021|True|True
0|3411525|2021-01-19|18|West Ham United|West Bromwich Albion|2.0|1.0|2.05|0.47|"[0.0442 0.0436 0.0742 0.0844 0.0251 0.0361 0.6451 0.3634 0.0306 0.0741
 0.5254 0.0515 0.0281 0.0272]"|[0.0551 0.0279 0.0333 0.0684 0.0351 0.2461]|2020/2021|True|True
0|3411523|2021-01-19|18|Leicester City|Chelsea|2.0|0.0|1.38|0.74|[0.0259 0.0311 0.0257 0.3188 0.2829 0.2719 0.0749 0.3498]|[0.0351 0.0581 0.0532 0.1532 0.0434 0.0508 0.2248 0.0576 0.0666]|2020/2021|True|True
0|3411341|2021-01-20|1|Manchester City|Aston Villa|2.0|0.0|3.48|0.63|"[0.326  0.4822 0.0367 0.0904 0.0917 0.0272 0.0599 0.0922 0.0744 0.0454
 0.1345 0.0267 0.1158 0.0392 0.0654 0.0294 0.0594 0.0555 0.0267 0.1184
 0.0845 0.0414 0.5616 0.0667 0.0458 0.0257 0.0497 0.7884]"|"[0.0494 0.0329 0.0748 0.0508 0.079  0.029  0.0848 0.0733 0.031  0.0487
 0.0774]"|2020/2021|True|True
0|3411521|2021-01-20|18|Fulham|Manchester United|1.0|2.0|0.91|1.7|"[0.0304 0.0263 0.3773 0.0329 0.0269 0.0632 0.0765 0.0855 0.0761 0.0295
 0.0491 0.0355]"|"[0.036  0.5493 0.0332 0.0621 0.1099 0.0684 0.0623 0.0526 0.0577 0.0316
 0.0485 0.24   0.026  0.2795 0.0438]"|2020/2021|True|True
0|3411527|2021-01-21|18|Liverpool|Burnley|0.0|1.0|1.62|1.08|"[0.0432 0.0255 0.035  0.03   0.0307 0.0293 0.0415 0.0502 0.0282 0.0498
 0.0536 0.3188 0.0378 0.0436 0.0317 0.0599 0.0685 0.083  0.0413 0.051
 0.0714 0.0295 0.0438 0.0509 0.0401 0.2041 0.0313]"|[0.0458 0.0654 0.0363 0.0851 0.7884 0.0575]|2020/2021|True|True
0|3411449|2021-01-23|11|Aston Villa|Newcastle United|2.0|0.0|2.23|0.48|"[0.0139 0.6431 0.0879 0.0288 0.042  0.0307 0.0188 0.0936 0.3632 0.3891
 0.0285 0.0836 0.0809 0.3649]"|[0.0287 0.0822 0.0439 0.0475 0.1428 0.0262 0.1088]|2020/2021|True|True
0|3411548|2021-01-26|20|Crystal Palace|West Ham United|2.0|3.0|0.7|2.9|[0.098  0.4092 0.029  0.0278 0.0271 0.1104]|"[0.4896 0.2929 0.0398 0.0342 0.0228 0.0423 0.049  0.2571 0.0368 0.5825
 0.3243 0.0845 0.208  0.0525 0.4779 0.0386 0.0596]"|2020/2021|True|True
0|3411545|2021-01-26|20|Newcastle United|Leeds United|1.0|2.0|1.38|0.71|"[0.031  0.0238 0.071  0.0462 0.0589 0.0296 0.0256 0.0273 0.0283 0.114
 0.3546 0.0562 0.0649 0.0715 0.0691 0.0162 0.0596 0.0363 0.028  0.0665
 0.0338 0.0652]"|[0.0685 0.1164 0.1115 0.1051 0.0348 0.0466 0.1196 0.0557 0.0502]|2020/2021|True|True
0|3411546|2021-01-26|20|Southampton|Arsenal|1.0|3.0|0.84|2.2|"[0.0556 0.0526 0.0598 0.0969 0.058  0.0585 0.0448 0.0272 0.0419 0.0301
 0.0349 0.0932 0.2006]"|[0.3693 0.052  0.3589 0.0341 0.3847 0.0471 0.0688 0.8193 0.0682]|2020/2021|True|True
0|3411543|2021-01-26|20|West Bromwich Albion|Manchester City|0.0|5.0|0.57|1.87|[0.135  0.2399 0.0661 0.1286]|"[0.0959 0.0497 0.0337 0.0258 0.0548 0.324  0.0356 0.0736 0.057  0.039
 0.0246 0.075  0.7461 0.062  0.0578 0.0199 0.0506 0.046 ]"|2020/2021|True|True
0|3411540|2021-01-27|20|Burnley|Aston Villa|3.0|2.0|0.52|2.31|[0.0325 0.0526 0.0295 0.0271 0.1488 0.0962 0.0281 0.0179 0.0235 0.0607]|"[0.1608 0.0834 0.4096 0.0278 0.0648 0.4619 0.2545 0.0473 0.0468 0.0471
 0.0714 0.0408 0.0682 0.0463 0.0956 0.0575 0.4091 0.0344]"|2020/2021|True|True
0|3411544|2021-01-27|20|Chelsea|Wolverhampton Wanderers|0.0|0.0|0.68|0.53|"[0.0302 0.0617 0.0348 0.0411 0.0735 0.0368 0.0664 0.0992 0.0268 0.0273
 0.0677 0.0326 0.04   0.0415]"|[0.101  0.0507 0.3584 0.0191]|2020/2021|True|True
0|3411539|2021-01-27|20|Brighton & Hove Albion|Fulham|0.0|0.0|1.99|0.49|"[0.4655 0.0864 0.0748 0.026  0.0413 0.0725 0.0589 0.0672 0.0258 0.2634
 0.0627 0.0567 0.5298 0.0948 0.0568 0.0621]"|[0.0252 0.0674 0.0587 0.0301 0.0466 0.0615 0.0347 0.0578 0.0413 0.0677]|2020/2021|True|True
0|3411541|2021-01-27|20|Everton|Leicester City|1.0|1.0|0.47|1.18|[0.0713 0.0215 0.0429 0.1152 0.0289 0.0219 0.1169 0.0528]|"[0.0558 0.0968 0.0465 0.024  0.0275 0.0274 0.0163 0.0304 0.0437 0.027
 0.0955 0.3885 0.0219 0.0275 0.0479 0.0347 0.0466 0.0302 0.0897]"|2020/2021|True|True
0|3411542|2021-01-27|20|Manchester United|Sheffield United|1.0|2.0|1.09|0.96|"[0.0616 0.0439 0.0257 0.0609 0.0704 0.0305 0.138  0.2455 0.0284 0.0425
 0.0728 0.0745 0.0261 0.0872 0.0626 0.0188]"|[0.0816 0.7219 0.0353 0.0605 0.0634]|2020/2021|True|True
0|3411547|2021-01-28|20|Tottenham Hotspur|Liverpool|1.0|3.0|0.14|2.46|[0.0108 0.0811 0.0487]|"[0.2696 0.0487 0.0297 0.5088 0.0802 0.0399 0.8971 0.0892 0.0401 0.0564
 0.0271 0.0486 0.301  0.0305]"|2020/2021|True|True
0|3411553|2021-01-30|21|Everton|Newcastle United|0.0|2.0|0.78|1.66|"[0.1707 0.1485 0.0343 0.0827 0.0653 0.0457 0.0323 0.0915 0.0252 0.014
 0.0727]"|"[0.0357 0.0602 0.0334 0.0377 0.0513 0.0988 0.0521 0.3237 0.0725 0.0321
 0.4607 0.0567 0.3447]"|2020/2021|True|True
0|3411552|2021-01-30|21|Crystal Palace|Wolverhampton Wanderers|1.0|0.0|1.42|0.37|"[0.0318 0.0258 0.0691 0.4764 0.0312 0.0548 0.0328 0.0777 0.5321 0.0403
 0.0667]"|[0.0722 0.0629 0.0579 0.0318 0.1214 0.0257]|2020/2021|True|True
0|3411555|2021-01-30|21|Manchester City|Sheffield United|1.0|0.0|1.57|0.19|[0.7233 0.0471 0.0224 0.1915 0.0343 0.0427 0.0449 0.0506 0.353  0.0596]|[0.056  0.0374 0.0503 0.0457]|2020/2021|True|True
0|3411557|2021-01-30|21|West Bromwich Albion|Fulham|2.0|2.0|0.98|1.35|[0.04319215 0.45866095 0.02621352 0.36181184 0.09055323]|"[0.23257668 0.05423012 0.05148154 0.2553171  0.05226649 0.11769728
 0.06777714 0.02507533 0.02021895 0.31562329 0.10366036 0.05372694]"|2020/2021|True|True
0|3411549|2021-01-30|21|Arsenal|Manchester United|0.0|0.0|0.86|1.69|"[0.0216 0.0389 0.0724 0.0257 0.0252 0.0501 0.0714 0.0675 0.0539 0.0437
 0.0639 0.0948 0.0578 0.0469 0.0201 0.0555 0.0539]"|"[0.0284 0.0262 0.0511 0.053  0.0351 0.1296 0.0557 0.0702 0.7038 0.028
 0.0279 0.0464 0.4036 0.0274]"|2020/2021|True|True
0|3411556|2021-01-30|21|Southampton|Aston Villa|0.0|1.0|1.97|0.61|"[0.4181 0.0373 0.0172 0.0171 0.047  0.0399 0.0578 0.0245 0.0371 0.0664
 0.1133 0.3873 0.0497 0.0254 0.0558 0.072  0.2214 0.1766 0.0616 0.0735]"|[0.0581 0.0695 0.0204 0.2546 0.0529 0.0578 0.0572 0.0378]|2020/2021|True|True
0|3411551|2021-01-31|21|Chelsea|Burnley|2.0|0.0|1.2|0.2|"[0.042  0.0654 0.0534 0.0332 0.0644 0.2169 0.0801 0.0485 0.0305 0.0623
 0.0664 0.0249 0.0462 0.0288 0.0786 0.0464 0.0276 0.1006 0.083 ]"|[0.1992]|2020/2021|True|True
0|3411554|2021-01-31|21|Leicester City|Leeds United|1.0|3.0|1.82|2.13|"[0.0485 0.0338 0.0735 0.0317 0.3435 0.0268 0.0256 0.541  0.0673 0.0307
 0.0286 0.1502 0.0539 0.2498 0.0377 0.0248 0.0246 0.0301]"|[0.4405 0.0427 0.3487 0.2575 0.0275 0.0578 0.4331 0.521 ]|2020/2021|True|True
0|3411558|2021-01-31|21|West Ham United|Liverpool|1.0|3.0|0.84|1.97|[0.0665 0.0269 0.0264 0.0297 0.0562 0.1475 0.1415 0.3422]|"[0.0451 0.0255 0.0357 0.0504 0.0606 0.5842 0.0319 0.1264 0.0549 0.0467
 0.0576 0.4849 0.0287 0.3338]"|2020/2021|True|True
0|3411550|2021-01-31|21|Brighton & Hove Albion|Tottenham Hotspur|1.0|0.0|1.61|0.38|"[0.106  0.0238 0.1407 0.0827 0.0145 0.028  0.0402 0.0461 0.0548 0.0834
 0.0874 0.0523 0.0968 0.0492 0.1441 0.5567]"|[0.0376 0.0419 0.0568 0.0271 0.054  0.0578 0.048  0.0524]|2020/2021|True|True
0|3411563|2021-02-02|22|Sheffield United|West Bromwich Albion|2.0|1.0|1.32|1.55|"[0.1474 0.033  0.0261 0.0946 0.03   0.0778 0.1321 0.0761 0.0427 0.0922
 0.0226 0.0517 0.4194 0.0736]"|[0.051  0.0466 0.0407 0.7266 0.9192 0.0275 0.4146 0.034 ]|2020/2021|True|True
0|3411564|2021-02-02|22|Wolverhampton Wanderers|Arsenal|2.0|1.0|1.51|0.79|"[0.1019 0.0989 0.0235 0.0184 0.7884 0.0276 0.028  0.0359 0.0622 0.0738
 0.2544]"|[0.3493 0.055  0.0218 0.0506 0.0181 0.0862 0.0319 0.119  0.0567]|2020/2021|True|True
0|3411565|2021-02-02|22|Manchester United|Southampton|9.0|0.0|4.67|0.48|"[0.0261 0.0796 0.0268 0.6824 0.3378 0.029  0.0189 0.0401 0.2807 0.0883
 0.0816 0.0377 0.0398 0.0241 0.2877 0.051  0.0271 0.3242 0.0521 0.035
 0.7884 0.596  0.0681 0.6487]"|[0.0257 0.1492    nan 0.3016]|2020/2021|True|True
0|3411566|2021-02-02|22|Newcastle United|Crystal Palace|1.0|2.0|1.91|0.75|"[0.0644 0.078  0.1493 0.0698 0.1119 0.3509 0.0797 0.0898 0.0239 0.0374
 0.0272 0.212  0.0644 0.101  0.095  0.0921 0.0231 0.0234 0.0205 0.0638
 0.1342]"|[0.119  0.0171 0.0307 0.177  0.0235 0.3847]|2020/2021|True|True
0|3411560|2021-02-03|22|Burnley|Manchester City|0.0|2.0|0.07|2.02|[0.0521 0.0218]|"[0.0602 0.4491 0.0377 0.0648 0.7567 0.0776 0.0497 0.0332 0.2525 0.0361
 0.0422 0.1058 0.0806]"|2020/2021|True|True
0|3411561|2021-02-03|22|Fulham|Leicester City|0.0|2.0|0.56|1.44|[0.0326 0.1909 0.0281 0.104  0.0425 0.0248 0.0994 0.0396]|[0.0408 0.0256 0.0564 0.2349 0.073  0.8479 0.0708 0.0286 0.0654]|2020/2021|True|True
0|3411562|2021-02-03|22|Leeds United|Everton|1.0|2.0|1.28|1.64|"[0.1216 0.0301 0.0306 0.0476 0.0219 0.0935 0.0632 0.0734 0.0293 0.0442
 0.0418 0.4321 0.0496 0.0983 0.0654 0.0599]"|[0.4369 0.0486 0.0302 0.0706 0.1358 0.3653 0.027  0.0321 0.0458 0.4477]|2020/2021|True|True
0|3411559|2021-02-03|22|Aston Villa|West Ham United|1.0|3.0|0.74|1.67|[0.0566 0.0493 0.093  0.0384 0.0372 0.0201 0.0552 0.3178 0.0734]|"[0.0437 0.0964 0.0257 0.0305 0.0513 0.014  0.0173 0.0476 0.0477 0.0451
 0.0541 0.0825 0.0967 0.101  0.4014 0.0528 0.072  0.2868 0.0272 0.0732]"|2020/2021|True|True
0|3411568|2021-02-03|22|Liverpool|Brighton & Hove Albion|0.0|1.0|0.99|1.29|"[0.2203 0.0541 0.0959 0.0563 0.3572 0.0273 0.0249 0.0637 0.0308 0.0331
 0.0273]"|"[0.0601 0.1628 0.0329 0.0447 0.0877 0.0479 0.5273 0.0765 0.0838 0.0376
 0.0645 0.0447 0.0227]"|2020/2021|True|True
0|3411567|2021-02-04|22|Tottenham Hotspur|Chelsea|0.0|1.0|0.6|1.57|[0.0294 0.1008 0.0334 0.0278 0.3039 0.0633 0.042 ]|"[0.0399 0.0386 0.0476 0.7884 0.034  0.0357 0.0726 0.0305 0.076  0.0847
 0.0527 0.0652 0.0579 0.0552 0.0304 0.0597]"|2020/2021|True|True
0|3411569|2021-02-06|23|Aston Villa|Arsenal|1.0|0.0|1.17|0.81|"[0.1496 0.5406 0.1108 0.0328 0.0474 0.0288 0.0653 0.0829 0.024  0.0517
 0.0604 0.0312]"|"[0.0485 0.0492 0.0714 0.0504 0.0503 0.0652 0.1319 0.037  0.0554 0.0768
 0.0276 0.0609 0.0596 0.0288]"|2020/2021|True|True
0|3411570|2021-02-06|23|Burnley|Brighton & Hove Albion|1.0|1.0|1.82|0.52|"[0.06337888 0.02286077 0.0165858  0.04980582 0.10786815 0.18739497
 0.05758933 0.04677543 0.0721256  0.06089032 0.05254126 0.05616631
 0.04790722 0.05225611 0.17939659 0.26730658 0.01529063 0.40904799
 0.02755671 0.02888267]"|"[0.06367792 0.04119156 0.08706602 0.05388088 0.03535576 0.05117756
 0.05241219 0.07581451 0.03750282 0.02280101]"|2020/2021|True|True
0|3411575|2021-02-06|23|Newcastle United|Southampton|3.0|2.0|0.69|1.33|[0.1015 0.3252 0.0484 0.0376 0.1042 0.0745]|"[0.0382 0.0308 0.2224 0.3491 0.0546 0.053  0.0554 0.081  0.1209 0.0713
 0.0417 0.0534 0.0279 0.128 ]"|2020/2021|True|True
0|3411571|2021-02-06|23|Fulham|West Ham United|0.0|0.0|1.5|1.04|"[0.0549 0.0926 0.0625 0.0307 0.0286 0.0335 0.0549 0.0373 0.0906 0.0492
 0.3892 0.1048 0.0768 0.083  0.0373 0.0496 0.0314 0.0536 0.0751 0.067 ]"|[0.0557 0.5625 0.0222 0.119  0.0449 0.0379 0.0442 0.1497]|2020/2021|True|True
0|3411574|2021-02-06|23|Manchester United|Everton|3.0|3.0|1.8|1.5|"[0.031  0.0348 0.0828 0.5321 0.0372 0.0411 0.0301 0.0645 0.2844 0.0535
 0.079  0.0571 0.3255 0.1475]"|[0.1291 0.7866 0.0729 0.0381 0.0731 0.4013]|2020/2021|True|True
0|3411577|2021-02-07|23|Tottenham Hotspur|West Bromwich Albion|2.0|0.0|1.49|0.56|"[0.0291 0.0286 0.063  0.2795 0.0706 0.0299 0.0565 0.0703 0.1052 0.087
 0.0372 0.2691 0.3692]"|[0.0887 0.3195 0.0734 0.0814]|2020/2021|True|True
0|3411578|2021-02-07|23|Wolverhampton Wanderers|Leicester City|0.0|0.0|1.15|0.77|"[0.0584 0.1119 0.0502 0.0302 0.0876 0.0495 0.0251 0.4044 0.0912 0.0576
 0.0298 0.1126 0.0444]"|"[0.0358 0.0449 0.0593 0.1206 0.125  0.0633 0.0373 0.0645 0.0217 0.0284
 0.0247 0.0457 0.1011]"|2020/2021|True|True
0|3411573|2021-02-07|23|Liverpool|Manchester City|1.0|4.0|1.2|3.47|[0.0813 0.04   0.0574 0.1046 0.0518 0.0282 0.0511 0.7884]|[0.0419 0.7884 0.361  0.7504 0.0345 0.8287 0.8792 0.0559]|2020/2021|True|True
0|3411576|2021-02-07|23|Sheffield United|Chelsea|1.0|2.0|0.65|1.6|[0.3449 0.0319 0.0257 0.0283 0.0264 0.0473 0.0597 0.0872]|[0.2263 0.0146 0.0895 0.0277 0.3231    nan 0.7884 0.0417 0.0442 0.0483]|2020/2021|True|True
0|3411572|2021-02-08|23|Leeds United|Crystal Palace|2.0|0.0|1.92|0.36|"[0.0516 0.0402 0.055  0.3382 0.0971 0.2845 0.0482 0.1217 0.0652 0.3064
 0.0744 0.0289 0.2058 0.0947 0.0266 0.0495 0.0531]"|[0.0233 0.0272 0.0568 0.0435 0.0721 0.0371 0.048  0.0554]|2020/2021|True|True
0|3411584|2021-02-13|24|Leicester City|Liverpool|3.0|1.0|1.83|1.83|"[0.0105 0.0454 0.027  0.0528 0.0755 0.2582 0.0656 0.5873 0.0536 0.3055
 0.3726]"|"[0.0498 0.3026 0.3822 0.0677 0.1023 0.4577 0.0288 0.0383 0.0898 0.044
 0.0388 0.0555 0.1813 0.025  0.0797]"|2020/2021|True|True
0|3411582|2021-02-13|24|Crystal Palace|Burnley|0.0|3.0|0.53|1.46|"[0.0594 0.045  0.0527 0.0324 0.0327 0.0535 0.014  0.0586 0.0534 0.0295
 0.022  0.0391 0.0341]"|"[0.0844 0.0418 0.1587 0.3974 0.0848 0.0514 0.127  0.0303 0.0273 0.2519
 0.0271 0.0291 0.0513 0.0237 0.0408 0.0326]"|2020/2021|True|True
0|3411585|2021-02-13|24|Manchester City|Tottenham Hotspur|3.0|0.0|2.25|0.34|"[0.0677 0.0736 0.0671 0.0255 0.7884 0.0447 0.3769 0.0798 0.0347 0.0902
 0.1342 0.2715 0.0261 0.1284 0.0427]"|[0.0703 0.0648 0.0497 0.0218 0.0213 0.0627 0.0473]|2020/2021|True|True
0|3411580|2021-02-13|24|Brighton & Hove Albion|Aston Villa|0.0|0.0|2.23|0.14|"[0.0648 0.0579 0.0611 0.277  0.0468 0.06   0.0722 0.0307 0.0363 0.0679
 0.0255 0.0857 0.0339 0.0768 0.0461 0.0464 0.108  0.0869 0.0386 0.0265
 0.0435 0.0261 0.1077 0.6157 0.0595 0.0239]"|[0.0284 0.0348 0.0516 0.0249]|2020/2021|True|True
0|3411586|2021-02-14|24|Southampton|Wolverhampton Wanderers|1.0|2.0|0.78|1.16|[0.0692 0.2914 0.0694 0.0555 0.0337 0.0288 0.2314]|[0.0357 0.0319 0.0407 0.03   0.0324 0.7884 0.0319 0.066  0.0731 0.029 ]|2020/2021|True|True
0|3411587|2021-02-14|24|West Bromwich Albion|Manchester United|1.0|1.0|1.03|0.47|[0.1795 0.0495 0.0479 0.0616 0.024  0.3531 0.3107]|[0.0533 0.0899 0.046  0.0283 0.0677 0.0479 0.0266 0.0415 0.0247 0.0487]|2020/2021|True|True
0|3411579|2021-02-14|24|Arsenal|Leeds United|4.0|2.0|2.33|0.94|"[0.0304 0.0928 0.0764 0.0546 0.0508 0.3964 0.7884 0.0588 0.034  0.6257
 0.0693 0.0264 0.0258]"|[0.0731 0.0491 0.0733 0.0242 0.0361 0.025  0.2105 0.0377 0.408 ]|2020/2021|True|True
0|3411583|2021-02-14|24|Everton|Fulham|0.0|2.0|0.33|2.51|[0.0269 0.0417 0.0627 0.0218 0.0615 0.0543 0.0602]|"[0.1408 0.3469 0.0476 0.0835 0.0204 0.0907 0.021  0.0479 0.9073 0.0681
 0.0284 0.7242]"|2020/2021|True|True
0|3411588|2021-02-15|24|West Ham United|Sheffield United|3.0|0.0|1.94|0.67|"[0.0732 0.0587 0.0861 0.0786 0.0576 0.7884 0.0573 0.1179 0.0244 0.0252
 0.4482 0.0782 0.0468]"|[0.0327 0.0301 0.1071 0.0413 0.313  0.0519 0.0543 0.0352]|2020/2021|True|True
0|3411581|2021-02-15|24|Chelsea|Newcastle United|2.0|0.0|2.2|0.56|"[0.0367 0.0264 0.078  0.0783 0.058  0.0648 0.3959 0.4025 0.3576 0.343
 0.028  0.0518 0.0245 0.0617 0.0454 0.0518 0.0619 0.0321]"|[0.0429 0.0514 0.0281 0.0703 0.0534 0.1184 0.0116 0.0531 0.0712 0.0602]|2020/2021|True|True
0|3411510|2021-02-17|17|Burnley|Fulham|1.0|1.0|0.94|0.54|[0.0595 0.334  0.0214 0.1594 0.0455 0.0504 0.0399 0.2326]|[0.0459 0.0161 0.2    0.031  0.0276 0.0912 0.0777 0.0544]|2020/2021|True|True
0|3411503|2021-02-17|16|Everton|Manchester City|1.0|3.0|1.03|1.01|[0.0528 0.9619 0.0642]|"[0.024  0.0241 0.0335 0.0267 0.1292 0.0512 0.0419 0.072  0.0417 0.0427
 0.0526 0.2228 0.0975 0.0481 0.0468 0.0582]"|2020/2021|True|True
0|3411598|2021-02-19|25|Wolverhampton Wanderers|Leeds United|1.0|0.0|0.6|1.74|"[0.0274 0.0153 0.0256 0.0298 0.0258 0.026  0.113  0.0529 0.0497 0.0224
 0.0423 0.0301 0.0702 0.0341 0.0398]"|"[0.0598 0.0267 0.1236 0.0293 0.0672 0.0534 0.0254 0.0637 0.1272 0.0487
 0.0419 0.1679 0.1531    nan 0.3036 0.0712 0.0234 0.2959 0.0884]"|2020/2021|True|True
0|3411596|2021-02-20|25|Southampton|Chelsea|1.0|1.0|0.59|1.21|[0.3941 0.0869 0.0404 0.0741]|[0.0669 0.019  0.068  0.0601 0.7884 0.0787 0.0551 0.0606 0.0128]|2020/2021|True|True
0|3411592|2021-02-20|25|Burnley|West Bromwich Albion|0.0|0.0|0.5|1.59|[0.2682 0.0455 0.069  0.0422 0.0467 0.0238]|[0.0521 0.0152 0.0341 0.024  0.0263 0.1145 0.0252 0.051  0.733  0.5099]|2020/2021|True|True
0|3411594|2021-02-20|25|Liverpool|Everton|0.0|2.0|1.37|1.8|"[0.0601 0.0606 0.0416 0.0276 0.0636 0.0311 0.0637 0.06   0.3024 0.0324
 0.3988 0.0413 0.0874 0.0306 0.0663]"|[0.3216 0.0492 0.2302 0.0274 0.0143 0.0409 0.2964 0.7884 0.0291]|2020/2021|True|True
0|3411593|2021-02-20|25|Fulham|Sheffield United|1.0|0.0|1.2|0.92|"[0.0162 0.0225 0.0255 0.0341 0.0434 0.03   0.0646 0.0296 0.4381 0.0531
 0.2669 0.0241 0.0283 0.0627 0.0566]"|[0.3535 0.0567 0.0578 0.4516]|2020/2021|True|True
0|3411597|2021-02-21|25|West Ham United|Tottenham Hotspur|2.0|1.0|1.11|1.07|[0.7027 0.9011 0.058  0.08  ]|"[0.0571 0.1208 0.069  0.0296 0.0535 0.021  0.0565 0.0542 0.0478 0.088
 0.0414 0.0712 0.0247 0.0514 0.058  0.0429 0.057  0.0511 0.0432 0.0352]"|2020/2021|True|True
0|3411590|2021-02-21|25|Aston Villa|Leicester City|1.0|2.0|1.49|1.12|"[0.0994 0.2616 0.0167 0.0925 0.7864 0.0376 0.0269 0.015  0.0781 0.016
 0.0551]"|"[0.0484 0.0277 0.0469 0.0262 0.0405 0.036  0.0611 0.4615 0.0991 0.0307
 0.0269 0.0649 0.0246 0.0497 0.0243 0.0794]"|2020/2021|True|True
0|3411589|2021-02-21|25|Arsenal|Manchester City|0.0|1.0|0.34|1.79|[0.0606 0.0242 0.0531 0.0451 0.0408 0.0252 0.0879]|"[0.4519 0.4359 0.0755 0.0208 0.0724 0.0684 0.0496 0.0522 0.0472 0.0448
 0.0538 0.0225 0.0367 0.2908 0.0688]"|2020/2021|True|True
0|3411595|2021-02-21|25|Manchester United|Newcastle United|3.0|1.0|1.75|0.36|"[0.0327 0.0357 0.0336 0.0455 0.0283 0.291  0.0726 0.0362 0.7884 0.0288
 0.0363 0.1443 0.0747 0.0554 0.0466]"|[0.0639 0.033  0.0565 0.024  0.016  0.0392 0.022  0.0482 0.0267 0.0285]|2020/2021|True|True
0|3411591|2021-02-22|25|Brighton & Hove Albion|Crystal Palace|1.0|2.0|2.51|0.23|"[0.0502 0.0249 0.052  0.0366 0.0298 0.0403 0.0726 0.0408 0.4523 0.0269
 0.3425 0.0705 0.5457 0.1316 0.0588 0.0731 0.0966 0.0428 0.0398 0.0874
 0.0732 0.0353 0.0642 0.073  0.1034]"|[0.1557 0.0297 0.0406]|2020/2021|True|True
0|3411522|2021-02-23|18|Leeds United|Southampton|3.0|0.0|1.3|0.93|"[0.0928 0.1895 0.0741 0.0669 0.0598 0.0608 0.4533 0.0938 0.065  0.094
 0.0722]"|"[0.1046 0.3204 0.0386 0.0157 0.0535 0.0452 0.0587 0.0546 0.0214 0.0263
 0.0325 0.0361 0.1271]"|2020/2021|True|True
0|3411604|2021-02-27|26|Manchester City|West Ham United|2.0|1.0|0.46|1.93|[0.1023 0.0259 0.0242 0.0271 0.0281 0.0367 0.0665 0.038  0.0552 0.0531]|[0.0303 0.0526 0.2516 0.071  0.0325 0.4879 0.8989 0.0239 0.0953]|2020/2021|True|True
0|3411608|2021-02-27|26|West Bromwich Albion|Brighton & Hove Albion|1.0|0.0|0.8|2.95|[0.0221 0.317  0.1408 0.0239 0.2494 0.0444]|"[0.0724 0.7884 0.0834 0.0799 0.1348 0.1232 0.0609 0.5496 0.0271 0.11
 0.0563 0.7884 0.0528 0.0341 0.0221]"|2020/2021|True|True
0|3411602|2021-02-27|26|Leeds United|Aston Villa|0.0|1.0|0.86|0.7|"[0.0608 0.0356 0.0954 0.0544 0.0515 0.0394 0.0298 0.0404 0.0231 0.0286
 0.0144 0.0483 0.3402]"|[0.0544 0.1873 0.0287 0.0792 0.0327 0.0295 0.0723 0.1451 0.0687]|2020/2021|True|True
0|3411605|2021-02-27|26|Newcastle United|Wolverhampton Wanderers|1.0|1.0|1.69|1.14|"[0.0892 0.2417 0.0229 0.0391 0.0399 0.3564 0.038  0.0697 0.0293 0.0257
 0.0276 0.094  0.0449 0.0357 0.064  0.338  0.0242 0.0377 0.0682]"|"[0.043  0.0231 0.0595 0.3406 0.0408 0.0442 0.0307 0.0297 0.0307 0.0302
 0.0522 0.0759 0.054  0.2823]"|2020/2021|True|True
0|3411600|2021-02-28|26|Crystal Palace|Fulham|0.0|0.0|0.13|1.35|[0.0428 0.0319 0.0527]|"[0.062  0.291  0.0155 0.1054 0.021  0.0185 0.0581 0.0333 0.0455 0.342
 0.149  0.0268 0.0294 0.0554 0.036  0.0656]"|2020/2021|True|True
0|3411603|2021-02-28|26|Leicester City|Arsenal|1.0|3.0|0.37|2.38|[0.0461 0.0239 0.023  0.0459 0.0474 0.0492 0.0743 0.0635]|"[0.0865 0.0578 0.0263 0.0943 0.7884 0.208  0.1052 0.9103 0.0235 0.0181
 0.0404 0.0253]"|2020/2021|True|True
0|3411607|2021-02-28|26|Tottenham Hotspur|Burnley|4.0|0.0|2.11|0.66|"[0.4861 0.0288 0.0354 0.416  0.0425 0.0626 0.0899 0.0647 0.0254 0.0536
 0.0326 0.0264 0.0476 0.112  0.0976 0.4931]"|[0.0213 0.0269 0.0448 0.0524 0.0317 0.0648 0.2869 0.0364 0.04   0.0564]|2020/2021|True|True
0|3411599|2021-02-28|26|Chelsea|Manchester United|0.0|0.0|1.09|0.4|"[0.04535736 0.02977724 0.05298581 0.02536337 0.42442916 0.097681
 0.06023008 0.02736368 0.0282808  0.07445404 0.02825376 0.0428772
 0.03169769 0.0315974  0.03559103 0.02884997 0.01854631 0.0173093 ]"|"[0.02862792 0.06382001 0.02688213 0.02641176 0.03532064 0.04062957
 0.06010856 0.03730444 0.02515913 0.02999825 0.02504254]"|2020/2021|True|True
0|3411606|2021-02-28|26|Sheffield United|Liverpool|0.0|2.0|0.74|2.67|[0.0471 0.0466 0.0918 0.2364 0.0228    nan 0.0344 0.0423 0.2186]|"[0.3777 0.6518 0.1028 0.22   0.062  0.0837 0.0476 0.0286 0.3308 0.0297
 0.0449 0.0561 0.0674 0.0428 0.0463 0.4788]"|2020/2021|True|True
0|3411601|2021-03-01|26|Everton|Southampton|1.0|0.0|1.17|0.56|[0.556  0.1726 0.0878 0.0817 0.1465 0.0486 0.0795]|[0.0143 0.0336 0.0333 0.0255 0.2192 0.049  0.0209 0.0852 0.0802]|2020/2021|True|True
0|3411634|2021-03-02|29|Manchester City|Wolverhampton Wanderers|4.0|1.0|3.35|0.33|"[0.3025 0.0396 0.0524 0.0948 0.0429 0.0507 0.0495 0.4656 0.054  0.0451
 0.0418 0.0543 0.0381 0.2924 0.0493 0.1704 0.0279 0.0178 0.7165 0.0592
 0.0284 0.6992]"|[   nan 0.0594 0.0371 0.0874 0.0546 0.0559 0.0396]|2020/2021|True|True
0|3411630|2021-03-03|29|Burnley|Leicester City|1.0|1.0|1.76|1.2|"[0.0784 0.3726 0.0561 0.2454 0.5363 0.0207 0.2523 0.0363 0.0231 0.0287
 0.0813 0.0255]"|"[0.3382 0.0339 0.0153 0.3145 0.0589 0.0275 0.0154 0.0186 0.0469 0.0302
 0.0779 0.0379 0.0575 0.0545 0.0489 0.0275]"|2020/2021|True|True
0|3411635|2021-03-03|29|Sheffield United|Aston Villa|1.0|0.0|0.88|2.32|[0.0699 0.0844 0.0416 0.0391 0.5412 0.0451 0.0279 0.0216 0.0079]|"[0.0355 0.4166 0.0552 0.0747 0.422  0.0717 0.0478 0.0586 0.0566 0.7549
 0.0599 0.0365 0.0558 0.0781 0.0243 0.071 ]"|2020/2021|True|True
0|3411631|2021-03-03|29|Crystal Palace|Manchester United|0.0|0.0|0.88|0.93|[0.0688 0.0303 0.0446 0.1057 0.0452 0.083  0.0512 0.4547]|"[0.0416 0.0522 0.4644 0.0715 0.0257 0.0582 0.0409 0.0251 0.0515 0.044
 0.0575]"|2020/2021|True|True
0|3411671|2021-03-04|33|Fulham|Tottenham Hotspur|0.0|1.0|0.67|1.61|"[0.0546 0.0274 0.0578    nan 0.0876 0.0809 0.0546 0.0355 0.0334 0.1448
 0.0479 0.0486]"|[0.0686 0.3436 0.4824 0.0238 0.0492 0.0502 0.0461 0.5231 0.0585]|2020/2021|True|True
0|3411637|2021-03-04|29|West Bromwich Albion|Everton|0.0|1.0|1.03|1.03|"[0.2958 0.0257 0.0929 0.0397 0.0322 0.2673 0.056  0.0262 0.0587 0.0856
 0.0531]"|"[0.0299 0.1221 0.0267 0.0598 0.3093 0.0845 0.0257 0.0246 0.2463 0.0266
 0.0712]"|2020/2021|True|True
0|3411633|2021-03-04|29|Liverpool|Chelsea|0.0|1.0|0.28|0.96|[0.034  0.0341 0.0554 0.0277 0.0244 0.0458 0.0592]|"[0.0479 0.4664 0.0334 0.0562 0.0751 0.0538 0.0197 0.0433 0.0516 0.0698
 0.0511]"|2020/2021|True|True
0|3411611|2021-03-06|27|Burnley|Arsenal|1.0|1.0|1.11|2.52|[0.0259 0.0407 0.4949 0.0475 0.0992 0.0201 0.0572 0.2894 0.0398]|"[0.0553 0.0489 0.5946 0.5936 0.0574 0.051  0.0298 0.0751 0.0244 0.333
 0.3333 0.1097 0.1269 0.0664 0.0237]"|2020/2021|True|True
0|3411615|2021-03-06|27|Sheffield United|Southampton|0.0|2.0|0.73|1.91|[0.024  0.1504 0.2912 0.0469 0.0276 0.0804 0.0299 0.0749]|"[0.0246 0.0257 0.0485 0.0613 0.0151 0.7884 0.0282 0.0593 0.0506 0.0273
 0.3462 0.2906 0.0676 0.0279 0.0486]"|2020/2021|True|True
0|3411609|2021-03-06|27|Aston Villa|Wolverhampton Wanderers|0.0|0.0|0.59|1.67|[0.0241 0.2245 0.026  0.0375 0.0541 0.0402 0.0377 0.0516 0.0969]|[0.0305 0.0239 0.0589 0.0815 0.0354 0.1167 0.6599 0.0491 0.0314 0.6554]|2020/2021|True|True
0|3411610|2021-03-06|27|Brighton & Hove Albion|Leicester City|1.0|2.0|0.79|0.87|[0.0567 0.4181 0.0401 0.056  0.064  0.0808 0.0694]|[0.0806 0.0594 0.0685 0.0554 0.3774 0.155  0.0577 0.0201]|2020/2021|True|True
0|3411617|2021-03-07|27|West Bromwich Albion|Newcastle United|0.0|0.0|1.98|0.47|"[0.0186 0.064  0.2976 0.0225 0.0436 0.0587 0.0294 0.3975 0.2577 0.0548
 0.4537 0.2566 0.0207]"|[0.0871 0.0272 0.0445 0.0445 0.0247 0.0739 0.0648 0.0629 0.0399]|2020/2021|True|True
0|3411613|2021-03-07|27|Liverpool|Fulham|0.0|1.0|0.86|1.38|"[0.1025 0.0381 0.0291 0.0776 0.0632 0.0507 0.0547 0.036  0.1484 0.0445
 0.052  0.0261 0.0478 0.027  0.0254 0.0417]"|[0.0727 0.0522 0.0821 0.0737 0.7223 0.0612 0.1107 0.0499 0.0981 0.0555]|2020/2021|True|True
0|3411614|2021-03-07|27|Manchester City|Manchester United|0.0|2.0|1.29|1.75|"[0.0425 0.0473 0.0399 0.0253 0.0457 0.0311 0.0438 0.0273 0.0518 0.0558
 0.034  0.0646 0.049  0.07   0.0366 0.0393 0.0932 0.0423 0.2529 0.074
 0.0412 0.0295 0.0577]"|[0.7884 0.0792 0.0262 0.0414 0.0644 0.0552 0.3552 0.3396]|2020/2021|True|True
0|3411616|2021-03-07|27|Tottenham Hotspur|Crystal Palace|4.0|1.0|2.68|0.53|"[0.2092 0.6906 0.091  0.0699 0.6151 0.0306 0.029  0.0489 0.1297 0.0798
 0.035  0.6488]"|[0.3111 0.0352 0.0814 0.0389 0.0611]|2020/2021|True|True
0|3411612|2021-03-08|27|Chelsea|Everton|2.0|0.0|2.41|0.34|"[0.0318 0.0516 0.0223 0.0308 0.3296 0.0621 0.0327 0.0796 0.0435 0.0261
 0.0341 0.7884 0.0322 0.3085 0.0443 0.2412 0.245  0.0354 0.0298]"|[0.0437 0.1064 0.0149    nan 0.0315 0.0686 0.0258 0.0453]|2020/2021|True|True
0|3411618|2021-03-08|27|West Ham United|Leeds United|2.0|0.0|1.83|1.43|"[0.0627 0.7884 0.5106 0.0797 0.2223 0.0267 0.0352 0.0285 0.1881 0.0152
 0.0255 0.0887 0.0666 0.0269 0.0236 0.043 ]"|"[0.0349 0.0442 0.3191 0.0785 0.0673 0.0406 0.0312 0.0927 0.0274 0.0561
 0.0294 0.0848 0.0413 0.0712 0.3591 0.0292 0.023 ]"|2020/2021|True|True
0|3411675|2021-03-10|33|Manchester City|Southampton|5.0|2.0|2.61|1.73|"[0.1077 0.7221 0.0329 0.0225 0.0425 0.0773 0.6882 0.0146 0.0405 0.073
 0.056  0.282  0.0557 0.2751 0.052  0.0448 0.1496]"|"[0.0406 0.0443 0.7884 0.0238 0.0556 0.0771 0.0591 0.511  0.056  0.0193
 0.054 ]"|2020/2021|True|True
0|3411626|2021-03-12|28|Newcastle United|Aston Villa|1.0|1.0|1.5|0.89|"[0.0438 0.0635 0.0476 0.0588 0.0502 0.028  0.056  0.033  0.0286 0.0691
    nan 0.6813 0.3385]"|"[0.022  0.0318 0.0269 0.0429 0.0267 0.0298 0.0316 0.0909 0.0485 0.036
 0.0455 0.0484 0.019  0.341  0.0476]"|2020/2021|True|True
0|3411623|2021-03-13|28|Leeds United|Chelsea|0.0|0.0|0.39|0.95|[0.0365 0.0311 0.1275 0.0268 0.0847 0.0358 0.0474]|"[0.2154 0.0268 0.0464 0.0413 0.0333 0.0269 0.0613 0.0594 0.1368 0.0502
 0.0615 0.0431 0.0246 0.0556 0.072 ]"|2020/2021|True|True
0|3411620|2021-03-13|28|Crystal Palace|West Bromwich Albion|1.0|0.0|1.19|0.81|[0.0328 0.0446 0.7884 0.2286 0.0414 0.0561]|"[0.0275 0.0223 0.049  0.0471 0.027  0.0871 0.0725 0.062  0.03   0.0567
 0.2685 0.0563]"|2020/2021|True|True
0|3411621|2021-03-13|28|Everton|Burnley|1.0|2.0|1.52|0.82|"[0.0451 0.0311 0.0389 0.4263 0.0345 0.0878 0.0288 0.4679 0.0857 0.0377
 0.0881 0.0526 0.0647 0.029 ]"|"[0.0568 0.0368 0.0487 0.0294 0.067  0.0215 0.0703 0.0772 0.0467 0.0722
 0.1169 0.0763 0.0543 0.0493]"|2020/2021|True|True
0|3411622|2021-03-13|28|Fulham|Manchester City|0.0|3.0|0.26|2.21|[0.0559 0.1396 0.0599]|[0.3315 0.0213 0.076  0.05   0.4075 0.0614 0.4717 0.7884]|2020/2021|True|True
0|3411627|2021-03-14|28|Southampton|Brighton & Hove Albion|1.0|2.0|0.57|0.78|[0.0471 0.0635 0.0327 0.0266 0.0211 0.1442 0.0413 0.0449 0.147 ]|[0.0489 0.0259 0.235  0.0313 0.2836 0.0299 0.0577 0.0726]|2020/2021|True|True
0|3411624|2021-03-14|28|Leicester City|Sheffield United|5.0|0.0|3.98|0.1|"[0.0399 0.041  0.0577 0.2425 0.0228 0.6137 0.0237 0.4396 0.3987 0.0452
 0.0592 0.4114 0.0802 0.0343 0.0258 0.0576 0.4791 0.5795 0.3259]"|[0.0984    nan]|2020/2021|True|True
0|3411619|2021-03-14|28|Arsenal|Tottenham Hotspur|2.0|1.0|1.75|0.38|"[0.0425 0.0254 0.0236 0.0261 0.0447 0.3537 0.0694 0.1962 0.065  0.0621
 0.0331 0.0237 0.7884]"|[0.0719 0.0494 0.0421 0.0479 0.1034 0.068 ]|2020/2021|True|True
0|3411625|2021-03-14|28|Manchester United|West Ham United|1.0|0.0|1.54|0.58|"[0.1364 0.0452 0.3908 0.029  0.0229 0.0472 0.054  0.0645 0.0269 0.1631
 0.0776 0.0455 0.0467 0.2977 0.0878]"|[   nan 0.0347 0.0579 0.2027 0.1059 0.0546 0.075  0.0534]|2020/2021|True|True
0|3411628|2021-03-15|28|Wolverhampton Wanderers|Liverpool|0.0|1.0|1.07|0.86|[0.0731 0.0534 0.0679 0.0631 0.0528 0.061  0.0567 0.0296 0.044  0.5724]|"[0.0579 0.0491 0.0511 0.2003 0.0603 0.0247 0.1356 0.0336 0.0673 0.0736
 0.044  0.0653]"|2020/2021|True|True
0|3411632|2021-03-19|29|Fulham|Leeds United|1.0|2.0|1.63|1.29|"[0.0487 0.1045 0.1675 0.0571 0.0277 0.127  0.0838 0.0467 0.1833 0.0307
 0.0969 0.6169 0.0353]"|"[0.0563 0.185  0.0824 0.0167 0.0842 0.5889 0.0481 0.03   0.056  0.0336
 0.0332 0.0498 0.0231]"|2020/2021|True|True
0|3411629|2021-03-20|29|Brighton & Hove Albion|Newcastle United|3.0|0.0|0.91|0.1|"[0.0444 0.2499 0.0454 0.0476 0.0523 0.2075 0.0286 0.0301 0.0491 0.0902
 0.0655]"|[0.0234 0.0492 0.0226]|2020/2021|True|True
0|3411638|2021-03-21|29|West Ham United|Arsenal|3.0|3.0|2.43|1.36|"[0.0406 0.0528 0.0839 0.0605 0.053  0.0498 0.7277 0.0522    nan 0.0352
    nan 0.0772 0.2548 0.78   0.063  0.0484 0.0558]"|"[0.0388 0.0239 0.0846 0.0784 0.0153 0.1043 0.1213 0.0485 0.042  0.0258
 0.0995 0.0211 0.041  0.4612 0.0686 0.0826]"|2020/2021|True|True
0|3411520|2021-03-21|18|Aston Villa|Tottenham Hotspur|0.0|2.0|0.41|1.79|[0.1176 0.0351 0.022  0.0376 0.0919 0.0431 0.0198 0.0473]|[0.0273 0.6679 0.0573 0.1056 0.0168 0.0344 0.7884 0.0535 0.035 ]|2020/2021|True|True
0|3411641|2021-04-03|30|Chelsea|West Bromwich Albion|2.0|5.0|2.1|1.63|"[0.0481 0.041  0.0592 0.2321 0.0537 0.0871 0.0885 0.0485 0.3984 0.045
 0.0383 0.1143 0.0962 0.079  0.4436 0.1858 0.0339 0.0246]"|"[0.0484 0.1438 0.1323 0.1999 0.0494 0.0721 0.0402 0.0475 0.0618 0.0677
 0.0256 0.334  0.0308 0.3814]"|2020/2021|True|True
0|3411643|2021-04-03|30|Leeds United|Sheffield United|2.0|1.0|2.42|1.11|"[0.0722 0.026  0.04   0.7433 0.035  0.0669 0.1532 0.0528 0.2885 0.0151
 0.0283 0.0515 0.0407 0.0371 0.0406 0.0341 0.3068 0.1156 0.0737 0.0466
 0.0954 0.0331 0.0268]"|[0.0321 0.0189 0.0181 0.0643 0.7601 0.0315    nan 0.1231 0.0199 0.0374]|2020/2021|True|True
0|3411644|2021-04-03|30|Leicester City|Manchester City|0.0|2.0|0.29|1.45|[0.0304 0.1064 0.0412 0.0317 0.0772]|"[0.0594 0.0788 0.0911 0.1121 0.0295 0.0618 0.0605 0.0594 0.0743 0.545
 0.2752]"|2020/2021|True|True
0|3411639|2021-04-03|30|Arsenal|Liverpool|0.0|3.0|0.12|2.38|[0.0731 0.0343 0.0134]|"[0.03   0.0236 0.0614 0.0371 0.0467 0.0917 0.0258 0.0645 0.3836 0.3516
 0.0269 0.3135 0.0294 0.4642 0.1283 0.3057]"|2020/2021|True|True
0|3411647|2021-04-04|30|Southampton|Burnley|3.0|2.0|2.23|1.52|"[0.0885 0.0313 0.0316 0.0531 0.0428 0.0476 0.052  0.0582 0.0384 0.0644
 0.025  0.0343 0.5109 0.0336 0.0536 0.3928 0.0169 0.0356 0.0309 0.0711
 0.0801 0.1044 0.0307 0.3109]"|[0.0498 0.7884 0.0499 0.1022 0.0488 0.0312 0.4537]|2020/2021|True|True
0|3411646|2021-04-04|30|Newcastle United|Tottenham Hotspur|2.0|2.0|4.03|2.65|"[0.0396 0.0397 0.0775 0.3485 0.8213 0.0312 0.0373 0.4669 0.1028 0.0248
 0.0732 0.0719 0.051  0.0768 0.0506 0.062  0.0811 0.2359 0.6923 0.8682
 0.0323 0.0274]"|"[0.0828 0.0437 0.9613 0.272  0.3623 0.0671 0.6285 0.0245 0.1075 0.0596
 0.0419]"|2020/2021|True|True
0|3411640|2021-04-04|30|Aston Villa|Fulham|3.0|1.0|1.46|0.96|"[0.0236 0.0366 0.0287 0.1152 0.0226 0.0606 0.0318 0.0171 0.0213 0.0567
 0.0612 0.0342 0.3261 0.6267]"|"[0.0373 0.0165 0.0526 0.0507 0.0378 0.0536 0.1647 0.0423 0.052  0.0246
 0.2552 0.0252 0.0246 0.0907 0.0344]"|2020/2021|True|True
0|3411645|2021-04-04|30|Manchester United|Brighton & Hove Albion|2.0|1.0|1.48|1.17|"[0.0246 0.051  0.0609 0.0259 0.0429 0.2528 0.2452 0.0481 0.0449 0.0254
 0.0256 0.1023 0.046  0.0602 0.423 ]"|[0.3542 0.9072 0.1352 0.0486 0.0447]|2020/2021|True|True
0|3411642|2021-04-05|30|Everton|Crystal Palace|1.0|1.0|2.5|0.72|"[0.316  0.4293 0.2945 0.0641 0.0879 0.0233 0.0771 0.0387 0.0696 0.3757
 0.0786 0.4402 0.0956 0.0788 0.0307]"|"[0.0561 0.0193 0.0543 0.0252 0.0239 0.0528 0.0491 0.0265 0.0605 0.0268
 0.0514 0.2199 0.0551]"|2020/2021|True|True
0|3411648|2021-04-05|30|Wolverhampton Wanderers|West Ham United|2.0|3.0|2.15|1.22|"[0.11825394 0.04416746 0.02797026 0.06111645 0.04700848 0.05607943
 0.08092801 0.11415587 0.38688128 0.55345924 0.02430881 0.24775805
 0.08310072 0.02832195 0.0435519  0.0298507  0.27651905 0.05226262
 0.06296285 0.02435569]"|"[0.02769345 0.43572345 0.04368894 0.14974154 0.08332101 0.05640996
 0.09324085 0.05908198 0.27438709]"|2020/2021|True|True
0|3411652|2021-04-09|31|Fulham|Wolverhampton Wanderers|0.0|1.0|0.86|0.5|"[0.1965 0.1134 0.0519 0.0232 0.0435 0.076  0.0272 0.0245 0.0588 0.0356
 0.0531 0.0285 0.0218 0.1023]"|[0.0331 0.0351 0.1332 0.1005 0.0482 0.1025 0.0507]|2020/2021|True|True
0|3411654|2021-04-10|31|Manchester City|Leeds United|1.0|2.0|2.16|0.13|"[0.0666 0.0288 0.0543 0.0936 0.0884 0.1307 0.0883 0.0268 0.0923 0.0561
 0.1351 0.0861 0.0384 0.1121 0.0258 0.0298 0.1656 0.0163 0.06   0.1247
 0.0438 0.0234 0.0525 0.3163 0.027  0.0325 0.0501 0.0383 0.0595]"|[0.057  0.0764]|2020/2021|True|True
0|3411653|2021-04-10|31|Liverpool|Aston Villa|2.0|1.0|2.26|0.55|"[0.02816117 0.04062327 0.04159192 0.37019891 0.0275534  0.02735426
 0.06356046 0.06010876 0.08623387 0.0417733  0.04565819 0.04494166
 0.05193289 0.07470059 0.02630693 0.05585968 0.05009822 0.512604
 0.02864707 0.11833563 0.11378821 0.03440024 0.34568124]"|"[0.1454758  0.02220421 0.03065681 0.07110521 0.0541773  0.0743046
 0.07185889 0.02288735 0.05889193]"|2020/2021|True|True
0|3411651|2021-04-10|31|Crystal Palace|Chelsea|1.0|4.0|0.38|3.13|[0.3841]|"[0.0488 0.3896 0.0597 0.0677 0.0985 0.2547 0.0876 0.211  0.0607 0.0291
 0.064  0.0399 0.0783 0.0411 0.0582 0.0372 0.2835 0.0758 0.0326 0.7739
 0.0416 0.2603 0.0366]"|2020/2021|True|True
0|3411650|2021-04-11|31|Burnley|Newcastle United|1.0|2.0|2.03|1.25|"[0.0521 0.0573 0.0751 0.0762 0.019  0.5136 0.0338 0.0901 0.0675 0.2444
 0.0521 0.0232 0.0227 0.047  0.0394 0.0459 0.1921 0.0336 0.0486 0.0884
 0.0556 0.0572 0.0571 0.0357]"|[0.0821 0.0994 0.4884 0.0978 0.0556 0.0586 0.0503 0.0543 0.0347 0.2784]|2020/2021|True|True
0|3411658|2021-04-11|31|West Ham United|Leicester City|3.0|2.0|0.82|0.9|[0.057  0.102  0.2588 0.4072]|"[0.0231 0.0457 0.0326 0.074  0.0634 0.0527 0.0414 0.0618 0.0568 0.0344
 0.1915 0.0472 0.0491 0.0673 0.0614]"|2020/2021|True|True
0|3411656|2021-04-11|31|Tottenham Hotspur|Manchester United|1.0|3.0|0.87|2.11|"[0.0623 0.0466 0.3424 0.0289 0.0721 0.0651 0.0667 0.0426 0.0305 0.0254
 0.0597 0.0242]"|"[0.0625 0.042  0.0456 0.1274 0.7221 0.0305 0.0469 0.7239 0.0534 0.0283
 0.2512 0.0646]"|2020/2021|True|True
0|3411655|2021-04-11|31|Sheffield United|Arsenal|0.0|3.0|0.33|1.74|[0.0694 0.0281 0.0241 0.0594 0.0394 0.0236 0.0822]|"[0.0567 0.0248 0.0826 0.0339 0.0459 0.3701 0.051  0.0309 0.0575 0.0333
 0.0553 0.5855 0.0706 0.2778]"|2020/2021|True|True
0|3411657|2021-04-12|31|West Bromwich Albion|Southampton|3.0|0.0|2.97|1.6|"[0.0553 0.0564 0.4688 0.2606 0.051  0.1418 0.279  0.0684 0.0735 0.7884
 0.3588 0.0439 0.0256 0.0589 0.2405]"|"[0.0516 0.0188 0.1444 0.1043 0.033  0.0692 0.0898 0.0313 0.0269 0.0254
 0.0696 0.0652 0.7884 0.0802]"|2020/2021|True|True
0|3411649|2021-04-12|31|Brighton & Hove Albion|Everton|0.0|0.0|1.18|0.39|"[0.0318 0.0242 0.0528 0.0491 0.0955 0.0144 0.0473 0.0267 0.0531 0.0273
 0.043  0.1168 0.0387 0.0611 0.0327 0.0589 0.0761 0.0585 0.0361 0.0879
 0.0422 0.0648 0.0394]"|[0.0291 0.0274 0.0626 0.0492 0.0857 0.0396 0.0433 0.05  ]|2020/2021|True|True
0|3411662|2021-04-16|32|Everton|Tottenham Hotspur|2.0|2.0|1.79|1.39|"[0.0223 0.0554 0.7884 0.094  0.0262 0.0482 0.0863 0.0382 0.0552 0.1031
 0.0854 0.0323 0.0757 0.0256 0.0765 0.0631 0.0774 0.0458]"|"[0.0268 0.0665 0.4035 0.0182 0.1092 0.0641 0.0733 0.4355 0.0346 0.0435
 0.0324 0.0845]"|2020/2021|True|True
0|3411666|2021-04-17|32|Newcastle United|West Ham United|3.0|2.0|2.27|1.95|"[0.0548 0.0537 0.0458 0.0282 0.0209 0.0333 0.0458 0.4827 0.0454 0.894
 0.0739 0.0222 0.0474 0.3139 0.0644 0.0437]"|"[0.0469 0.0407 0.0328 0.057     nan 0.0477 0.0288 0.1636 0.0259 0.1437
 0.0251 0.0198 0.2247 0.017  0.2526 0.7884 0.0373]"|2020/2021|True|True
0|3411668|2021-04-17|32|Wolverhampton Wanderers|Sheffield United|1.0|0.0|1.13|0.46|[0.047  0.1518 0.0553 0.0344 0.1256 0.0573 0.4478 0.0539 0.0773 0.0752]|[0.0231 0.0237 0.0565 0.2177 0.0261 0.0254 0.0439 0.044 ]|2020/2021|True|True
0|3411659|2021-04-18|32|Arsenal|Fulham|1.0|1.0|2.66|0.87|"[0.5063 0.4668 0.0293 0.0335 0.1085 0.1979 0.281  0.0494 0.0332 0.0114
 0.0594 0.0264 0.0658 0.0147 0.0613 0.1032 0.0568 0.6047]"|[0.0265 0.0576 0.7884]|2020/2021|True|True
0|3411665|2021-04-18|32|Manchester United|Burnley|3.0|1.0|2.71|0.86|"[0.0782 0.0447 0.038  0.0448 0.0398 0.0774 0.0491 0.3147 0.0884 0.0395
 0.0536 0.02   0.0211 0.34   0.4197 0.3591 0.8361]"|[0.2087 0.0271 0.1145 0.0549 0.2866 0.0275 0.0269 0.058  0.0266 0.0254]|2020/2021|True|True
0|3411663|2021-04-19|32|Leeds United|Liverpool|1.0|1.0|2.31|1.45|"[0.074  0.338  0.0399 0.051  0.0649 0.0681 0.3599 0.4744 0.3823 0.0436
 0.2874 0.1273]"|"[0.0245 0.0292 0.0618 0.1128 0.0433 0.2967 0.0612 0.027  0.2988 0.0314
 0.0437 0.1513 0.0614 0.0445 0.0207 0.0714 0.069 ]"|2020/2021|True|True
0|3411661|2021-04-20|32|Chelsea|Brighton & Hove Albion|0.0|0.0|0.72|0.47|[0.0678 0.3685 0.0223 0.0784 0.0655 0.0368 0.0802]|"[0.0271 0.0192 0.0264 0.0626 0.0485 0.0215 0.0583 0.0273 0.0565 0.0701
 0.0501]"|2020/2021|True|True
0|3411636|2021-04-21|29|Tottenham Hotspur|Southampton|2.0|1.0|1.44|0.8|"[0.0641 0.0246 0.0487 0.0806 0.0601 0.0989 0.0596 0.0355 0.0873 0.0639
 0.0306 0.7884]"|[0.1842 0.3677 0.0225 0.0603 0.0249 0.0304 0.0757 0.033  0.0429 0.0288]|2020/2021|True|True
0|3411660|2021-04-21|32|Aston Villa|Manchester City|1.0|2.0|0.72|1.2|[0.2954 0.0937 0.0409 0.049  0.0492 0.0583 0.027  0.104 ]|"[0.0686 0.0328 0.0242 0.0238 0.442  0.1125 0.1086 0.1619 0.0291 0.0168
 0.0663 0.0687 0.0479]"|2020/2021|True|True
0|3411664|2021-04-22|32|Leicester City|West Bromwich Albion|3.0|0.0|2.07|0.55|"[0.0593 0.0537 0.2514 0.0581 0.1863 0.0568 0.0575 0.0284 0.028  0.3976
 0.4805 0.0473 0.0239 0.0719 0.1026 0.1403 0.0279]"|[0.0427 0.0592 0.0762 0.3702]|2020/2021|True|True
0|3411669|2021-04-23|33|Arsenal|Everton|0.0|1.0|0.8|0.53|"[0.0268 0.0694 0.0212 0.079  0.1068 0.0643 0.0324 0.0651 0.1224 0.0296
 0.0232    nan 0.0453 0.0664 0.0529]"|[0.0965 0.1104 0.029  0.0162 0.0434 0.0511 0.0544 0.133 ]|2020/2021|True|True
0|3411674|2021-04-24|33|Liverpool|Newcastle United|1.0|1.0|2.44|1.04|"[0.0788 0.0339 0.0543 0.0922 0.0686 0.1443 0.351  0.4106 0.0719 0.0211
 0.1099 0.0708 0.0577 0.4064 0.0425 0.2432 0.0604 0.0207 0.0273 0.0471
 0.0134 0.0185]"|[0.2892 0.0342 0.062  0.0345 0.0531 0.4751 0.091 ]|2020/2021|True|True
0|3411677|2021-04-24|33|West Ham United|Chelsea|0.0|1.0|0.4|2.54|[0.0261 0.1127 0.0254 0.0331 0.0501 0.0227 0.0765 0.0339 0.02  ]|"[0.076  0.0676 0.0896 0.0331 0.0856 0.3876 0.0282 0.5979 0.0672 0.0267
 0.0546 0.0343 0.0311 0.0413 0.024  0.0245 0.8905]"|2020/2021|True|True
0|3411676|2021-04-24|33|Sheffield United|Brighton & Hove Albion|1.0|0.0|0.74|2.01|[0.0403 0.0589 0.4333 0.031  0.0189 0.0471 0.1115]|"[0.2565 0.0382 0.0389 0.0717 0.062  0.0398 0.0558 0.056  0.0521 0.0698
 0.0309 0.2918 0.8328 0.0286 0.041  0.0243 0.0242]"|2020/2021|True|True
0|3411678|2021-04-25|33|Wolverhampton Wanderers|Burnley|0.0|4.0|0.43|2.03|"[0.0561 0.0382 0.0357 0.0643 0.0284 0.0148 0.0536 0.0228 0.0285 0.0262
 0.022  0.0383]"|"[0.0519 0.0441 0.0281 0.0447 0.6564 0.0569 0.6009 0.0253 0.318  0.0234
 0.0243 0.0373 0.0525 0.0699]"|2020/2021|True|True
0|3411672|2021-04-25|33|Leeds United|Manchester United|0.0|0.0|0.26|1.17|[0.0335 0.0371 0.0378 0.0424 0.0895 0.0196]|"[0.0522 0.0687 0.2311 0.0279 0.0834 0.0698 0.0851 0.0567 0.0402 0.0559
 0.0305 0.071  0.0636 0.1175 0.03   0.0891]"|2020/2021|True|True
0|3411670|2021-04-25|33|Aston Villa|West Bromwich Albion|2.0|2.0|3.27|1.46|"[0.0596 0.7884 0.0315 0.0664 0.0303 0.0879 0.0649    nan 0.0534 0.0527
 0.0482 0.0372 0.0628 0.0545 0.0619 0.2645 0.0408 0.0234 0.0708 0.0494
 0.1395 0.3196 0.7913 0.0431 0.0239]"|[0.083  0.7884 0.0778 0.0513 0.0625 0.256  0.0319 0.0276 0.0469 0.0307]|2020/2021|True|True
0|3411673|2021-04-26|33|Leicester City|Crystal Palace|2.0|1.0|1.51|0.74|"[0.08420785 0.0509351  0.04019455 0.05120291 0.05322843 0.03921245
 0.282915   0.02805767 0.06706848 0.09491668 0.6186318  0.05441308
 0.04997021]"|[0.53498333 0.03556652 0.10509183 0.06542256]|2020/2021|True|True
0|3411686|2021-04-30|34|Southampton|Leicester City|1.0|1.0|0.97|1.95|[0.0721 0.0325 0.0263 0.0554 0.7884]|"[0.1612 0.0258 0.0225 0.0455 0.0361 0.0316 0.0258 0.0314 0.0312 0.0824
 0.0154 0.0322 0.3976 0.0699 0.0266 0.0454 0.3159 0.0289 0.038  0.061
 0.3457 0.0183 0.0659]"|2020/2021|True|True
0|3411682|2021-05-01|34|Crystal Palace|Manchester City|0.0|2.0|0.94|1.83|[0.0261 0.07   0.0381 0.6022 0.0383 0.0533 0.0429 0.038  0.0305]|"[0.0629 0.0282 0.1758 0.0503 0.1171 0.0698 0.0424 0.0535 0.0532 0.2993
 0.3999 0.0588 0.0296 0.083  0.0643 0.0506 0.0512 0.06   0.0326 0.0519]"|2020/2021|True|True
0|3411679|2021-05-01|34|Brighton & Hove Albion|Leeds United|2.0|0.0|2.27|0.62|"[0.0567 0.041  0.06   0.0415 0.0292 0.7884 0.2958 0.0502 0.0963 0.1772
 0.0865 0.0446 0.2934 0.0516 0.0575 0.0748 0.0298]"|"[0.0129 0.0263 0.1976 0.0305 0.0388 0.0824 0.0262 0.0717 0.0447 0.0625
 0.0299]"|2020/2021|True|True
0|3411681|2021-05-01|34|Chelsea|Fulham|2.0|0.0|1.8|0.33|[0.2759 0.05   0.4672 0.058  0.5425 0.1481 0.0576 0.0605 0.1409]|[0.0288 0.0119 0.0227 0.0487 0.0253 0.0335 0.0372 0.0554 0.0369 0.0264]|2020/2021|True|True
0|3411683|2021-05-01|34|Everton|Aston Villa|1.0|2.0|1.02|1.62|"[0.0463 0.0932 0.0297 0.3129 0.0297 0.0697 0.0257 0.0958 0.0657 0.0308
 0.0359 0.0519 0.0453 0.0286 0.0352 0.0203]"|"[0.0268 0.3294 0.0333 0.0568 0.2441 0.0311 0.3977 0.4509 0.0463 0.0595
 0.066  0.0396 0.0268]"|2020/2021|True|True
0|3411685|2021-05-02|34|Newcastle United|Arsenal|0.0|2.0|0.27|1.96|[0.0326 0.0865 0.0966 0.0283 0.0241]|"[0.1233 0.0366 0.0563 0.0464 0.2016 0.0795 0.0274 0.0545 0.0189 0.0812
 0.0924 0.0435 0.0662 0.0293 0.1459 0.713  0.0347 0.093  0.0178]"|2020/2021|True|True
0|3411687|2021-05-02|34|Tottenham Hotspur|Sheffield United|4.0|0.0|2.21|0.47|"[0.0364 0.0297 0.0339 0.0754 0.0713 0.6147 0.0633 0.0225 0.0303 0.0296
 0.0242 0.3508 0.0506 0.0551 0.0557 0.053  0.0327 0.0411 0.4802 0.0623]"|[0.1163 0.0306 0.0264 0.0338 0.0483 0.0895 0.0612 0.0618]|2020/2021|True|True
0|3411688|2021-05-03|34|West Bromwich Albion|Wolverhampton Wanderers|1.0|1.0|1.14|0.98|[0.0496 0.036  0.1142 0.0743 0.077  0.3733 0.3249 0.0421 0.0272 0.0262]|"[0.0232 0.0724 0.0589 0.06   0.0255 0.0456 0.1019 0.0224 0.0551 0.037
 0.074  0.0252 0.0626 0.0258 0.0523 0.0563 0.0391 0.0429 0.0358 0.0602]"|2020/2021|True|True
0|3411680|2021-05-03|34|Burnley|West Ham United|1.0|2.0|2.23|2.33|[0.7884 0.2426 0.0738 0.3737 0.6106 0.1492 0.0419 0.0179]|"[0.0232 0.0505 0.0275 0.0884 0.0566 0.4432 0.0404 0.6033 0.0551 0.0718
 0.0708 0.1965 0.0309 0.1547 0.0272 0.0283 0.0502 0.0643 0.0283 0.0773
 0.0485 0.0902]"|2020/2021|True|True
0|3411693|2021-05-07|35|Leicester City|Newcastle United|2.0|4.0|2.24|2.68|"[0.1138 0.0313 0.029  0.1101 0.0574 0.0644 0.5768 0.0529 0.0678 0.0851
 0.0352 0.028  0.0506 0.0555 0.0293 0.0443 0.0505 0.097  0.0699 0.0643
 0.0602 0.0614 0.0458 0.3316 0.0254]"|"[0.0716 0.0313 0.1424 0.5032 0.3001 0.0189 0.2112 0.0622 0.0441 0.5277
 0.4717 0.419  0.0529 0.0177]"|2020/2021|True|True
0|3411692|2021-05-08|35|Leeds United|Tottenham Hotspur|3.0|1.0|2.54|0.89|"[0.0695 0.1368 0.048  0.6344 0.0628 0.0427 0.0893 0.7459 0.0294 0.058
 0.0737 0.0482 0.0621 0.0325 0.3337 0.072 ]"|"[0.0497 0.0473 0.365  0.0529 0.0308 0.0592 0.0428 0.0503 0.0961 0.0593
 0.0396]"|2020/2021|True|True
0|3411696|2021-05-08|35|Sheffield United|Crystal Palace|0.0|2.0|0.68|2.04|[0.0502 0.0513 0.069  0.0465 0.1137 0.2948 0.0504]|"[0.275  0.0274 0.0556 0.0191 0.063  0.0176 0.1236 0.0624 0.2919 0.0524
 0.1539 0.0547 0.0765 0.0476 0.0978 0.0344 0.3594 0.0321 0.0574 0.0313
 0.1038]"|2020/2021|True|True
0|3411695|2021-05-08|35|Manchester City|Chelsea|1.0|2.0|1.8|0.66|"[0.0554 0.0283 0.029  0.0245 0.0335 0.3993 0.7884 0.027  0.0286 0.0665
 0.0326 0.043  0.0523 0.0378 0.0679 0.0865]"|"[0.0667 0.0538 0.0324 0.0781 0.0251 0.0226 0.025  0.0555 0.0542 0.0626
 0.0302 0.1497]"|2020/2021|True|True
0|3411694|2021-05-08|35|Liverpool|Southampton|2.0|0.0|1.72|1.12|"[0.1049 0.3107 0.0542 0.2849 0.0321 0.0516 0.4402 0.0681 0.0331 0.0465
 0.0764 0.0638 0.1168 0.041 ]"|"[0.04   0.0345 0.0248 0.0262 0.4026 0.0429 0.0397 0.2391 0.0367 0.0263
 0.0681 0.143 ]"|2020/2021|True|True
0|3411698|2021-05-09|35|Wolverhampton Wanderers|Brighton & Hove Albion|2.0|1.0|1.12|0.32|"[0.0435 0.0662 0.0252 0.0232 0.0654 0.0546 0.0277 0.028  0.015  0.091
 0.0407 0.0439 0.3731 0.0449 0.0816 0.0913]"|[0.0417 0.0796 0.0344 0.0459 0.1147]|2020/2021|True|True
0|3411690|2021-05-09|35|Aston Villa|Manchester United|1.0|3.0|0.5|1.74|"[0.0206 0.0751 0.0527 0.0195 0.0417 0.059  0.0187 0.0431 0.0696 0.0663
 0.0343]"|"[0.0321 0.059  0.025  0.1037 0.0428 0.0266 0.0206 0.0289 0.0397 0.0436
 0.7884 0.0442 0.0254 0.0236 0.0741 0.0413 0.0292 0.2879]"|2020/2021|True|True
0|3411697|2021-05-09|35|West Ham United|Everton|0.0|1.0|1.28|1.53|"[0.0278 0.0577 0.0158 0.0439 0.0394 0.1802 0.0826 0.0484 0.734  0.0536
 0.0349]"|[0.3408 0.0542 0.1964 0.0925 0.0639 0.0367 0.0645 0.1844 0.495 ]|2020/2021|True|True
0|3411689|2021-05-09|35|Arsenal|West Bromwich Albion|3.0|1.0|0.95|1.79|"[0.0279 0.0953 0.0295 0.3426 0.0337 0.0285 0.0694 0.033  0.0529 0.0457
 0.0413 0.0195 0.0352 0.0272 0.0713]"|"[0.0189 0.0501 0.024  0.3241 0.0386 0.6967 0.0247 0.0163 0.0649 0.4219
 0.0481 0.0612]"|2020/2021|True|True
0|3411691|2021-05-10|35|Fulham|Burnley|0.0|2.0|1.04|1.67|"[0.0413 0.0813 0.0326 0.0349 0.0487 0.0273 0.0234 0.0298 0.0294 0.0752
 0.0359 0.0795 0.0248 0.0414 0.0561 0.0246 0.0448 0.0792 0.049  0.1352
 0.0495]"|"[0.0266 0.029  0.0804 0.0427 0.2223 0.1466 0.3282 0.4755 0.0558 0.0506
 0.0602 0.0417 0.0649 0.049 ]"|2020/2021|True|True
0|3411702|2021-05-11|36|Manchester United|Leicester City|1.0|2.0|0.23|0.91|[0.0549 0.0668 0.0632 0.0499]|"[0.0511 0.0254 0.0651 0.0604 0.025  0.0242 0.032  0.4316 0.0306 0.107
 0.0294 0.032 ]"|2020/2021|True|True
0|3411667|2021-05-11|32|Southampton|Crystal Palace|3.0|1.0|1.25|1.48|"[0.0683 0.0475 0.0445 0.0268 0.041  0.0693 0.0378 0.2631 0.0467 0.4648
 0.0592 0.053  0.0269]"|"[0.0279 0.19   0.0303 0.0506 0.7884 0.0635 0.1017 0.0728 0.0177 0.0594
 0.0776]"|2020/2021|True|True
0|3411704|2021-05-12|36|Chelsea|Arsenal|0.0|1.0|1.79|0.64|"[0.0391 0.3347 0.1258 0.0596 0.1128 0.0537 0.0651 0.038  0.0469 0.0951
 0.0219 0.0407 0.0496 0.109  0.0402 0.4702 0.0292 0.0303 0.0424]"|[0.0258 0.4906 0.0586 0.0437 0.0179]|2020/2021|True|True
0|3411530|2021-05-13|19|Aston Villa|Everton|0.0|0.0|0.6|1.06|"[0.0195 0.0522 0.0619 0.0255 0.034  0.0221 0.1128 0.0551 0.0206 0.0461
 0.0661 0.0501 0.0384]"|"[0.059  0.0528 0.0431 0.0654 0.1301 0.0347 0.0489 0.0576 0.0719 0.0517
 0.066  0.199  0.037  0.0612 0.0977]"|2020/2021|True|True
0|3411684|2021-05-13|34|Manchester United|Liverpool|2.0|4.0|2.07|2.76|"[0.039  0.2162 0.0571 0.0951 0.038  0.0439 0.0437 0.0949 0.1081 0.5552
 0.3096 0.0923 0.043  0.027  0.0701 0.0276 0.1081 0.2685]"|"[0.0635 0.462  0.0543 0.0548 0.0302 0.0463 0.1815 0.0481 0.0145 0.1451
 0.0487 0.4338 0.5027 0.0645 0.0298 0.0479 0.552 ]"|2020/2021|True|True
0|3411705|2021-05-14|36|Newcastle United|Manchester City|3.0|4.0|2.23|1.46|"[0.1236 0.1039 0.0709 0.0467 0.7884 0.0379 0.0536 0.7884 0.4292 0.0698
 0.052 ]"|"[0.0271 0.0415 0.0386 0.1405 0.0287 0.0768 0.0314 0.0769 0.4199 0.0259
 0.368  0.0548 0.0417 0.0671 0.0306]"|2020/2021|True|True
0|3411700|2021-05-15|36|Burnley|Leeds United|0.0|4.0|1.29|1.54|"[0.0207 0.055  0.0509 0.0607 0.0281 0.3946 0.0414 0.0439 0.0268 0.2193
 0.0525 0.0336 0.1308 0.0398 0.055  0.0399]"|"[0.0495 0.0482 0.0499 0.0561 0.02   0.0679 0.0498 0.0824 0.0317 0.0288
 0.1169 0.0328 0.0423 0.4293 0.4039 0.0335]"|2020/2021|True|True
0|3411706|2021-05-15|36|Southampton|Fulham|3.0|1.0|1.6|0.85|"[0.0537 0.0598 0.5947 0.1394 0.0483 0.0497 0.0576 0.4055 0.0412 0.063
 0.0823]"|[0.042  0.1005 0.0681 0.1518 0.0227 0.0492 0.0675 0.0918 0.2326 0.0273]|2020/2021|True|True
0|3411699|2021-05-15|36|Brighton & Hove Albion|West Ham United|1.0|1.0|0.84|1.73|[0.0434 0.0289 0.0313 0.0308 0.034  0.1784 0.0682 0.0444 0.3587 0.0219]|"[0.1516 0.536  0.1277 0.048  0.0276 0.458  0.0271 0.0664 0.027  0.0567
 0.0505 0.028  0.0276 0.0649 0.0337]"|2020/2021|True|True
0|3411708|2021-05-16|36|Crystal Palace|Aston Villa|3.0|2.0|1.92|1.36|"[0.0739 0.0432 0.0503 0.0702 0.0477 0.0406 0.0956 0.0277 0.0373 0.0367
 0.0439 0.027  0.0768 0.0214 0.0743 0.0658 0.0225 0.0519 0.0862 0.0143
 0.0708 0.787  0.0588]"|"[0.0661 0.0379 0.027  0.0542 0.0527 0.0273 0.3938 0.0574 0.0543 0.0224
 0.0615 0.105  0.0568 0.0597 0.0373 0.0448 0.0214 0.0832 0.1007]"|2020/2021|True|True
0|3411707|2021-05-16|36|Tottenham Hotspur|Wolverhampton Wanderers|2.0|0.0|3.22|0.91|"[0.027  0.038  0.027  0.0622 0.1063 0.0522 0.0634 0.0317 0.2953 0.0142
 0.3357 0.3207 0.0201 0.047  0.4197 0.4784 0.4087 0.0293 0.049  0.0515
 0.5016 0.0865 0.025  0.0536]"|"[0.0395 0.0788 0.0805 0.0545 0.1285 0.0229 0.0464 0.097  0.079  0.0726
 0.0556 0.0775 0.0217 0.0177 0.0419]"|2020/2021|True|True
0|3411703|2021-05-16|36|West Bromwich Albion|Liverpool|1.0|2.0|0.99|1.96|[0.0424 0.226  0.2143 0.0502 0.0777 0.0494 0.0275 0.0554 0.2426]|"[0.0347 0.0764 0.0733 0.3066 0.0664 0.1484 0.0604 0.0366 0.0353 0.2542
 0.0368 0.048  0.033  0.0304 0.0676 0.0901 0.0312 0.1052 0.0253 0.0308
 0.1183 0.0267 0.0806 0.0248 0.0277 0.0864]"|2020/2021|True|True
0|3411701|2021-05-16|36|Everton|Sheffield United|0.0|1.0|1.42|1.2|"[0.0301 0.027  0.0463 0.0689 0.2384 0.7019 0.0517 0.074  0.062  0.041
 0.0256 0.022  0.0463 0.0373 0.0542 0.058 ]"|[0.595  0.0265 0.0279 0.0249 0.1728 0.1004 0.0785 0.1275 0.0318 0.0162]|2020/2021|True|True
0|3411714|2021-05-18|37|Manchester United|Fulham|1.0|1.0|0.89|0.94|"[0.0803 0.0358 0.0924 0.0458 0.0149 0.0276 0.0861 0.0342 0.0334 0.0849
 0.2829 0.0348 0.0438]"|[0.0756 0.4121 0.0194 0.0473 0.0934 0.0166 0.2608 0.0164]|2020/2021|True|True
0|3411716|2021-05-18|37|Southampton|Leeds United|0.0|2.0|1.6|1.72|"[0.6144 0.0373 0.0305 0.0211 0.0222 0.0273 0.0582 0.0765 0.0234 0.0519
 0.0458 0.0297 0.0299 0.061  0.0465 0.0315 0.0571 0.3377]"|"[0.0273 0.0253 0.0721 0.0405 0.0335 0.0413 0.1195 0.0394 0.0485 0.0313
 0.6459 0.0519 0.1046 0.3891 0.0933]"|2020/2021|True|True
0|3411709|2021-05-18|37|Brighton & Hove Albion|Manchester City|3.0|2.0|1.14|0.94|"[0.0263 0.0691 0.027  0.0658 0.0241 0.0638 0.0339 0.0277 0.1086 0.0342
 0.0488 0.0323 0.0433 0.0852 0.1439 0.1058 0.0808 0.0312 0.1014]"|[0.4123 0.0485 0.1426 0.0672 0.0904 0.0696 0.0573 0.0586]|2020/2021|True|True
0|3411711|2021-05-18|37|Chelsea|Leicester City|2.0|1.0|3.17|0.8|"[0.0661 0.0246 0.0462 0.0749 0.0543 0.3666 0.0704 0.0169 0.0816 0.0806
 0.3609 0.6875 0.0816 0.7884 0.0887 0.0623 0.2178]"|[0.1475 0.0718 0.0299 0.041  0.2569 0.0367 0.2191]|2020/2021|True|True
0|3411713|2021-05-19|37|Everton|Wolverhampton Wanderers|1.0|0.0|0.73|0.34|"[0.0469 0.0565 0.0356 0.0524 0.0443 0.0758 0.0698 0.0906 0.0242 0.0498
 0.0826 0.0304 0.0261 0.0476]"|[0.0492 0.0159 0.0205 0.0507 0.045  0.0192 0.024  0.0412 0.0703]|2020/2021|True|True
0|3411715|2021-05-19|37|Newcastle United|Sheffield United|1.0|0.0|1.65|0.94|"[0.0242 0.0635 0.0254 0.0636 0.2787 0.2478 0.0604 0.0325 0.056  0.0602
 0.2753 0.4121 0.0325 0.023  0.0405 0.0258]"|"[0.3418 0.0979 0.1546 0.0639 0.0589 0.0227 0.0237 0.04   0.0439 0.0535
 0.0431]"|2020/2021|True|True
0|3411717|2021-05-19|37|Tottenham Hotspur|Aston Villa|1.0|2.0|0.8|1.4|"[0.0556 0.0392    nan 0.3809 0.0692 0.0141 0.0546 0.041  0.0492 0.0535
 0.0411]"|"[0.0509 0.0313 0.0853 0.0249 0.0264 0.0361 0.0556 0.4105 0.0612 0.093
 0.0338 0.0402 0.0554 0.0445 0.0433 0.0254 0.0627 0.0717 0.1147 0.037 ]"|2020/2021|True|True
0|3411712|2021-05-19|37|Crystal Palace|Arsenal|1.0|3.0|1.02|1.85|"[0.0648 0.0397 0.0436 0.125  0.0453 0.0493 0.1327 0.0265 0.096  0.0701
 0.2917 0.031 ]"|[0.0281 0.0235 0.3254 0.526  0.8459 0.0962]|2020/2021|True|True
0|3411710|2021-05-19|37|Burnley|Liverpool|0.0|3.0|0.76|2.73|[0.0563 0.268  0.0463 0.0305 0.0241 0.0421 0.038  0.07   0.128  0.0523]|"[0.1131 0.0262 0.7007 0.0346 0.1417 0.3774 0.287  0.0453 0.0886 0.0417
 0.0517 0.093  0.0667 0.0648 0.0759 0.0305 0.3883 0.0299 0.0309 0.0404]"|2020/2021|True|True
0|3411718|2021-05-19|37|West Bromwich Albion|West Ham United|1.0|3.0|1.14|3.57|"[0.13   0.0283 0.0096 0.0896 0.0242 0.0659 0.0664 0.0363 0.0644 0.4397
 0.0523 0.0275 0.0333 0.0691]"|"[0.7884 0.028  0.1399 0.0423 0.0518 0.072  0.046  0.0319 0.033  0.0361
 0.0306 0.9096 0.0583 0.052  0.0393 0.0425 0.0484 0.4178 0.3176 0.3345
 0.0544]"|2020/2021|True|True
0|3411719|2021-05-23|38|Arsenal|Brighton & Hove Albion|2.0|0.0|0.77|0.2|"[0.0286 0.026  0.0232 0.0291 0.0446 0.1252 0.0291 0.0118 0.0463 0.0472
 0.062  0.0593 0.0532 0.0785 0.0475 0.06  ]"|[0.0683 0.0216 0.0546 0.0264 0.0246]|2020/2021|True|True
0|3411720|2021-05-23|38|Aston Villa|Chelsea|2.0|1.0|1.05|3.28|[0.0665 0.0435 0.0356 0.0607 0.0592 0.7884]|"[0.0369 0.0608 0.1008 0.0433 0.0228 0.0877 0.0168 0.0823 0.4226 0.2369
 0.2561 0.0256 0.0371 0.0451 0.6019 0.0328 0.4456 0.1252 0.0283 0.0703
 0.0503 0.4272 0.0284]"|2020/2021|True|True
0|3411721|2021-05-23|38|Fulham|Newcastle United|0.0|2.0|1.01|1.3|"[0.0645 0.043  0.0456 0.0949 0.0259 0.0287 0.0506 0.0453 0.0166 0.3483
 0.0499 0.031  0.062  0.1004]"|[0.0548 0.0304 0.0256 0.0723 0.0446 0.0275 0.0866 0.1401 0.7884 0.0333]|2020/2021|True|True
0|3411722|2021-05-23|38|Leeds United|West Bromwich Albion|3.0|1.0|2.29|0.98|"[0.0251 0.638  0.0304 0.0478 0.0588 0.0457 0.067  0.1103 0.0984 0.0281
 0.078  0.0462 0.0269 0.0284 0.7884 0.0545 0.1184]"|"[0.2291 0.0682 0.0651 0.0399 0.0246 0.063  0.0633 0.013  0.0415 0.074
 0.0754 0.0453 0.0242 0.1567]"|2020/2021|True|True
0|3411723|2021-05-23|38|Leicester City|Tottenham Hotspur|2.0|4.0|1.9|1.5|"[0.0412 0.0261 0.7884 0.0268 0.0555 0.0148 0.7884 0.0737    nan 0.0274
 0.0601]"|"[0.0346 0.046  0.0213 0.1224 0.0771 0.0586 0.0206 0.0683 0.119  0.5964
 0.8427]"|2020/2021|True|True
0|3411724|2021-05-23|38|Liverpool|Crystal Palace|2.0|0.0|1.61|0.6|"[0.0497 0.0799 0.0805 0.0363 0.2163 0.0311 0.0721 0.4325 0.0622 0.0566
 0.0502 0.0508 0.0551 0.0305 0.0531 0.0578 0.049  0.0594 0.0874]"|[0.0696 0.0592 0.023  0.2857 0.1619]|2020/2021|True|True
0|3411725|2021-05-23|38|Manchester City|Everton|5.0|0.0|2.56|1.09|"[0.086  0.1258 0.0332 0.4365 0.0481 0.0473 0.0515 0.0371 0.0719 0.0416
 0.4077 0.0709 0.0996 0.3329 0.1723 0.0507 0.0502 0.0193 0.056  0.0396
 0.2792]"|[0.0267 0.0731 0.0741 0.7884 0.0935 0.0146 0.0673 0.0245]|2020/2021|True|True
0|3411726|2021-05-23|38|Sheffield United|Burnley|1.0|0.0|0.49|1.06|"[0.0372 0.0773 0.025  0.026  0.0348 0.0528 0.0377 0.0442 0.0534 0.0275
 0.0405 0.0376]"|[0.028  0.1189 0.0293 0.0503 0.0228 0.0411 0.0286 0.0907 0.3064 0.3482]|2020/2021|True|True
0|3411727|2021-05-23|38|West Ham United|Southampton|3.0|0.0|1.33|1.51|"[0.0211 0.0364 0.0506 0.1106 0.0761 0.3518 0.0758 0.0244 0.0499 0.0389
 0.0763 0.0999 0.0533 0.2947]"|"[0.0266 0.3452 0.0445 0.0243 0.3432 0.0174 0.054  0.0396 0.0743 0.0361
 0.0319 0.1013 0.03   0.1437 0.0472 0.0671 0.0881]"|2020/2021|True|True
0|3411728|2021-05-23|38|Wolverhampton Wanderers|Manchester United|1.0|2.0|0.86|2.06|"[0.0494 0.0605 0.07   0.0364 0.1437 0.1639 0.0254 0.0377 0.0689 0.0688
 0.0262 0.0614 0.0274 0.0227]"|[0.1347 0.3111 0.0626 0.2301 0.0316 0.0247 0.7884 0.4432 0.0304]|2020/2021|True|True
28|5795438|2026-09-06|3|Everton|Manchester United|||||||2026/2027|False|False
29|5795435|2026-09-06|3|Arsenal|Chelsea|||||||2026/2027|False|False
30|5795445|2026-09-12|4|AFC Bournemouth|Brentford|||||||2026/2027|False|False
31|5795446|2026-09-12|4|Aston Villa|Nottingham Forest|||||||2026/2027|False|False
32|5795447|2026-09-12|4|Chelsea|Hull City|||||||2026/2027|False|False
33|5795449|2026-09-12|4|Crystal Palace|Ipswich Town|||||||2026/2027|False|False
34|5795451|2026-09-12|4|Liverpool|Fulham|||||||2026/2027|False|False
35|5795454|2026-09-12|4|Tottenham Hotspur|Everton|||||||2026/2027|False|False
36|5795453|2026-09-12|4|Sunderland|Arsenal|||||||2026/2027|False|False
37|5795448|2026-09-13|4|Coventry City|Brighton & Hove Albion|||||||2026/2027|False|False
38|5795452|2026-09-13|4|Manchester United|Manchester City|||||||2026/2027|False|False
39|5795450|2026-09-14|4|Leeds United|Newcastle United|||||||2026/2027|False|False
40|5795456|2026-09-18|5|Brentford|Chelsea|||||||2026/2027|False|False
41|5795464|2026-09-19|5|Tottenham Hotspur|Aston Villa|||||||2026/2027|False|False
42|5795457|2026-09-19|5|Brighton & Hove Albion|Arsenal|||||||2026/2027|False|False
43|5795458|2026-09-19|5|Everton|Ipswich Town|||||||2026/2027|False|False
44|5795462|2026-09-19|5|Newcastle United|Hull City|||||||2026/2027|False|False
45|5795463|2026-09-19|5|Nottingham Forest|Coventry City|||||||2026/2027|False|False
46|5795455|2026-09-20|5|AFC Bournemouth|Liverpool|||||||2026/2027|False|False
47|5795460|2026-09-20|5|Leeds United|Crystal Palace|||||||2026/2027|False|False
48|5795461|2026-09-20|5|Manchester City|Sunderland|||||||2026/2027|False|False
49|5795459|2026-09-20|5|Fulham|Manchester United|||||||2026/2027|False|False
50|5795465|2026-10-10|6|Arsenal|Leeds United|||||||2026/2027|False|False
51|5795466|2026-10-10|6|Aston Villa|Brentford|||||||2026/2027|False|False
52|5795467|2026-10-10|6|Chelsea|AFC Bournemouth|||||||2026/2027|False|False
53|5795471|2026-10-10|6|Ipswich Town|Fulham|||||||2026/2027|False|False
54|5795474|2026-10-10|6|Sunderland|Brighton & Hove Albion|||||||2026/2027|False|False
55|5795473|2026-10-10|6|Manchester United|Tottenham Hotspur|||||||2026/2027|False|False
56|5795469|2026-10-11|6|Crystal Palace|Nottingham Forest|||||||2026/2027|False|False
57|5795470|2026-10-11|6|Hull City|Everton|||||||2026/2027|False|False
58|5795472|2026-10-11|6|Liverpool|Manchester City|||||||2026/2027|False|False
59|5795468|2026-10-12|6|Coventry City|Newcastle United|||||||2026/2027|False|False
60|5795478|2026-10-17|7|Everton|Chelsea|||||||2026/2027|False|False
61|5795476|2026-10-17|7|Brentford|Liverpool|||||||2026/2027|False|False
62|5795479|2026-10-17|7|Fulham|Hull City|||||||2026/2027|False|False
63|5795481|2026-10-17|7|Manchester City|Ipswich Town|||||||2026/2027|False|False
64|5795482|2026-10-17|7|Newcastle United|Aston Villa|||||||2026/2027|False|False
65|5795475|2026-10-18|7|AFC Bournemouth|Sunderland|||||||2026/2027|False|False
66|5795477|2026-10-18|7|Brighton & Hove Albion|Crystal Palace|||||||2026/2027|False|False
67|5795480|2026-10-18|7|Leeds United|Manchester United|||||||2026/2027|False|False
68|5795483|2026-10-18|7|Nottingham Forest|Arsenal|||||||2026/2027|False|False
69|5795484|2026-10-19|7|Tottenham Hotspur|Coventry City|||||||2026/2027|False|False
70|5795491|2026-10-23|8|Ipswich Town|Nottingham Forest|||||||2026/2027|False|False
71|5795486|2026-10-24|8|Aston Villa|Manchester City|||||||2026/2027|False|False
72|5795485|2026-10-24|8|Arsenal|Everton|||||||2026/2027|False|False
73|5795488|2026-10-24|8|Coventry City|Fulham|||||||2026/2027|False|False
74|5795487|2026-10-24|8|Chelsea|Tottenham Hotspur|||||||2026/2027|False|False
75|5795489|2026-10-25|8|Crystal Palace|Newcastle United|||||||2026/2027|False|False
76|5795490|2026-10-25|8|Hull City|Brentford|||||||2026/2027|False|False
77|5795492|2026-10-25|8|Liverpool|Brighton & Hove Albion|||||||2026/2027|False|False
78|5795493|2026-10-25|8|Manchester United|AFC Bournemouth|||||||2026/2027|False|False
79|5795494|2026-10-25|8|Sunderland|Leeds United|||||||2026/2027|False|False
80|5795498|2026-10-31|9|Chelsea|Manchester United|||||||2026/2027|False|False
81|5795495|2026-10-31|9|AFC Bournemouth|Leeds United|||||||2026/2027|False|False
82|5795497|2026-10-31|9|Brentford|Nottingham Forest|||||||2026/2027|False|False
83|5795499|2026-10-31|9|Coventry City|Sunderland|||||||2026/2027|False|False
84|5795500|2026-10-31|9|Hull City|Ipswich Town|||||||2026/2027|False|False
85|5795502|2026-10-31|9|Manchester City|Brighton & Hove Albion|||||||2026/2027|False|False
86|5795504|2026-10-31|9|Tottenham Hotspur|Crystal Palace|||||||2026/2027|False|False
87|5795496|2026-10-31|9|Aston Villa|Fulham|||||||2026/2027|False|False
88|5795501|2026-11-01|9|Liverpool|Arsenal|||||||2026/2027|False|False
89|5795503|2026-11-02|9|Newcastle United|Everton|||||||2026/2027|False|False
90|5795505|2026-11-07|10|Arsenal|Hull City|||||||2026/2027|False|False
91|5795506|2026-11-07|10|Brighton & Hove Albion|Brentford|||||||2026/2027|False|False
92|5795507|2026-11-07|10|Crystal Palace|Liverpool|||||||2026/2027|False|False
93|5795508|2026-11-07|10|Everton|Coventry City|||||||2026/2027|False|False
94|5795509|2026-11-07|10|Fulham|Newcastle United|||||||2026/2027|False|False
95|5795510|2026-11-07|10|Ipswich Town|AFC Bournemouth|||||||2026/2027|False|False
96|5795511|2026-11-07|10|Leeds United|Tottenham Hotspur|||||||2026/2027|False|False
97|5795512|2026-11-07|10|Manchester United|Aston Villa|||||||2026/2027|False|False
98|5795513|2026-11-07|10|Nottingham Forest|Manchester City|||||||2026/2027|False|False
99|5795514|2026-11-07|10|Sunderland|Chelsea|||||||2026/2027|False|False
100|5795515|2026-11-21|11|AFC Bournemouth|Nottingham Forest|||||||2026/2027|False|False
101|5795516|2026-11-21|11|Aston Villa|Sunderland|||||||2026/2027|False|False
102|5795517|2026-11-21|11|Brentford|Everton|||||||2026/2027|False|False
103|5795518|2026-11-21|11|Chelsea|Leeds United|||||||2026/2027|False|False
104|5795519|2026-11-21|11|Coventry City|Crystal Palace|||||||2026/2027|False|False
105|5795520|2026-11-21|11|Hull City|Brighton & Hove Albion|||||||2026/2027|False|False
106|5795521|2026-11-21|11|Liverpool|Manchester United|||||||2026/2027|False|False
107|5795522|2026-11-21|11|Manchester City|Fulham|||||||2026/2027|False|False
108|5795523|2026-11-21|11|Newcastle United|Arsenal|||||||2026/2027|False|False
109|5795524|2026-11-21|11|Tottenham Hotspur|Ipswich Town|||||||2026/2027|False|False
110|5795525|2026-11-28|12|Arsenal|Manchester City|||||||2026/2027|False|False
111|5795526|2026-11-28|12|Brighton & Hove Albion|Newcastle United|||||||2026/2027|False|False
112|5795527|2026-11-28|12|Crystal Palace|Hull City|||||||2026/2027|False|False
113|5795528|2026-11-28|12|Everton|Liverpool|||||||2026/2027|False|False
114|5795529|2026-11-28|12|Fulham|AFC Bournemouth|||||||2026/2027|False|False
115|5795530|2026-11-28|12|Ipswich Town|Aston Villa|||||||2026/2027|False|False
116|5795531|2026-11-28|12|Leeds United|Coventry City|||||||2026/2027|False|False
117|5795532|2026-11-28|12|Manchester United|Brentford|||||||2026/2027|False|False
118|5795533|2026-11-28|12|Nottingham Forest|Chelsea|||||||2026/2027|False|False
119|5795534|2026-11-28|12|Sunderland|Tottenham Hotspur|||||||2026/2027|False|False
120|5795535|2026-12-02|13|AFC Bournemouth|Brighton & Hove Albion|||||||2026/2027|False|False
121|5795536|2026-12-02|13|Aston Villa|Everton|||||||2026/2027|False|False
122|5795537|2026-12-02|13|Brentford|Arsenal|||||||2026/2027|False|False
123|5795538|2026-12-02|13|Chelsea|Crystal Palace|||||||2026/2027|False|False
124|5795539|2026-12-02|13|Coventry City|Ipswich Town|||||||2026/2027|False|False
125|5795540|2026-12-02|13|Hull City|Nottingham Forest|||||||2026/2027|False|False
126|5795541|2026-12-02|13|Liverpool|Sunderland|||||||2026/2027|False|False
127|5795542|2026-12-02|13|Manchester City|Leeds United|||||||2026/2027|False|False
128|5795543|2026-12-02|13|Newcastle United|Manchester United|||||||2026/2027|False|False
129|5795544|2026-12-02|13|Tottenham Hotspur|Fulham|||||||2026/2027|False|False
130|5795545|2026-12-05|14|AFC Bournemouth|Hull City|||||||2026/2027|False|False
131|5795546|2026-12-05|14|Aston Villa|Crystal Palace|||||||2026/2027|False|False
132|5795547|2026-12-05|14|Brentford|Manchester City|||||||2026/2027|False|False
133|5795548|2026-12-05|14|Chelsea|Liverpool|||||||2026/2027|False|False
134|5795549|2026-12-05|14|Everton|Fulham|||||||2026/2027|False|False
135|5795550|2026-12-05|14|Leeds United|Ipswich Town|||||||2026/2027|False|False
136|5795551|2026-12-05|14|Manchester United|Coventry City|||||||2026/2027|False|False
137|5795552|2026-12-05|14|Newcastle United|Sunderland|||||||2026/2027|False|False
138|5795553|2026-12-05|14|Nottingham Forest|Brighton & Hove Albion|||||||2026/2027|False|False
139|5795554|2026-12-05|14|Tottenham Hotspur|Arsenal|||||||2026/2027|False|False
140|5795555|2026-12-12|15|Arsenal|AFC Bournemouth|||||||2026/2027|False|False
141|5795556|2026-12-12|15|Brighton & Hove Albion|Everton|||||||2026/2027|False|False
142|5795557|2026-12-12|15|Coventry City|Aston Villa|||||||2026/2027|False|False
143|5795558|2026-12-12|15|Crystal Palace|Manchester United|||||||2026/2027|False|False
144|5795559|2026-12-12|15|Fulham|Brentford|||||||2026/2027|False|False
145|5795560|2026-12-12|15|Hull City|Tottenham Hotspur|||||||2026/2027|False|False
146|5795561|2026-12-12|15|Ipswich Town|Newcastle United|||||||2026/2027|False|False
147|5795562|2026-12-12|15|Liverpool|Leeds United|||||||2026/2027|False|False
148|5795563|2026-12-12|15|Manchester City|Chelsea|||||||2026/2027|False|False
149|5795564|2026-12-12|15|Sunderland|Nottingham Forest|||||||2026/2027|False|False
150|5795565|2026-12-19|16|AFC Bournemouth|Coventry City|||||||2026/2027|False|False
151|5795566|2026-12-19|16|Arsenal|Manchester United|||||||2026/2027|False|False
152|5795567|2026-12-19|16|Brentford|Newcastle United|||||||2026/2027|False|False
153|5795568|2026-12-19|16|Brighton & Hove Albion|Ipswich Town|||||||2026/2027|False|False
154|5795569|2026-12-19|16|Chelsea|Aston Villa|||||||2026/2027|False|False
155|5795570|2026-12-19|16|Leeds United|Fulham|||||||2026/2027|False|False
156|5795571|2026-12-19|16|Liverpool|Tottenham Hotspur|||||||2026/2027|False|False
157|5795572|2026-12-19|16|Manchester City|Hull City|||||||2026/2027|False|False
158|5795573|2026-12-19|16|Nottingham Forest|Everton|||||||2026/2027|False|False
159|5795574|2026-12-19|16|Sunderland|Crystal Palace|||||||2026/2027|False|False
160|5795575|2026-12-26|17|Aston Villa|Leeds United|||||||2026/2027|False|False
161|5795576|2026-12-26|17|Coventry City|Chelsea|||||||2026/2027|False|False
162|5795577|2026-12-26|17|Crystal Palace|Arsenal|||||||2026/2027|False|False
163|5795578|2026-12-26|17|Everton|Sunderland|||||||2026/2027|False|False
164|5795579|2026-12-26|17|Fulham|Brighton & Hove Albion|||||||2026/2027|False|False
165|5795580|2026-12-26|17|Hull City|Liverpool|||||||2026/2027|False|False
166|5795581|2026-12-26|17|Ipswich Town|Brentford|||||||2026/2027|False|False
167|5795582|2026-12-26|17|Manchester United|Nottingham Forest|||||||2026/2027|False|False
168|5795583|2026-12-26|17|Newcastle United|Manchester City|||||||2026/2027|False|False
169|5795584|2026-12-26|17|Tottenham Hotspur|AFC Bournemouth|||||||2026/2027|False|False
170|5795585|2026-12-30|18|Aston Villa|Liverpool|||||||2026/2027|False|False
171|5795586|2026-12-30|18|Coventry City|Brentford|||||||2026/2027|False|False
172|5795587|2026-12-30|18|Crystal Palace|AFC Bournemouth|||||||2026/2027|False|False
173|5795588|2026-12-30|18|Everton|Manchester City|||||||2026/2027|False|False
174|5795589|2026-12-30|18|Fulham|Arsenal|||||||2026/2027|False|False
175|5795590|2026-12-30|18|Hull City|Leeds United|||||||2026/2027|False|False
176|5795591|2026-12-30|18|Ipswich Town|Chelsea|||||||2026/2027|False|False
177|5795592|2026-12-30|18|Manchester United|Sunderland|||||||2026/2027|False|False
178|5795593|2026-12-30|18|Newcastle United|Nottingham Forest|||||||2026/2027|False|False
179|5795594|2026-12-30|18|Tottenham Hotspur|Brighton & Hove Albion|||||||2026/2027|False|False
180|5795595|2027-01-02|19|AFC Bournemouth|Aston Villa|||||||2026/2027|False|False
181|5795596|2027-01-02|19|Arsenal|Ipswich Town|||||||2026/2027|False|False
182|5795597|2027-01-02|19|Brentford|Crystal Palace|||||||2026/2027|False|False
183|5795598|2027-01-02|19|Brighton & Hove Albion|Manchester United|||||||2026/2027|False|False
184|5795599|2027-01-02|19|Chelsea|Newcastle United|||||||2026/2027|False|False
185|5795600|2027-01-02|19|Leeds United|Everton|||||||2026/2027|False|False
186|5795601|2027-01-02|19|Liverpool|Coventry City|||||||2026/2027|False|False
187|5795602|2027-01-02|19|Manchester City|Tottenham Hotspur|||||||2026/2027|False|False
188|5795603|2027-01-02|19|Nottingham Forest|Fulham|||||||2026/2027|False|False
189|5795604|2027-01-02|19|Sunderland|Hull City|||||||2026/2027|False|False
190|5795605|2027-01-06|20|Arsenal|Brentford|||||||2026/2027|False|False
191|5795606|2027-01-06|20|Brighton & Hove Albion|AFC Bournemouth|||||||2026/2027|False|False
192|5795607|2027-01-06|20|Crystal Palace|Chelsea|||||||2026/2027|False|False
193|5795608|2027-01-06|20|Everton|Aston Villa|||||||2026/2027|False|False
194|5795609|2027-01-06|20|Fulham|Tottenham Hotspur|||||||2026/2027|False|False
195|5795610|2027-01-06|20|Ipswich Town|Coventry City|||||||2026/2027|False|False
196|5795611|2027-01-06|20|Leeds United|Manchester City|||||||2026/2027|False|False
197|5795612|2027-01-06|20|Manchester United|Newcastle United|||||||2026/2027|False|False
198|5795613|2027-01-06|20|Nottingham Forest|Hull City|||||||2026/2027|False|False
199|5795614|2027-01-06|20|Sunderland|Liverpool|||||||2026/2027|False|False
200|5795615|2027-01-16|21|AFC Bournemouth|Ipswich Town|||||||2026/2027|False|False
201|5795616|2027-01-16|21|Aston Villa|Manchester United|||||||2026/2027|False|False
202|5795617|2027-01-16|21|Brentford|Brighton & Hove Albion|||||||2026/2027|False|False
203|5795618|2027-01-16|21|Chelsea|Sunderland|||||||2026/2027|False|False
204|5795619|2027-01-16|21|Coventry City|Everton|||||||2026/2027|False|False
205|5795620|2027-01-16|21|Hull City|Arsenal|||||||2026/2027|False|False
206|5795621|2027-01-16|21|Liverpool|Crystal Palace|||||||2026/2027|False|False
207|5795622|2027-01-16|21|Manchester City|Nottingham Forest|||||||2026/2027|False|False
208|5795623|2027-01-16|21|Newcastle United|Fulham|||||||2026/2027|False|False
209|5795624|2027-01-16|21|Tottenham Hotspur|Leeds United|||||||2026/2027|False|False
210|5795625|2027-01-23|22|Arsenal|Newcastle United|||||||2026/2027|False|False
211|5795626|2027-01-23|22|Brighton & Hove Albion|Manchester City|||||||2026/2027|False|False
212|5795627|2027-01-23|22|Crystal Palace|Tottenham Hotspur|||||||2026/2027|False|False
213|5795628|2027-01-23|22|Everton|Brentford|||||||2026/2027|False|False
214|5795629|2027-01-23|22|Fulham|Aston Villa|||||||2026/2027|False|False
215|5795630|2027-01-23|22|Ipswich Town|Hull City|||||||2026/2027|False|False
216|5795631|2027-01-23|22|Leeds United|Chelsea|||||||2026/2027|False|False
217|5795632|2027-01-23|22|Manchester United|Liverpool|||||||2026/2027|False|False
218|5795633|2027-01-23|22|Nottingham Forest|AFC Bournemouth|||||||2026/2027|False|False
219|5795634|2027-01-23|22|Sunderland|Coventry City|||||||2026/2027|False|False
220|5795635|2027-01-30|23|AFC Bournemouth|Fulham|||||||2026/2027|False|False
221|5795636|2027-01-30|23|Aston Villa|Ipswich Town|||||||2026/2027|False|False
222|5795637|2027-01-30|23|Brentford|Manchester United|||||||2026/2027|False|False
223|5795638|2027-01-30|23|Chelsea|Nottingham Forest|||||||2026/2027|False|False
224|5795639|2027-01-30|23|Coventry City|Leeds United|||||||2026/2027|False|False
225|5795640|2027-01-30|23|Hull City|Crystal Palace|||||||2026/2027|False|False
226|5795641|2027-01-30|23|Liverpool|Everton|||||||2026/2027|False|False
227|5795642|2027-01-30|23|Manchester City|Arsenal|||||||2026/2027|False|False
228|5795643|2027-01-30|23|Newcastle United|Brighton & Hove Albion|||||||2026/2027|False|False
229|5795644|2027-01-30|23|Tottenham Hotspur|Sunderland|||||||2026/2027|False|False
230|5795645|2027-02-06|24|Arsenal|Liverpool|||||||2026/2027|False|False
231|5795646|2027-02-06|24|Brighton & Hove Albion|Hull City|||||||2026/2027|False|False
232|5795647|2027-02-06|24|Crystal Palace|Coventry City|||||||2026/2027|False|False
233|5795648|2027-02-06|24|Everton|Newcastle United|||||||2026/2027|False|False
234|5795649|2027-02-06|24|Fulham|Manchester City|||||||2026/2027|False|False
235|5795650|2027-02-06|24|Ipswich Town|Tottenham Hotspur|||||||2026/2027|False|False
236|5795651|2027-02-06|24|Leeds United|AFC Bournemouth|||||||2026/2027|False|False
237|5795652|2027-02-06|24|Manchester United|Chelsea|||||||2026/2027|False|False
238|5795653|2027-02-06|24|Nottingham Forest|Brentford|||||||2026/2027|False|False
239|5795654|2027-02-06|24|Sunderland|Aston Villa|||||||2026/2027|False|False
240|5795655|2027-02-10|25|Aston Villa|AFC Bournemouth|||||||2026/2027|False|False
241|5795656|2027-02-10|25|Coventry City|Liverpool|||||||2026/2027|False|False
242|5795657|2027-02-10|25|Crystal Palace|Brentford|||||||2026/2027|False|False
243|5795658|2027-02-10|25|Everton|Leeds United|||||||2026/2027|False|False
244|5795659|2027-02-10|25|Fulham|Nottingham Forest|||||||2026/2027|False|False
245|5795660|2027-02-10|25|Hull City|Sunderland|||||||2026/2027|False|False
246|5795661|2027-02-10|25|Ipswich Town|Arsenal|||||||2026/2027|False|False
247|5795662|2027-02-10|25|Manchester United|Brighton & Hove Albion|||||||2026/2027|False|False
248|5795663|2027-02-10|25|Newcastle United|Chelsea|||||||2026/2027|False|False
249|5795664|2027-02-10|25|Tottenham Hotspur|Manchester City|||||||2026/2027|False|False
250|5795665|2027-02-20|26|AFC Bournemouth|Crystal Palace|||||||2026/2027|False|False
251|5795666|2027-02-20|26|Arsenal|Fulham|||||||2026/2027|False|False
252|5795667|2027-02-20|26|Brentford|Coventry City|||||||2026/2027|False|False
253|5795668|2027-02-20|26|Brighton & Hove Albion|Tottenham Hotspur|||||||2026/2027|False|False
254|5795669|2027-02-20|26|Chelsea|Ipswich Town|||||||2026/2027|False|False
255|5795670|2027-02-20|26|Leeds United|Aston Villa|||||||2026/2027|False|False
256|5795671|2027-02-20|26|Liverpool|Hull City|||||||2026/2027|False|False
257|5795672|2027-02-20|26|Manchester City|Newcastle United|||||||2026/2027|False|False
258|5795673|2027-02-20|26|Nottingham Forest|Manchester United|||||||2026/2027|False|False
259|5795674|2027-02-20|26|Sunderland|Everton|||||||2026/2027|False|False
260|5795675|2027-02-27|27|Aston Villa|Chelsea|||||||2026/2027|False|False
261|5795676|2027-02-27|27|Coventry City|AFC Bournemouth|||||||2026/2027|False|False
262|5795677|2027-02-27|27|Crystal Palace|Sunderland|||||||2026/2027|False|False
263|5795678|2027-02-27|27|Everton|Nottingham Forest|||||||2026/2027|False|False
264|5795679|2027-02-27|27|Fulham|Leeds United|||||||2026/2027|False|False
265|5795680|2027-02-27|27|Hull City|Manchester City|||||||2026/2027|False|False
266|5795681|2027-02-27|27|Ipswich Town|Brighton & Hove Albion|||||||2026/2027|False|False
267|5795682|2027-02-27|27|Manchester United|Arsenal|||||||2026/2027|False|False
268|5795683|2027-02-27|27|Newcastle United|Brentford|||||||2026/2027|False|False
269|5795684|2027-02-27|27|Tottenham Hotspur|Liverpool|||||||2026/2027|False|False
270|5795685|2027-03-03|28|AFC Bournemouth|Tottenham Hotspur|||||||2026/2027|False|False
271|5795686|2027-03-03|28|Arsenal|Crystal Palace|||||||2026/2027|False|False
272|5795687|2027-03-03|28|Brentford|Ipswich Town|||||||2026/2027|False|False
273|5795688|2027-03-03|28|Brighton & Hove Albion|Fulham|||||||2026/2027|False|False
274|5795689|2027-03-03|28|Chelsea|Coventry City|||||||2026/2027|False|False
275|5795690|2027-03-03|28|Leeds United|Hull City|||||||2026/2027|False|False
276|5795691|2027-03-03|28|Liverpool|Aston Villa|||||||2026/2027|False|False
277|5795692|2027-03-03|28|Manchester City|Everton|||||||2026/2027|False|False
278|5795693|2027-03-03|28|Nottingham Forest|Newcastle United|||||||2026/2027|False|False
279|5795694|2027-03-03|28|Sunderland|Manchester United|||||||2026/2027|False|False
280|5795695|2027-03-13|29|AFC Bournemouth|Newcastle United|||||||2026/2027|False|False
281|5795696|2027-03-13|29|Aston Villa|Hull City|||||||2026/2027|False|False
282|5795697|2027-03-13|29|Chelsea|Arsenal|||||||2026/2027|False|False
283|5795698|2027-03-13|29|Coventry City|Manchester City|||||||2026/2027|False|False
284|5795699|2027-03-13|29|Crystal Palace|Fulham|||||||2026/2027|False|False
285|5795700|2027-03-13|29|Leeds United|Brighton & Hove Albion|||||||2026/2027|False|False
286|5795701|2027-03-13|29|Liverpool|Ipswich Town|||||||2026/2027|False|False
287|5795702|2027-03-13|29|Manchester United|Everton|||||||2026/2027|False|False
288|5795703|2027-03-13|29|Sunderland|Brentford|||||||2026/2027|False|False
289|5795704|2027-03-13|29|Tottenham Hotspur|Nottingham Forest|||||||2026/2027|False|False
290|5795705|2027-03-20|30|Arsenal|Sunderland|||||||2026/2027|False|False
291|5795706|2027-03-20|30|Brentford|AFC Bournemouth|||||||2026/2027|False|False
292|5795707|2027-03-20|30|Brighton & Hove Albion|Coventry City|||||||2026/2027|False|False
293|5795708|2027-03-20|30|Everton|Tottenham Hotspur|||||||2026/2027|False|False
294|5795709|2027-03-20|30|Fulham|Liverpool|||||||2026/2027|False|False
295|5795710|2027-03-20|30|Hull City|Chelsea|||||||2026/2027|False|False
296|5795711|2027-03-20|30|Ipswich Town|Crystal Palace|||||||2026/2027|False|False
297|5795712|2027-03-20|30|Manchester City|Manchester United|||||||2026/2027|False|False
298|5795713|2027-03-20|30|Newcastle United|Leeds United|||||||2026/2027|False|False
299|5795714|2027-03-20|30|Nottingham Forest|Aston Villa|||||||2026/2027|False|False
300|5795715|2027-04-10|31|AFC Bournemouth|Manchester City|||||||2026/2027|False|False
301|5795716|2027-04-10|31|Aston Villa|Brighton & Hove Albion|||||||2026/2027|False|False
302|5795717|2027-04-10|31|Chelsea|Fulham|||||||2026/2027|False|False
303|5795718|2027-04-10|31|Coventry City|Arsenal|||||||2026/2027|False|False
304|5795719|2027-04-10|31|Crystal Palace|Everton|||||||2026/2027|False|False
305|5795720|2027-04-10|31|Leeds United|Nottingham Forest|||||||2026/2027|False|False
306|5795721|2027-04-10|31|Liverpool|Newcastle United|||||||2026/2027|False|False
307|5795722|2027-04-10|31|Manchester United|Hull City|||||||2026/2027|False|False
308|5795723|2027-04-10|31|Sunderland|Ipswich Town|||||||2026/2027|False|False
309|5795724|2027-04-10|31|Tottenham Hotspur|Brentford|||||||2026/2027|False|False
310|5795725|2027-04-17|32|Arsenal|Aston Villa|||||||2026/2027|False|False
311|5795726|2027-04-17|32|Brentford|Leeds United|||||||2026/2027|False|False
312|5795727|2027-04-17|32|Brighton & Hove Albion|Chelsea|||||||2026/2027|False|False
313|5795728|2027-04-17|32|Everton|AFC Bournemouth|||||||2026/2027|False|False
314|5795729|2027-04-17|32|Fulham|Sunderland|||||||2026/2027|False|False
315|5795730|2027-04-17|32|Hull City|Coventry City|||||||2026/2027|False|False
316|5795731|2027-04-17|32|Ipswich Town|Manchester United|||||||2026/2027|False|False
317|5795732|2027-04-17|32|Manchester City|Crystal Palace|||||||2026/2027|False|False
318|5795733|2027-04-17|32|Newcastle United|Tottenham Hotspur|||||||2026/2027|False|False
319|5795734|2027-04-17|32|Nottingham Forest|Liverpool|||||||2026/2027|False|False
320|5795735|2027-04-24|33|AFC Bournemouth|Arsenal|||||||2026/2027|False|False
321|5795736|2027-04-24|33|Aston Villa|Coventry City|||||||2026/2027|False|False
322|5795737|2027-04-24|33|Brentford|Fulham|||||||2026/2027|False|False
323|5795738|2027-04-24|33|Chelsea|Manchester City|||||||2026/2027|False|False
324|5795739|2027-04-24|33|Everton|Brighton & Hove Albion|||||||2026/2027|False|False
325|5795740|2027-04-24|33|Leeds United|Liverpool|||||||2026/2027|False|False
326|5795741|2027-04-24|33|Manchester United|Crystal Palace|||||||2026/2027|False|False
327|5795742|2027-04-24|33|Newcastle United|Ipswich Town|||||||2026/2027|False|False
328|5795743|2027-04-24|33|Nottingham Forest|Sunderland|||||||2026/2027|False|False
329|5795744|2027-04-24|33|Tottenham Hotspur|Hull City|||||||2026/2027|False|False
330|5795745|2027-05-01|34|Arsenal|Tottenham Hotspur|||||||2026/2027|False|False
331|5795746|2027-05-01|34|Brighton & Hove Albion|Nottingham Forest|||||||2026/2027|False|False
332|5795747|2027-05-01|34|Coventry City|Manchester United|||||||2026/2027|False|False
333|5795748|2027-05-01|34|Crystal Palace|Aston Villa|||||||2026/2027|False|False
334|5795749|2027-05-01|34|Fulham|Everton|||||||2026/2027|False|False
335|5795750|2027-05-01|34|Hull City|AFC Bournemouth|||||||2026/2027|False|False
336|5795751|2027-05-01|34|Ipswich Town|Leeds United|||||||2026/2027|False|False
337|5795752|2027-05-01|34|Liverpool|Chelsea|||||||2026/2027|False|False
338|5795753|2027-05-01|34|Manchester City|Brentford|||||||2026/2027|False|False
339|5795754|2027-05-01|34|Sunderland|Newcastle United|||||||2026/2027|False|False
340|5795755|2027-05-08|35|AFC Bournemouth|Manchester United|||||||2026/2027|False|False
341|5795756|2027-05-08|35|Brentford|Aston Villa|||||||2026/2027|False|False
342|5795757|2027-05-08|35|Brighton & Hove Albion|Sunderland|||||||2026/2027|False|False
343|5795771|2027-05-08|35|Everton|Hull City|||||||2026/2027|False|False
344|5795772|2027-05-08|35|Fulham|Ipswich Town|||||||2026/2027|False|False
345|5795773|2027-05-08|35|Leeds United|Arsenal|||||||2026/2027|False|False
346|5795774|2027-05-08|35|Manchester City|Liverpool|||||||2026/2027|False|False
347|5795775|2027-05-08|35|Newcastle United|Coventry City|||||||2026/2027|False|False
348|5795776|2027-05-08|35|Nottingham Forest|Crystal Palace|||||||2026/2027|False|False
349|5795777|2027-05-08|35|Tottenham Hotspur|Chelsea|||||||2026/2027|False|False
350|5795778|2027-05-15|36|Arsenal|Nottingham Forest|||||||2026/2027|False|False
351|5795779|2027-05-15|36|Aston Villa|Newcastle United|||||||2026/2027|False|False
352|5795780|2027-05-15|36|Chelsea|Everton|||||||2026/2027|False|False
353|5795781|2027-05-15|36|Coventry City|Tottenham Hotspur|||||||2026/2027|False|False
354|5795782|2027-05-15|36|Crystal Palace|Brighton & Hove Albion|||||||2026/2027|False|False
355|5795783|2027-05-15|36|Hull City|Fulham|||||||2026/2027|False|False
356|5795784|2027-05-15|36|Ipswich Town|Manchester City|||||||2026/2027|False|False
357|5795785|2027-05-15|36|Liverpool|Brentford|||||||2026/2027|False|False
358|5795786|2027-05-15|36|Manchester United|Leeds United|||||||2026/2027|False|False
359|5795787|2027-05-15|36|Sunderland|AFC Bournemouth|||||||2026/2027|False|False
360|5795788|2027-05-23|37|AFC Bournemouth|Chelsea|||||||2026/2027|False|False
361|5795789|2027-05-23|37|Brentford|Hull City|||||||2026/2027|False|False
362|5795790|2027-05-23|37|Brighton & Hove Albion|Liverpool|||||||2026/2027|False|False
363|5795791|2027-05-23|37|Everton|Arsenal|||||||2026/2027|False|False
364|5795792|2027-05-23|37|Fulham|Coventry City|||||||2026/2027|False|False
365|5795793|2027-05-23|37|Leeds United|Sunderland|||||||2026/2027|False|False
366|5795794|2027-05-23|37|Manchester City|Aston Villa|||||||2026/2027|False|False
367|5795795|2027-05-23|37|Newcastle United|Crystal Palace|||||||2026/2027|False|False
368|5795796|2027-05-23|37|Nottingham Forest|Ipswich Town|||||||2026/2027|False|False
369|5795797|2027-05-23|37|Tottenham Hotspur|Manchester United|||||||2026/2027|False|False
370|5795798|2027-05-30|38|Arsenal|Brighton & Hove Albion|||||||2026/2027|False|False
371|5795799|2027-05-30|38|Aston Villa|Tottenham Hotspur|||||||2026/2027|False|False
372|5795800|2027-05-30|38|Chelsea|Brentford|||||||2026/2027|False|False
373|5795801|2027-05-30|38|Coventry City|Nottingham Forest|||||||2026/2027|False|False
374|5795802|2027-05-30|38|Crystal Palace|Leeds United|||||||2026/2027|False|False
375|5795803|2027-05-30|38|Hull City|Newcastle United|||||||2026/2027|False|False
376|5795804|2027-05-30|38|Ipswich Town|Everton|||||||2026/2027|False|False
377|5795805|2027-05-30|38|Liverpool|AFC Bournemouth|||||||2026/2027|False|False
378|5795806|2027-05-30|38|Manchester United|Fulham|||||||2026/2027|False|False
379|5795807|2027-05-30|38|Sunderland|Manchester City|||||||2026/2027|False|False
